code,name,school_category,township_name,pcode_ts,region,pcode_sr,pcode_level,ward_village_name,address,phone,city,status,website,detail_url
MMR013022-PV01,Shwe Pyin Nyar (KMK MYANMAR),PV,South Dagon,MMR013022,Yangon Region,MMR013,township,Near Innwa Housing,"Bldg 1, Myeik St., Near Innwa Housing, Near Thein Chaung Junction, Ward (66),, South Dagon Township, Yangon , Myanmar",09-420426618,Yangon,active,,https://www.edge.com.mm/listing/shwe-pyin-nyar-kmk-myanmar-l170938.html
MMR013018-PV01,Pyin Nyar Kabar,PV,Thaketa,MMR013018,Yangon Region,MMR013,township,Ward (4-North),"21, Myin Taw Thar Rd., Between Oil Shop Bus-Stop & Zay Bus-Stop, Ward (4-North),, Thaketa Township, Yangon , Myanmar","09-5048392, 09-788622600, 09-252889855, 09-965048396",Yangon,active,,https://www.edge.com.mm/listing/pyin-nyar-kabar-l00210163.html
MMR013014-INTL01,STARDOM School of Yangon,INTL,Thingangyun,MMR013014,Yangon Region,MMR013,township,Thuwunna Housing,"Bldg G/7, Than Thu Mar Rd., Thuwunna Housing, Thuwana/Ward [24],, Thingangyun Township, Yangon , Myanmar","09-770803426, 09-254105127, 09-796666399, 09-796266667",Yangon,active,,https://www.edge.com.mm/listing/stardom-school-of-yangon-l00337031.html
MMR013014-PV01,Ahmae Eain (Mother's House),PV,Thingangyun,MMR013014,Yangon Region,MMR013,township,Zar Li Taung Housing,"A/1-2, Thu Mingalar Rd., Zar Li Taung Housing,, Thingangyun Township, Yangon , Myanmar","01-7571785, 09-777773008, 09-777773026, 09-777773028, 09-5146359, 09-450055232",Yangon,active,http://www.mhec-myanmar.com,https://www.edge.com.mm/listing/ahmae-eain-mother-s-house-l135812.html
MMR013027-INTL01,Bawa Thit,INTL,Shwepyitha,MMR013027,Yangon Region,MMR013,township,,"22, Hlaw Gar Rd., Than Lan Bus Stop,, Shwe Pyi Thar Township, Yangon , Myanmar","09-420059906, 09-30385432, 09-32175111",Yangon,active,,https://www.edge.com.mm/listing/bawa-thit-l117663.html
MMR013002-INTL01,Kaung Htet Kyaw,INTL,Bahan,MMR013002,Yangon Region,MMR013,township,Bo Cho Ward (1),"32 (B), Bogyoke Museum St., Near Bogyoke Museum, Bo Cho Ward (1),, Bahan Township, Yangon , Myanmar","01-8603701, 01-8603702, 09-420700008, 09-421168127",Yangon,active,,https://www.edge.com.mm/listing/kaung-htet-kyaw-l00205348.html
MMR013014-INTL02,Lumbini Academy,INTL,Thingangyun,MMR013014,Yangon Region,MMR013,township,,"2/A, Thamardi 4th St.,, Thingangyun Township, Yangon , Myanmar","09-782783200, 09-778654545",Yangon,active,,https://www.edge.com.mm/listing/lumbini-academy-l166194.html
MMR013014-PV02,DPS Private School,PV,Thingangyun,MMR013014,Yangon Region,MMR013,township,Thuwunna Housing Project,"G-5, Than Thu Mar Rd., Thuwunna Housing Project, Thuwana/Ward [24],, Thingangyun Township, Yangon , Myanmar","09-887668511, 09-887668512",Yangon,active,,https://www.edge.com.mm/listing/dps-private-school-l00337963.html
MMR013014-PV03,Shwe Pin Shwe Thee,PV,Thingangyun,MMR013014,Yangon Region,MMR013,township,,"52, Lay Daunt Kan Rd., Between Bawa Myint & BOC Bu-stop,, Thingangyun Township, Yangon , Myanmar","09-799566628, 09-450046135, 09-5192547",Yangon,active,,https://www.edge.com.mm/listing/shwe-pin-shwe-thee-l136733.html
MMR013010-PV01,Winners' Academy,PV,Insein,MMR013010,Yangon Region,MMR013,township,Gyoh Gone (East) Ward,"299, 7th St.(South), Yangon Technological University Teacher Hostels, Gyoh Gone (East) Ward,, Insein Township, Yangon , Myanmar","09-799935851, 09-5118254, 09-765118254",Yangon,active,,https://www.edge.com.mm/listing/winners-academy-l00280668.html
MMR013022-PV02,Shwe Pyin Nyar,PV,South Dagon,MMR013022,Yangon Region,MMR013,township,Near Innwa Housing,"Bldg 1, Myeik St., Near Innwa Housing, Ward (66),, South Dagon Township, Yangon , Myanmar","09-420426618, 09-73082008",Yangon,active,,https://www.edge.com.mm/listing/shwe-pyin-nyar-l170938-29403.html
MMR013023-INTL01,Pyinnyar Tun Tauk,INTL,North Dagon,MMR013023,Yangon Region,MMR013,township,Ward (41),"1247, Bo Min Yaung Rd., Ward (41),, North Dagon Township, Yangon , Myanmar","09-798453205, 09-773698845, 09-444664428",Yangon,active,http://www.pyinnyartuntauk.com.mm,https://www.edge.com.mm/listing/pyinnyar-tun-tauk-l00287161.html
MMR013014-PV04,Htet,PV,Thingangyun,MMR013014,Yangon Region,MMR013,township,(Sa-Lein/Ka) Ward,"29, G and 1st Flr, Yadanar Dipa St., (Sa-Lein/Ka) Ward,, Thingangyun Township, Yangon , Myanmar","09-694891210, 09-420101118, 09-781953201",Yangon,active,,https://www.edge.com.mm/listing/htet-l179849.html
MMR013015-PV01,Pyinnyar Aung Myay,PV,Tamwe,MMR013015,Yangon Region,MMR013,township,Myittar Nyunt Ward,"476/A, Dagon Lwin St., Corner of Mya Lay Yone St., Myittar Nyunt Ward,, Tarmwe Township, Yangon , Myanmar","09-252229990, 09-252229991, 09-252229992, 09-252229993",Yangon,active,,https://www.edge.com.mm/listing/pyinnyar-aung-myay-l00194825.html
MMR013014-PV05,Pyinnyar Nan Taw,PV,Thingangyun,MMR013014,Yangon Region,MMR013,township,VIP (1) Ward,"118A/B, Kyun Shwe Myaing St., Thuwunna, VIP (1) Ward, Bogyoke Ywar,, Thingangyun Township, Yangon , Myanmar","01-577605, 09-970063463",Yangon,active,,https://www.edge.com.mm/listing/pyinnyar-nan-taw-l48634.html
MMR013022-PV03,Shwe Pyin Nyar,PV,South Dagon,MMR013022,Yangon Region,MMR013,township,Innwa Housing,"Bldg 1, Myeik St., Near Thein Chaung Junction, Innwa Housing, Ward (66),, South Dagon Township, Yangon , Myanmar","09-420426618, 09-73082008",Yangon,active,,https://www.edge.com.mm/listing/shwe-pyin-nyar-l170938.html
MMR013011-PV01,Myanmar Education Centre,PV,Mingaladon,MMR013011,Yangon Region,MMR013,township,,"158, Khayay Pin Rd.,, Mingalardon Township, Yangon , Myanmar","09-5102133, 09-5055203",Yangon,active,,https://www.edge.com.mm/listing/myanmar-education-centre-l00208919.html
MMR013034-PV01,Kaung Set,PV,Hmawbi,MMR013034,Yangon Region,MMR013,township,,"24, Myoh Shaung St., Htauk Kyant, Construction Bus-Stop, Near PT Oil Shop,, Hmawbi Township, Yangon , Myanmar","09-425367332, 09-793384095, 09-791299414, 09-251264065",Yangon,active,,https://www.edge.com.mm/listing/kaung-set-l124350.html
MMR013015-PV02,Pyinnyar Aung Myay,PV,Tamwe,MMR013015,Yangon Region,MMR013,township,Myittar Nyunt Ward,"476/A, Dagon Lwin St., Corner of Mya Lay Yone St., Myittar Nyunt Ward,, Tarmwe Township, Yangon , Myanmar","09-252229990, 09-252229991, 09-252229992, 09-252229993",Yangon,active,,https://www.edge.com.mm/listing/pyinnyar-aung-myay-l00194825-33406.html
MMR013023-INTL02,Pyinnyar Tun Tauk/ Pyinnyar Tint Taw,INTL,North Dagon,MMR013023,Yangon Region,MMR013,township,Ward [41],"1247, Bo Min Yaung Rd., Ward [41],, North Dagon Township, Yangon , Myanmar","09-773698845, 09-445339301",Yangon,active,,https://www.edge.com.mm/listing/pyinnyar-tun-tauk-pyinnyar-tint-taw-l00287161.html
MMR009006-PV01,D Padaythar,PV,Amarapura,MMR009006,Mandalay Region,MMR009,township,Lay Su Pan Yan Ward,"East Thein Gyi Market, Lay Su Pan Yan Ward,, Amarapura Township, Mandalay , Myanmar",09-777511125,Mandalay,active,,https://www.edge.com.mm/listing/d-padaythar-u25252415.html
MMR013013-PV01,Lu Yee Chun,PV,North Okkalapa,MMR013013,Yangon Region,MMR013,township,,"Sa Lane/81, Khay Mar Thi 3rd St.,, North Okkalapa Township, Yangon , Myanmar",09-450291262,Yangon,active,,https://www.edge.com.mm/listing/lu-yee-chun-l00223380.html
MMR013007-PV01,Streamline,PV,Mayangone,MMR013007,Yangon Region,MMR013,township,,"24, Mya Sabei St., Parami Ave:,, Mayangone Township, Yangon , Myanmar","01-662304, 01-657694",Yangon,active,http://www.streamlinetlc.com,https://www.edge.com.mm/listing/streamline-l104052.html
MMR013024-PV01,Maw Kon,PV,East Dagon,MMR013024,Yangon Region,MMR013,township,Ward [133],"1111, Kanbawza St., Ward [133],, East Dagon Township, Yangon , Myanmar","09-795636213, 09-443100001",Yangon,active,,https://www.edge.com.mm/listing/maw-kon-l00311738.html
MMR013022-PV04,D Aung Paing IDAP,PV,South Dagon,MMR013022,Yangon Region,MMR013,township,Ward (19),"935, Maung Makan Kan Thar Rd., Near 18 Curve, Ward (19),, South Dagon Township, Yangon , Myanmar","09-452100400, 09-452100500, 09-452100600, 09-452100700",Yangon,active,,https://www.edge.com.mm/listing/d-aung-paing-idap-l00228537.html
MMR013010-PV02,Aung Kaung San,PV,Insein,MMR013010,Yangon Region,MMR013,township,Aung Zeya 2 Story Housing,"19/D, Beside Aung Zeya Bridge, Aung Zeya 2 Story Housing,, Insein Township, Yangon , Myanmar","09-73021085, 09-5059162",Yangon,active,,https://www.edge.com.mm/listing/aung-kaung-san-l154619.html
MMR013015-PV03,Best Choice,PV,Tamwe,MMR013015,Yangon Region,MMR013,township,,"205, 2nd Flr, Top of 138th St., Maou Gone Lane Kyal,, Tarmwe Township, Yangon , Myanmar","09-402829080, 09-420017571",Yangon,active,,https://www.edge.com.mm/listing/best-choice-l00197419.html
MMR013034-PV02,D.YEC [Dr. Yu Education Center],PV,Hmawbi,MMR013034,Yangon Region,MMR013,township,Infront Of Satthwardaw Monastry,"13, Pyay Rd., Infront Of Satthwardaw Monastry, Sat Thwar Taw Village,, Hmawbi Township, Yangon , Myanmar","09-750127676, 09-750127677",Yangon,active,,https://www.edge.com.mm/listing/d-yec-dr-yu-education-center-l00311896.html
MMR013014-PV06,Moe Thauk Pan,PV,Thingangyun,MMR013014,Yangon Region,MMR013,township,,"2, Thu Mingalar Rd., Near Zawana Junction,, Thingangyun Township, Yangon , Myanmar","01-571545, 09-5126882, 09-43122883",Yangon,active,,https://www.edge.com.mm/listing/moe-thauk-pan-l104049.html
MMR013026-PV01,Pyinnyar Tagon,PV,Hlaingtharya,MMR013026,Yangon Region,MMR013,township,Ward (5),"1449/50, Bawga Myaing(1) St, Ward (5),, Hlaing Thar Yar, Yangon , Myanmar","09-43121972, 09-798311058",Yangon,active,,https://www.edge.com.mm/listing/pyinnyar-tagon-l00237928.html
MMR009001-INTL01,Thein Toe Aung,INTL,Aungmyethazan,MMR009001,Mandalay Region,MMR009,township,,"Bet; 9 St. and 10 St. & Bet; 75 St. and 76 St., North No.25 State High School,, Aung Myay Thar Zan Township, Mandalay , Myanmar","09-974444040, 09-254280430",Mandalay,active,,https://www.edge.com.mm/listing/thein-toe-aung-u139624.html
MMR013010-BEMS01,Basic Education Middle School Insein (အခြေခံပညာအလယ်တန်းကျောင်း အင်းစိန်),BEMS,Insein,MMR013010,Yangon Region,MMR013,township,City Golf Housing,"35, Japan St., City Golf Housing,, Insein Township, Yangon , Myanmar",09-946526966,Yangon,active,,https://www.edge.com.mm/listing/mpms-moon-private-middle-school-l00336969.html
MMR013010-BEPS01,Basic Education Primary School Insein (အခြေခံပညာမူလတန်းကျောင်း အင်းစိန်),BEPS,Insein,MMR013010,Yangon Region,MMR013,township,Gyoh Gone [East] Ward,"1/D, 3rd St.(South), Gyoh Gone [East] Ward,, Insein Township, Yangon , Myanmar",09-787787043,Yangon,active,,https://www.edge.com.mm/listing/mpps-moon-private-primary-school-l00336968.html
MMR013003-PV01,Bright Tun (BT),PV,Kamayut,MMR013003,Yangon Region,MMR013,township,Ward (1),"5/B, Khaing Shwe Wah Short St, Yangon -Insein Lane, Ward (1),, Kamaryut Township, Yangon , Myanmar","09-796180273, 09-5141139",Yangon,active,,https://www.edge.com.mm/listing/bright-tun-bt-l147695.html
MMR013015-PV04,GENIUS Learning Academy,PV,Tamwe,MMR013015,Yangon Region,MMR013,township,Myittar Yeik Mon Housing,"E-8, Myittar Yeik Mon Housing, Nat Chaung (5) Ward,, Tarmwe Township, Yangon , Myanmar","09-769061699, 09-769061688",Yangon,active,,https://www.edge.com.mm/listing/genius-learning-academy-l00225123.html
MMR009001-PV01,Kyaw Kyar,PV,Aungmyethazan,MMR009001,Mandalay Region,MMR009,township,Nabae Kyu Ward,"103, 25 St., Between 88 St. and 89 St., Nabae Kyu Ward,, Aung Myay Thar Zan Township, Mandalay , Myanmar","09-2035813, 09-442035813",Mandalay,active,,https://www.edge.com.mm/listing/kyaw-kyar-u139657.html
MMR013023-PV01,AEC,PV,North Dagon,MMR013023,Yangon Region,MMR013,township,Ward (37),"18/19, Pyi Htaung Su Rd., Ward (37),, North Dagon Township, Yangon , Myanmar","09-785316101, 09-095131892, 09-254414031",Yangon,active,,https://www.edge.com.mm/listing/aec-l185564.html
MMR013012-PV01,Aung,PV,South Okkalapa,MMR013012,Yangon Region,MMR013,township,Ward [9],"52/531, Thitsar Rd., Ward [9],, South Okkalapa Township, Yangon , Myanmar",09-443243338,Yangon,active,,https://www.edge.com.mm/listing/aung-l139278.html
MMR013022-PV05,Aung Htoo Htet,PV,South Dagon,MMR013022,Yangon Region,MMR013,township,Ward (57),"1611, Bagan St., 56 Bus Stop, Ward (57),, South Dagon Township, Yangon , Myanmar",09-885188688,Yangon,active,,https://www.edge.com.mm/listing/aung-htoo-htet-l00337970.html
MMR013036-PV01,Aung Su Mon,PV,Taikkyi,MMR013036,Yangon Region,MMR013,township,Ward [4],"18, Bandoola St., Ward [4],, Tike Gyi Township, Yangon , Myanmar","09-963348300, 09-974590931, 09-793611127, 09-789464926, 09-442001888",Yangon,active,,https://www.edge.com.mm/listing/aung-su-mon-l00337978.html
MMR013013-PV02,Aung Tha Pyay,PV,North Okkalapa,MMR013013,Yangon Region,MMR013,township,Hta Wun Bei Ward,"616/617, Thapyay St., Hta Wun Bei Ward,, North Okkalapa Township, Yangon , Myanmar","09-421129669, 09-795878979, 09-774332521",Yangon,active,,https://www.edge.com.mm/listing/aung-tha-pyay-l00337971.html
MMR013010-PV03,Aye Than [U],PV,Insein,MMR013010,Yangon Region,MMR013,township,Pauk Taw Ward,"404/kha/406/407, Yadanar St., Pauk Taw Ward,, Insein Township, Yangon , Myanmar","09-401577148, 09-262383294",Yangon,active,,https://www.edge.com.mm/listing/aye-than-u-l00224311.html
MMR013026-PV02,Bio Myo Sann,PV,Hlaingtharya,MMR013026,Yangon Region,MMR013,township,Ward (16),"28/B/30/A/33/A, Bo Aung Kyaw St., Ward (16),, Hlaing Thar Yar, Yangon , Myanmar","09-440440335, 09-440440337",Yangon,active,,https://www.edge.com.mm/listing/bio-myo-sann-l00323027.html
MMR013026-PV03,Bio San Yu,PV,Hlaingtharya,MMR013026,Yangon Region,MMR013,township,Ward (2),"74, Bo Ba Htoo St., 3 Htate, Ward (2),, Hlaing Thar Yar, Yangon , Myanmar",09-882885830,Yangon,active,,https://www.edge.com.mm/listing/bio-san-yu-l00337937.html
MMR013013-PV03,Bright Top-Star Educare,PV,North Okkalapa,MMR013013,Yangon Region,MMR013,township,Nga Ward,"172, Bayint Naung St., Nga Ward,, North Okkalapa Township, Yangon , Myanmar",09-890199949,Yangon,active,,https://www.edge.com.mm/listing/bright-top-star-educare-l00337950.html
MMR013029-PV01,Brown Academy,PV,Latha,MMR013029,Yangon Region,MMR013,township,,"135, Sint Oh Dan St.,, Latha Township, Yangon , Myanmar",09-453617988,Yangon,active,,https://www.edge.com.mm/listing/brown-academy-l00221082.html
MMR009007-PV01,Champion,PV,Patheingyi,MMR009007,Mandalay Region,MMR009,township,Kyi Kone Ward,"97, Myoth Oo Lane [5], Kyi Kone Ward, Myoth Ma Ward,, Patheingyi Township, Mandalay , Myanmar",09-5089107,Mandalay,active,,https://www.edge.com.mm/listing/champion-u00424341.html
MMR013027-PV01,Cherry Yeik [Pyinnyar Yeik Mon],PV,Shwepyitha,MMR013027,Yangon Region,MMR013,township,Ward [2],"34/50, Min St., Ward [2],, Shwe Pyi Thar Township, Yangon , Myanmar",09-950794814,Yangon,active,,https://www.edge.com.mm/listing/cherry-yeik-pyinnyar-yeik-mon-l152041.html
MMR013006-PV01,City Child Private School,PV,Hlaing,MMR013006,Yangon Region,MMR013,township,Ward [7],"184/C, Dhama Thukha Kyaung Lane (1), Ward [7],, Hlaing Township, Yangon , Myanmar","09-43151930, 09-250493835, 09-440714893, 01-7521085",Yangon,active,,https://www.edge.com.mm/listing/city-child-private-school-l00337951.html
MMR013023-INTL03,DHS Private School,INTL,North Dagon,MMR013023,Yangon Region,MMR013,township,Ward [28],"891/904, Aung Mingalar St., Ward [28],, North Dagon Township, Yangon , Myanmar","09-798183761, 09-966314523",Yangon,active,,https://www.edge.com.mm/listing/dhs-private-school-l170678.html
MMR013013-PV04,DPS Private School,PV,North Okkalapa,MMR013013,Yangon Region,MMR013,township,Tadar Gyee Ward,"251/Ga, Airport Rd., Tadar Gyee Ward,, North Okkalapa Township, Yangon , Myanmar","09-255557922, 09-255557911",Yangon,active,,https://www.edge.com.mm/listing/dps-private-school-l00289410.html
MMR013014-PV07,"Digital Royal Net Solution Co.,Ltd.",PV,Thingangyun,MMR013014,Yangon Region,MMR013,township,Yeik Thar 4th St.,"110, Yeik Thar 4th St., Lay Daunt Kan Ward,, Thingangyun Township, Yangon , Myanmar","09-5166075, 09-775551187",Yangon,active,,https://www.edge.com.mm/listing/digital-royal-net-solution-co-ltd-l00263610.html
MMR013015-PV05,EC Education Centre,PV,Tamwe,MMR013015,Yangon Region,MMR013,township,Nat Mauk Ward,"6/ A, Nat Mauk Rd., Near UNDP Office, Nat Mauk Ward,, Tarmwe Township, Yangon , Myanmar","09-264200058, 09-264200057, 09-421028654",Yangon,active,,https://www.edge.com.mm/listing/ec-education-centre-l40527.html
MMR013026-PV04,ESA,PV,Hlaingtharya,MMR013026,Yangon Region,MMR013,township,Ward (15),"1114, Kyan Sit Thar St., Ward (15),, Hlaing Thar Yar, Yangon , Myanmar","09-261726995, 09-425160536",Yangon,active,,https://www.edge.com.mm/listing/esa-l00230332.html
MMR013014-PV08,First Step Sunshine,PV,Thingangyun,MMR013014,Yangon Region,MMR013,township,Ward (23),"117, Kyun Shwe Myaing St., Ward (23),, Thingangyun Township, Yangon , Myanmar","09-777410686, 09-777410598, 09-250720714",Yangon,active,,https://www.edge.com.mm/listing/first-step-sunshine-l00306355-13895.html
MMR013013-INTL01,Gakken Classroom Myanmar,INTL,North Okkalapa,MMR013013,Yangon Region,MMR013,township,Ga Gyi Ward,"251, Wai Pon La 6th St., Ga Gyi Ward,, North Okkalapa Township, Yangon , Myanmar","09-775848447, 09-750361533",Yangon,active,,https://www.edge.com.mm/listing/gakken-classroom-myanmar-l00311948.html
MMR013024-PV02,Galaxy A2,PV,East Dagon,MMR013024,Yangon Region,MMR013,township,Ward [13],"1238, Kyan Sit Thar Rd., Ward [13],, East Dagon Township, Yangon , Myanmar","09-256820447, 09-256820443",Yangon,active,,https://www.edge.com.mm/listing/galaxy-a2-l00337960.html
MMR013026-PV05,Gone Htoo U Htoo Aung,PV,Hlaingtharya,MMR013026,Yangon Region,MMR013,township,Ward (26),"159, Shwe Padaethar 5th St., Ward (26),, Hlaing Thar Yar, Yangon , Myanmar","09-421707025, 09-421019463",Yangon,active,,https://www.edge.com.mm/listing/gone-htoo-u-htoo-aung-l00286023.html
MMR013019-INTL01,Grand Assocation of Technology & Education [G.A.T.E],INTL,Pazundaung,MMR013019,Yangon Region,MMR013,township,,"54/56, 53rd St., Upper Middle Block,, Pazundaung Township, Yangon , Myanmar","01-710510, 09-972035165, 09-972085165",Yangon,active,,https://www.edge.com.mm/listing/grand-assocation-of-technology-education-g-a-t-e-l00195083.html
MMR013007-PV02,Great Light,PV,Mayangone,MMR013007,Yangon Region,MMR013,township,Ward (1),"7, Thamaing Butar Yone 2nd St., Ward (1),, Mayangone Township, Yangon , Myanmar","09-250433688, 09-254464090",Yangon,active,,https://www.edge.com.mm/listing/great-light-l163207.html
MMR009002-PV01,Guiding Star,PV,Chanayethazan,MMR009002,Mandalay Region,MMR009,township,,"21/12, Bet; 32 St. and 33 St. & Bet; 70 St. and 71 St., Sabai Lane., Yan Myo Lon,, Chan Aye Thar Zan Township, Mandalay , Myanmar","09-2018042, 09-2022895",Mandalay,active,,https://www.edge.com.mm/listing/guiding-star-u248465.html
MMR013033-PV01,Harmoni,PV,Dala,MMR013033,Yangon Region,MMR013,township,Banyar Dala Ward,"1372, Bogyoke 1st St., Banyar Dala Ward,, Dala Township, Yangon , Myanmar","09-31118206, 01-269144, 09-250172207",Yangon,active,,https://www.edge.com.mm/listing/harmoni-l84579.html
MMR013006-PV02,Hti Yauk,PV,Hlaing,MMR013006,Yangon Region,MMR013,township,Ward (16),"93/95, Marlar Myaing 7th St., Ward (16),, Hlaing Township, Yangon , Myanmar","09-971864921, 09-254378878",Yangon,active,,https://www.edge.com.mm/listing/hti-yauk-l106374.html
MMR013026-INTL01,International Language & Management Centre [ILMC],INTL,Hlaingtharya,MMR013026,Yangon Region,MMR013,township,,"5, 17th St.,, Hlaing Thar Yar, Yangon , Myanmar","09-764303042, 09-884363939",Yangon,active,,https://www.edge.com.mm/listing/international-language-management-centre-ilmc-l145211.html
MMR013006-INTL01,International School of Myanmar[ISM],INTL,Hlaing,MMR013006,Yangon Region,MMR013,township,Mya Kan Thar Housing,"W/22, Mya Kan Thar St., Mya Kan Thar Housing,, Hlaing Township, Yangon , Myanmar","09-443075904, 09-443075901",Yangon,active,,https://www.edge.com.mm/listing/international-school-of-myanmar-ism-l88240.html
MMR013034-INTL01,KSY,INTL,Hmawbi,MMR013034,Yangon Region,MMR013,township,Myoma (1) Ward,"589/B, Paw Taw Mu Pagoda 1st St., Myoma (1) Ward,, Hmawbi Township, Yangon , Myanmar","09-421123380, 09-421123381",Yangon,active,,https://www.edge.com.mm/listing/ksy-l00311787.html
MMR013027-PV02,Kant Kaw Pann,PV,Shwepyitha,MMR013027,Yangon Region,MMR013,township,Ward [2],"29/402, Bogyoke Aung San Rd., Ward [2],, Shwe Pyi Thar Township, Yangon , Myanmar","09-420112094, 09-269101381",Yangon,active,,https://www.edge.com.mm/listing/kant-kaw-pann-l00227400.html
MMR013034-PV03,Kaung Set,PV,Hmawbi,MMR013034,Yangon Region,MMR013,township,Than Tadar Village,"40, Myoh Shaung St., Near Than Tadar, Than Tadar Village,, Hmawbi Township, Yangon , Myanmar","09-789953361, 09-420144857, 09-798239156",Yangon,active,,https://www.edge.com.mm/listing/kaung-set-l00337322.html
MMR013001-PV01,Kaung Sone,PV,Dagon,MMR013001,Yangon Region,MMR013,township,Pyay [West] Ward,"54/A, Ahlone Rd., Pyay [West] Ward,, Dagon Township, Yangon , Myanmar","09-250312020, 09-894484448, 09-894484449",Yangon,active,,https://www.edge.com.mm/listing/kaung-sone-l165340.html
MMR013027-INTL02,Kaung Su San,INTL,Shwepyitha,MMR013027,Yangon Region,MMR013,township,Ward [23],"29/5/6/7/8, No.(4) Main Rd., Ward [23], Bone Shay Gone Village,, Shwe Pyi Thar Township, Yangon , Myanmar","09-5036130, 09-798989886",Yangon,active,,https://www.edge.com.mm/listing/kaung-su-san-l00227322.html
MMR013013-PV05,Kyal Sin Su-1,PV,North Okkalapa,MMR013013,Yangon Region,MMR013,township,Sa Lone Ward,"26, Thu Nandar 16th St, Sa Lone Ward,, North Okkalapa Township, Yangon , Myanmar","09-261654166, 09-252072626",Yangon,active,,https://www.edge.com.mm/listing/kyal-sin-su-1-l00208662.html
MMR013026-PV06,Kyaw Swe [U],PV,Hlaingtharya,MMR013026,Yangon Region,MMR013,township,Ward (9),"759/760/761/808, Sagaing St., Ward (9),, Hlaing Thar Yar, Yangon , Myanmar","09-250078734, 09-43091058, 09-755350474, 09-425019201",Yangon,active,,https://www.edge.com.mm/listing/kyaw-swe-u-l00278875.html
MMR013018-PV02,Lamin Thar,PV,Thaketa,MMR013018,Yangon Region,MMR013,township,Mya Khwar Nyo Housing (Aung Kaung Kyaw),"Mya Khwar Nyo Housing (Aung Kaung Kyaw),, Thaketa Township, Yangon , Myanmar",09-256160839,Yangon,active,,https://www.edge.com.mm/listing/lamin-thar-l00213399.html
MMR013008-PV01,MEC [Mingalar Education Center],PV,Sanchaung,MMR013008,Yangon Region,MMR013,township,Sanchaung [North] Ward,"77, San Chaung St., Sanchaung [North] Ward,, Sanchaung Township, Yangon , Myanmar","09-43323535, 09-253678077, 09-778744557",Yangon,active,,https://www.edge.com.mm/listing/mec-mingalar-education-center-l182447.html
MMR013025-PV01,Mahar Nwe Private School,PV,Dagon Seikkan,MMR013025,Yangon Region,MMR013,township,Chin Twin Yeik Mon Housing,"3, Mingalar St., Chin Twin Yeik Mon Housing, Ward [92],, Dagon Seikkan Township, Yangon , Myanmar","09-445343693, 09-5043418",Yangon,active,,https://www.edge.com.mm/listing/mahar-nwe-private-school-l148250.html
MMR013024-PV03,Mahar Tharaphu,PV,East Dagon,MMR013024,Yangon Region,MMR013,township,Ward (5),"653/1, Min Ye Kyaw Swar Rd., Corner of U Hein Soon St., Ward (5),, East Dagon Township, Yangon , Myanmar","09-254781104, 09-452233376",Yangon,active,,https://www.edge.com.mm/listing/mahar-tharaphu-l00264627.html
MMR013010-PV04,Majestic,PV,Insein,MMR013010,Yangon Region,MMR013,township,Saw Bwar Gyi Gone Ward,"51, Aung Thitsar St., Htan Pin Gone, Saw Bwar Gyi Gone Ward,, Insein Township, Yangon , Myanmar","09-785070245, 09-750071854, 09-750066487",Yangon,active,,https://www.edge.com.mm/listing/majestic-l00215143.html
MMR013010-PV05,Majestic Dynasty,PV,Insein,MMR013010,Yangon Region,MMR013,township,Kwet Thit Ward,"21/69, Kwet Thit 2nd St., Kwet Thit Ward,, Insein Township, Yangon , Myanmar","09-666686111, 09-750071854, 09-785070245",Yangon,active,,https://www.edge.com.mm/listing/majestic-dynasty-l00337962.html
MMR009005-PV01,Mandalay Special Education Center [MSEC],PV,Pyigyitagon,MMR009005,Mandalay Region,MMR009,township,,"Myoth Ma Auyin St., Garden City Apartment, Ngwe Taw Kyi Gon,, Pyigyi Tagon Township, Mandalay , Myanmar",09-797116945,Mandalay,active,,https://www.edge.com.mm/listing/mandalay-special-education-center-msec-u243086.html
MMR013022-PV06,Maung Ma Kan,PV,South Dagon,MMR013022,Yangon Region,MMR013,township,Ward (18),"63/65, Maung Makan Kan Thar Rd., Ward (18),, South Dagon Township, Yangon , Myanmar","09-965023030, 09-400427293",Yangon,active,,https://www.edge.com.mm/listing/maung-ma-kan-l00230434.html
MMR013028-PV01,Mercury,PV,Lanmadaw,MMR013028,Yangon Region,MMR013,township,Ward [2],"48/50, Kaing Dan St., Ward [2],, Lanmadaw Township, Yangon , Myanmar",09-981818887,Yangon,active,,https://www.edge.com.mm/listing/mercury-l00337941.html
MMR013024-PV04,Miba Yeik Aung Myay,PV,East Dagon,MMR013024,Yangon Region,MMR013,township,Near Yeik Thar Bus Stop,"No.(2) Main Rd., Near Yeik Thar Bus Stop, Thone Khwa Ward,, East Dagon Township, Yangon , Myanmar","09-943241679, 09-782076883",Yangon,active,,https://www.edge.com.mm/listing/miba-yeik-aung-myay-l00206212.html
MMR013026-PV07,Min Min Oo [U],PV,Hlaingtharya,MMR013026,Yangon Region,MMR013,township,Ward (10),"41/A, Sa Lin St., Ward (10),, Hlaing Thar Yar, Yangon , Myanmar",09-795222990,Yangon,active,,https://www.edge.com.mm/listing/min-min-oo-u-l119261.html
MMR009004-PV01,Moe Tauk Pan,PV,Chanmyathazi,MMR009004,Mandalay Region,MMR009,township,,"Ka Ka-4/10,11, 101th A St., Between 56th St. and 57th St., Kan Thayar Myo Thit,, Chan Mya Tharsi Township, Mandalay , Myanmar","09-782012894, 09-402012894",Mandalay,active,,https://www.edge.com.mm/listing/moe-tauk-pan-u220515.html
MMR013007-PV03,Moe [2],PV,Mayangone,MMR013007,Yangon Region,MMR013,township,Ward [1],"37/38, Nat Shin Naung St., Ward [1],, Mayangone Township, Yangon , Myanmar","09-420296386, 09-780694682, 09-756687393, 09-698525891",Yangon,active,,https://www.edge.com.mm/listing/moe-2-l00337944.html
MMR013026-PV08,Moe[1],PV,Hlaingtharya,MMR013026,Yangon Region,MMR013,township,Ward (9),"364, Sittway St., Ward (9),, Hlaing Thar Yar, Yangon , Myanmar","09-961753208, 09-420296386, 09-756687393, 09-981133855, 09-666483270",Yangon,active,,https://www.edge.com.mm/listing/moe-1-l183917.html
MMR013012-PV02,Mya Myint Moh,PV,South Okkalapa,MMR013012,Yangon Region,MMR013,township,Ward [7],"1135/B, Thitsar Rd., Near Pha Yar Lane Bus Stop, Ward [7],, South Okkalapa Township, Yangon , Myanmar","09-5160046, 09-263832985",Yangon,active,,https://www.edge.com.mm/listing/mya-myint-moh-l00337942.html
MMR013011-PV02,Myanmar Education Centre [MEC],PV,Mingaladon,MMR013011,Yangon Region,MMR013,township,(2/Ka) Ward,"59/60/61, Padauk St., (2/Ka) Ward,, Mingalardon Township, Yangon , Myanmar","09-5055203, 09-5102133, 09-955102133, 09-985055203",Yangon,active,,https://www.edge.com.mm/listing/myanmar-education-centre-mec-l00200852.html
MMR013026-PV09,Myanmar Myay M3,PV,Hlaingtharya,MMR013026,Yangon Region,MMR013,township,Ward (1),"13/6, P Moe Ninn St., Myittar Paung Kuu Tadar, Ward (1),, Hlaing Thar Yar, Yangon , Myanmar","09-423666205, 09-955989229",Yangon,active,,https://www.edge.com.mm/listing/myanmar-myay-m3-l00217807.html
MMR013023-PV02,Myat Arr Marn,PV,North Dagon,MMR013023,Yangon Region,MMR013,township,Ward [29],"754/756, Thakhin Ba Sein St., Ward [29],, North Dagon Township, Yangon , Myanmar",09-5077962,Yangon,active,,https://www.edge.com.mm/listing/myat-arr-marn-l186010.html
MMR013027-PV03,Myint Moh Yeik,PV,Shwepyitha,MMR013027,Yangon Region,MMR013,township,Ward (15),"5, Hlaw Gar Rd., Phayar Lay Bus Stop, Ward (15),, Shwe Pyi Thar Township, Yangon , Myanmar",09-790634542,Yangon,active,,https://www.edge.com.mm/listing/myint-moh-yeik-l188746.html
MMR013012-INTL01,Myint Myat Pyinnyar,INTL,South Okkalapa,MMR013012,Yangon Region,MMR013,township,Ward [12],"973/976, Myittar Rd., Ward [12],, South Okkalapa Township, Yangon , Myanmar","09-951384733, 09-251794894, 09-260922725",Yangon,active,,https://www.edge.com.mm/listing/myint-myat-pyinnyar-l177588.html
MMR013003-PV02,Myoma Gone,PV,Kamayut,MMR013003,Yangon Region,MMR013,township,Aung Myaytharsi Housing (West),"29, Nilar St., Aung Myaytharsi Housing (West),, Kamaryut Township, Yangon , Myanmar","09-781900187, 09-781900186",Yangon,active,,https://www.edge.com.mm/listing/myoma-gone-l170560.html
MMR013023-PV03,N3,PV,North Dagon,MMR013023,Yangon Region,MMR013,township,Ward [41],"Hta-197-1/2, Yarzadirit Rd., Between Bo Min Yaung Rd. and U Wisara Rd., Ward [41],, North Dagon Township, Yangon , Myanmar","09-5406546, 09-799564267, 09-772137576",Yangon,active,,https://www.edge.com.mm/listing/n3-l141688.html
MMR013018-PV03,Nawarat,PV,Thaketa,MMR013018,Yangon Region,MMR013,township,Ward [10/North],"19[Ka/Kha/Ga], Lel Yar 3rd St., Ward [10/North],, Thaketa Township, Yangon , Myanmar","09-266667077, 09-420145862",Yangon,active,,https://www.edge.com.mm/listing/nawarat-l150935.html
MMR013020-PV01,New Bridge,PV,Thanlyin,MMR013020,Yangon Region,MMR013,township,Htut Khaung Housing,"192/193, Yadanar 5th St., Htut Khaung Housing, Myoh Haung (West) Ward,, Than Lyin Township, Yangon , Myanmar","09-773773775, 09-768865123",Yangon,active,,https://www.edge.com.mm/listing/new-bridge-l00263037.html
MMR013009-INTL01,New Land,INTL,Yankin,MMR013009,Yangon Region,MMR013,township,Ward (14),"34/A, Phoe Yarzar St., Ward (14),, Yankin Township, Yangon , Myanmar","09-456226661, 09-456226660",Yangon,active,,https://www.edge.com.mm/listing/new-land-l00220625.html
MMR013018-PV04,New Lighter,PV,Thaketa,MMR013018,Yangon Region,MMR013,township,Ah Naw Mar Ward (1),"45/47/49/51, Zingama Rd., Corner of Anawmar St., Ah Naw Mar Ward (1),, Thaketa Township, Yangon , Myanmar","09-973755077, 09-951559642",Yangon,active,,https://www.edge.com.mm/listing/new-lighter-l30964.html
MMR013006-PV03,New School,PV,Hlaing,MMR013006,Yangon Region,MMR013,township,Ward [3],"10, Hlaing Yadanar Mon 6th St., Ward [3],, Hlaing Township, Yangon , Myanmar","09-441571020, 09-250642229",Yangon,active,,https://www.edge.com.mm/listing/new-school-l00337965.html
MMR013015-PV06,New School,PV,Tamwe,MMR013015,Yangon Region,MMR013,township,Myanma Gone Yaung Housing,"37, Gandamar St., Myanma Gone Yaung Housing, Bolein Aung Mingalar Ward,, Tarmwe Township, Yangon , Myanmar","09-441571020, 09-943951002",Yangon,active,,https://www.edge.com.mm/listing/new-school-l00337961.html
MMR013013-INTL02,New School,INTL,North Okkalapa,MMR013013,Yangon Region,MMR013,township,Ta Ta Lin Cheik Ward,"1101/B, Thudhamar Rd., Ta Ta Lin Cheik Ward,, North Okkalapa Township, Yangon , Myanmar","09-441571022, 09-441571020, 09-977432867, 09-943951002",Yangon,active,,https://www.edge.com.mm/listing/new-school-l00337959.html
MMR013010-PV06,Nurture,PV,Insein,MMR013010,Yangon Region,MMR013,township,Nant Thar Gone Ward,"47, Lan Thit Rd., Insein Park, Nant Thar Gone Ward,, Insein Township, Yangon , Myanmar","09-256666907, 09-442631545, 09-409947700, 09-442631544",Yangon,active,,https://www.edge.com.mm/listing/nurture-l00337969.html
MMR013028-PV02,Nyaung Pin Lay,PV,Lanmadaw,MMR013028,Yangon Region,MMR013,township,Lan Thit Yeik Thar,"Bldg 8/9, Phone Gyee St., San Pya Cinema, Lan Thit Yeik Thar, Ward [11],, Lanmadaw Township, Yangon , Myanmar","09-400211966, 09-769991966",Yangon,active,,https://www.edge.com.mm/listing/nyaung-pin-lay-l00337923.html
MMR013012-PV03,Our Inspiration Academic Center [OIAC],PV,South Okkalapa,MMR013012,Yangon Region,MMR013,township,Ward [9],"323, Thitsar Rd., Near Ponami Bus Stop, Ward [9],, South Okkalapa Township, Yangon , Myanmar","09-43070190, 09-43070191, 09-764370191, 09-767770191",Yangon,active,,https://www.edge.com.mm/listing/our-inspiration-academic-center-oiac-l00201140.html
MMR013011-PV03,P.S.H Private School,PV,Mingaladon,MMR013011,Yangon Region,MMR013,township,Gu Gyi Kone Village,"3/15, Tharaphi St., Lan Thit Bus Stop, Gu Gyi Kone Village,, Mingalardon Township, Yangon , Myanmar","09-788837748, 09-43064090",Yangon,active,,https://www.edge.com.mm/listing/p-s-h-private-school-l137080.html
MMR013026-PV10,PTEC,PV,Hlaingtharya,MMR013026,Yangon Region,MMR013,township,Phwint Phyo Aung Housing,"71/72, Kyan Sit Thar St., Phwint Phyo Aung Housing, Ward (6),, Hlaing Thar Yar, Yangon , Myanmar","09-429193260, 09-421002248",Yangon,active,,https://www.edge.com.mm/listing/ptec-l00311712.html
MMR013011-PV04,Pearl,PV,Mingaladon,MMR013011,Yangon Region,MMR013,township,Pearl Myoe Thit Ward (1),"77, Ngu Wah St., Pearl Myoe Thit Ward (1),, Mingalardon Township, Yangon , Myanmar","09-456399991, 09-456399992, 09-5158851",Yangon,active,,https://www.edge.com.mm/listing/pearl-l00321628.html
MMR013023-PV04,Pin Lon Rose,PV,North Dagon,MMR013023,Yangon Region,MMR013,township,Shwe Pin Lon Housing,"63/64/65, Bayint Naung Rd., Shwe Pin Lon Housing,, North Dagon Township, Yangon , Myanmar","09-43193522, 09-2400261",Yangon,active,,https://www.edge.com.mm/listing/pin-lon-rose-l141320.html
MMR013011-PV05,Point,PV,Mingaladon,MMR013011,Yangon Region,MMR013,township,3 Extension Ward,"3/527, Tapin Shwe Htee St., Htauk Kyant, 3 Extension Ward,, Mingalardon Township, Yangon , Myanmar","09-453522556, 09-5058961",Yangon,active,,https://www.edge.com.mm/listing/point-l00337993.html
MMR013002-INTL02,Premium International School,INTL,Bahan,MMR013002,Yangon Region,MMR013,township,,"53/A, Phoe Sein Rd.,, Bahan Township, Yangon , Myanmar",09-446446401,Yangon,active,,https://www.edge.com.mm/listing/premium-international-school-l00334533.html
MMR013014-PV09,PyinNyar Myinn Mo,PV,Thingangyun,MMR013014,Yangon Region,MMR013,township,Thiri Gon Housing,"38, Waizayantar Rd., Thiri Gon Housing,, Thingangyun Township, Yangon , Myanmar","09-5501580, 09-73004720",Yangon,active,,https://www.edge.com.mm/listing/pyinnyar-myinn-mo-l131424.html
MMR013022-PV07,Pyinnar Shae Shaung,PV,South Dagon,MMR013022,Yangon Region,MMR013,township,Ward (18),"227/B, Si Pin Rd., Ward (18),, South Dagon Township, Yangon , Myanmar","09-750300601, 09-977015326, 09-420860850",Yangon,active,,https://www.edge.com.mm/listing/pyinnar-shae-shaung-l00337981.html
MMR013026-PV11,Pyinnyar Myo Set,PV,Hlaingtharya,MMR013026,Yangon Region,MMR013,township,Ward (6),"2/Sa , Kyan Sit Thar St., Aung Zeya City, Ward (6),, Hlaing Thar Yar, Yangon , Myanmar",09-951911758,Yangon,active,,https://www.edge.com.mm/listing/pyinnyar-myo-set-l00213236.html
MMR013014-PV10,Pyinnyar Nan Daw,PV,Thingangyun,MMR013014,Yangon Region,MMR013,township,Thuwana/Ward [24],"G-1/B, Padonmar St., Corner of Than Thu Mar Rd., Thuwana/Ward [24],, Thingangyun Township, Yangon , Myanmar","09-942992999, 09-5135532, 09-448010219, 09-970063463, 09-882543198",Yangon,active,,https://www.edge.com.mm/listing/pyinnyar-nan-daw-l119981.html
MMR013015-PV07,Pyinnyar San,PV,Tamwe,MMR013015,Yangon Region,MMR013,township,U Chit Maung Housing,"23, West Race Course Rd., U Chit Maung Housing,, Tarmwe Township, Yangon , Myanmar","09-5141637, 09-450480182, 09-450480184",Yangon,active,,https://www.edge.com.mm/listing/pyinnyar-san-l00336680-36492.html
MMR013018-PV05,Pyinnyar Shwe Pyi,PV,Thaketa,MMR013018,Yangon Region,MMR013,township,Htu Par Yon Ward (1),"721, Zingama Rd., Htu Par Yon Ward (1),, Thaketa Township, Yangon , Myanmar","09-250280016, 09-795741814",Yangon,active,,https://www.edge.com.mm/listing/pyinnyar-shwe-pyi-l00312869.html
MMR013024-PV05,Pyinnyar Tint Tal,PV,East Dagon,MMR013024,Yangon Region,MMR013,township,Ward [11],"357, Bo Min Khaung St., Corner of Ayeyarwaddy St., Ward [11],, East Dagon Township, Yangon , Myanmar","09-972656961, 09-974732650",Yangon,active,,https://www.edge.com.mm/listing/pyinnyar-tint-tal-l00337991.html
MMR013030-PV01,RSPS [Rising Sun Private School],PV,Kyimyindaing,MMR013030,Yangon Region,MMR013,township,Thar Du [East] Ward,"3, Bo Saw Oo St., Thar Du [East] Ward,, Kyeemyindaing Township, Yangon , Myanmar","09-448000913, 09-5190260",Yangon,active,,https://www.edge.com.mm/listing/rsps-rising-sun-private-school-l00307924.html
MMR013015-PV08,RSPS [Rising Sun Private School],PV,Tamwe,MMR013015,Yangon Region,MMR013,township,Byine Yay Ohe Sin Ywar Ma Ward,"Bldg 10, 152th St., Byine Yay Ohe Sin Ywar Ma Ward,, Tarmwe Township, Yangon , Myanmar","09-448000913, 09-5190260, 09-5003325",Yangon,active,,https://www.edge.com.mm/listing/rsps-rising-sun-private-school-l00337932.html
MMR013018-PV06,Royal,PV,Thaketa,MMR013018,Yangon Region,MMR013,township,Ward [2/South],"1138, Thumana St., Ward [2/South],, Thaketa Township, Yangon , Myanmar","09-43142495, 09-43030352",Yangon,active,,https://www.edge.com.mm/listing/royal-l00337990.html
MMR013018-PV07,Royal,PV,Thaketa,MMR013018,Yangon Region,MMR013,township,Ward (4-South),"536, Myin Taw Thar Rd., Ward (4-South),, Thaketa Township, Yangon , Myanmar","09-43142495, 09-43030352",Yangon,active,,https://www.edge.com.mm/listing/royal-l170937.html
MMR013007-PV04,Royal Nawarat,PV,Mayangone,MMR013007,Yangon Region,MMR013,township,Aung Tha Pyay Yeik Thar,"17/B, Aung Theiddi St., Aung Tha Pyay Yeik Thar, Ward (3),, Mayangone Township, Yangon , Myanmar","09-966292089, 09-254346840, 09-5039716",Yangon,active,,https://www.edge.com.mm/listing/royal-nawarat-l146969.html
MMR013026-PV12,SMEC [Saya Myo Education Centre],PV,Hlaingtharya,MMR013026,Yangon Region,MMR013,township,Ward (9),"670/671, Min Boo St., Near B.E.M.S (10), Ward (9),, Hlaing Thar Yar, Yangon , Myanmar","09-263041484, 09-420115151, 09-5089637",Yangon,active,,https://www.edge.com.mm/listing/smec-saya-myo-education-centre-l00323871-16936.html
MMR013023-PV05,San Myint Maw,PV,North Dagon,MMR013023,Yangon Region,MMR013,township,Ward [45],"1094, Set Hmu Lel Yar St., Corner of Kyae Yay St., Ward [45],, North Dagon Township, Yangon , Myanmar","09-450015764, 09-5084572, 09-788948086",Yangon,active,,https://www.edge.com.mm/listing/san-myint-maw-l00212842.html
MMR013008-BEPS15,Basic Education Primary School No. 15 Sanchaung (အမှတ် (15) အခြေခံပညာမူလတန်းကျောင်း စမ်းချောင်း (အ.မ.က 15 စမ်းချောင်း)),BEPS,Sanchaung,MMR013008,Yangon Region,MMR013,township,Hone Lan Ward,"Pann Hlaing St., Between Pann Hlaing 2nd St. and Pann Hlaing 1st St., Hone Lan Ward,, Sanchaung Township, Yangon , Myanmar",09-421035064,Yangon,active,,https://www.edge.com.mm/listing/sanchaung-b-e-p-s-15-l44383.html
MMR013023-PV06,Sann Myint Maw,PV,North Dagon,MMR013023,Yangon Region,MMR013,township,Ward (45),"1158, Bo Cho 3rd St., Ward (45),, North Dagon Township, Yangon , Myanmar","09-5084572, 09-764000076, 09-454545790",Yangon,active,,https://www.edge.com.mm/listing/sann-myint-maw-l00290350.html
MMR013014-PV11,Saya Soe Genius,PV,Thingangyun,MMR013014,Yangon Region,MMR013,township,Thuwana/Ward [29],"110/111, Paw San Hmwe St., Thuwana/Ward [29],, Thingangyun Township, Yangon , Myanmar","09-882277826, 09-420115634, 09-767100011",Yangon,active,,https://www.edge.com.mm/listing/saya-soe-genius-l00337972.html
MMR013025-PV02,Seik Kann Thar,PV,Dagon Seikkan,MMR013025,Yangon Region,MMR013,township,Ward (90),"1213/1214, Kwan Art Thar Min Thar St., Near 89 Junction, Ward (90),, Dagon Seikkan Township, Yangon , Myanmar","09-798441065, 09-443366837, 09-443366839",Yangon,active,,https://www.edge.com.mm/listing/seik-kann-thar-l00307118.html
MMR013026-PV13,Shwe Pyi Hlwan,PV,Hlaingtharya,MMR013026,Yangon Region,MMR013,township,Ward (23),"1068, Bo Aung Kyaw St., Ward (23),, Hlaing Thar Yar, Yangon , Myanmar",09-428618202,Yangon,active,,https://www.edge.com.mm/listing/shwe-pyi-hlwan-l119238.html
MMR013022-PV08,Shwe Pyi Soe,PV,South Dagon,MMR013022,Yangon Region,MMR013,township,Ward (65),"18, Sithu St., Corner of Pearl Kan St., Ward (65),, South Dagon Township, Yangon , Myanmar","09-972568515, 09-981177963",Yangon,active,,https://www.edge.com.mm/listing/shwe-pyi-soe-l106048.html
MMR013008-PV02,Silicon,PV,Sanchaung,MMR013008,Yangon Region,MMR013,township,Sanchaung (South) Ward,"18, Min St., Sanchaung (South) Ward,, Sanchaung Township, Yangon , Myanmar","09-5333323, 09-269334170",Yangon,active,,https://www.edge.com.mm/listing/silicon-l177655.html
MMR013026-INTL02,Smart ILMC(International Language & Management Centre),INTL,Hlaingtharya,MMR013026,Yangon Region,MMR013,township,Nawaday Housing,"53/2, Chin Su St., Nawaday Housing,, Hlaing Thar Yar, Yangon , Myanmar",09-256084256,Yangon,active,,https://www.edge.com.mm/listing/smart-ilmc-international-language-management-centre-l00337946.html
MMR013013-PV06,Standard Two,PV,North Okkalapa,MMR013013,Yangon Region,MMR013,township,Shwe Paukkan Ward,"14/7/882, Phoe Yarzar 3rd St., Shwe Paukkan Ward,, North Okkalapa Township, Yangon , Myanmar","09-5406373, 09-400700475",Yangon,active,,https://www.edge.com.mm/listing/standard-two-l00337939.html
MMR013023-PV07,Success,PV,North Dagon,MMR013023,Yangon Region,MMR013,township,Ward [29],"20[Ka/Kha], Pin Lon Rd., Ward [29],, North Dagon Township, Yangon , Myanmar",09-442628741,Yangon,active,,https://www.edge.com.mm/listing/success-l00316543.html
MMR013002-PV01,Sunrise Language Academy,PV,Bahan,MMR013002,Yangon Region,MMR013,township,Bo Cho Ward [2],"50/G, Nat Mauk 1st Lane., Bo Cho Ward [2],, Bahan Township, Yangon , Myanmar","09-5189450, 09-450002855",Yangon,active,,https://www.edge.com.mm/listing/sunrise-language-academy-l00333794.html
MMR013011-PV06,Swel Sone,PV,Mingaladon,MMR013011,Yangon Region,MMR013,township,San Pya (Pa Hta Ma) Ward,"17/18/19, Awba St., San Pya (Pa Hta Ma) Ward,, Mingalardon Township, Yangon , Myanmar",09-5060373,Yangon,active,,https://www.edge.com.mm/listing/swel-sone-l00192910.html
MMR013006-INTL02,TSEC [Talent Star Education Centre],INTL,Hlaing,MMR013006,Yangon Region,MMR013,township,Aye Yeik Mon Housing,"80/81, Gant Gaw 5th St., Aye Yeik Mon Housing,, Hlaing Township, Yangon , Myanmar","09-420033765, 09-254828301, 09-266662423, 09-266662235, 09-420748811",Yangon,active,,https://www.edge.com.mm/listing/tsec-talent-star-education-centre-l147411.html
MMR013020-PV02,TTEC-1,PV,Thanlyin,MMR013020,Yangon Region,MMR013,township,Oak Pho Su Ward,"25, Theik Pan St., Oak Pho Su Ward,, Than Lyin Township, Yangon , Myanmar","09-451301811, 09-451301822",Yangon,active,,https://www.edge.com.mm/listing/ttec-1-l00261763.html
MMR013026-PV14,Tat Nay Win,PV,Hlaingtharya,MMR013026,Yangon Region,MMR013,township,Phwint Phyo Aung Housing,"20/21, Aung Myay Thar Yar Pagoda St., Phwint Phyo Aung Housing, Ward (6),, Hlaing Thar Yar, Yangon , Myanmar","09-882885830, 09-425813342, 09-420083849",Yangon,active,,https://www.edge.com.mm/listing/tat-nay-win-l00337938.html
MMR013011-INTL01,Than Lwin Education Centers,INTL,Mingaladon,MMR013011,Yangon Region,MMR013,township,,"203, Between 5th St. and Makhayar Min Thar Gyi St., Mingalar Garden City,, Mingalardon Township, Yangon , Myanmar","09-2424224, 09-778779739",Yangon,active,,https://www.edge.com.mm/listing/than-lwin-education-centers-l00264212.html
MMR013013-PV07,Thar Htet San,PV,North Okkalapa,MMR013013,Yangon Region,MMR013,township,Za Myin Zwel Ward,"920, Ayeyar 6th St., Za Myin Zwel Ward,, North Okkalapa Township, Yangon , Myanmar","09-5075389, 09-785075389, 09-789689261, 09-263910704",Yangon,active,,https://www.edge.com.mm/listing/thar-htet-san-l149620.html
MMR013013-PV08,Thar Htet San Thar,PV,North Okkalapa,MMR013013,Yangon Region,MMR013,township,Za Myin Zwel Ward,"925, Ayeyar 6th St., Za Myin Zwel Ward,, North Okkalapa Township, Yangon , Myanmar","09-5075389, 09-785075389, 09-789689261, 09-263910704, 09-787959148",Yangon,active,,https://www.edge.com.mm/listing/thar-htet-san-thar-l00337954.html
MMR013010-PV07,Thiha Academy,PV,Insein,MMR013010,Yangon Region,MMR013,township,Gyoh Gone (East) Ward,"1023, Kyan Sar Thin Kyaung St., Gyoh Gone (East) Ward,, Insein Township, Yangon , Myanmar","09-443236030, 09-778467120, 09-5110004",Yangon,active,,https://www.edge.com.mm/listing/thiha-academy-l00218240.html
MMR013014-PV12,Thuwunna Learning Centre,PV,Thingangyun,MMR013014,Yangon Region,MMR013,township,Tostar Housing,"Bldg 1, Rm 101/102/201/301, 1st Flr, Than Thu Mar Rd., Tostar Housing,, Thingangyun Township, Yangon , Myanmar","09-5186902, 09-5119824, 09-5037986",Yangon,active,,https://www.edge.com.mm/listing/thuwunna-learning-centre-l57858.html
MMR013023-PV08,Toe Tet,PV,North Dagon,MMR013023,Yangon Region,MMR013,township,Ward [48],"128, Aye Chan Thar Yar Yay St., Near Khay Mar Bus Stop, Ward [48],, North Dagon Township, Yangon , Myanmar","09-254448175, 09-250473219",Yangon,active,,https://www.edge.com.mm/listing/toe-tet-l00337956.html
MMR013023-PV09,Toe Tet Aung,PV,North Dagon,MMR013023,Yangon Region,MMR013,township,Ward [39],"650, Ta Pin Shwe Htee Rd., Ward [39],, North Dagon Township, Yangon , Myanmar","09-458183549, 09-420124364, 09-798396212, 09-446469142",Yangon,active,,https://www.edge.com.mm/listing/toe-tet-aung-l00276621.html
MMR013026-PV15,Top,PV,Hlaingtharya,MMR013026,Yangon Region,MMR013,township,Phwint Phyo Aung Housing,"62/63, Cherry St., Phwint Phyo Aung Housing,, Hlaing Thar Yar, Yangon , Myanmar","09-421012124, 09-952227337, 09-422277713",Yangon,active,,https://www.edge.com.mm/listing/top-l191565.html
MMR013010-PV08,U.T.S [Saya U Than Sein Saya],PV,Insein,MMR013010,Yangon Region,MMR013,township,Taung Thu Gone Ward,"32/Kha, Min Gyi Rd., Corner of Garunar Shin St., Taung Thu Gone Ward,, Insein Township, Yangon , Myanmar","09-5190862, 09-400700640, 09-757696901, 09-977140577, 09-451077665",Yangon,active,,https://www.edge.com.mm/listing/u-t-s-saya-u-than-sein-saya-l104177.html
MMR013027-PV04,U.T.S [Saya U Than Sein],PV,Shwepyitha,MMR013027,Yangon Region,MMR013,township,Ward [1],"146, Nay Myo Kyaw Khaung St., Ward [1],, Shwe Pyi Thar Township, Yangon , Myanmar","09-5190862, 09-451077665",Yangon,active,,https://www.edge.com.mm/listing/u-t-s-saya-u-than-sein-l00337968.html
MMR013030-PV02,U.T.S [Saya U Than Sein],PV,Kyimyindaing,MMR013030,Yangon Region,MMR013,township,Pann Hlaing Ward,"27/B, Lower Kyee Myin Daing Rd., Pann Hlaing Ward,, Kyeemyindaing Township, Yangon , Myanmar","09-5190862, 09-757696901, 09-451077665",Yangon,active,,https://www.edge.com.mm/listing/u-t-s-saya-u-than-sein-l00337964.html
MMR013003-BEHS01,Basic Education High School Kamayut (အခြေခံပညာအထက်တန်းကျောင်း ကမာရွတ်),BEHS,Kamayut,MMR013003,Yangon Region,MMR013,township,Aung Myaytharsi Housing (East),"41, Shwe Yadanar St., Aung Myaytharsi Housing (East),, Kamaryut Township, Yangon , Myanmar","09-793893726, 09-795506475, 09-981276617",Yangon,active,,https://www.edge.com.mm/listing/uec-private-high-school-l00203928.html
MMR013007-PV05,Unique,PV,Mayangone,MMR013007,Yangon Region,MMR013,township,Ward [2],"5/D, U Yay Khae St., Ward [2],, Mayangone Township, Yangon , Myanmar","09-797720401, 09-792859490, 09-778077448",Yangon,active,,https://www.edge.com.mm/listing/unique-l00212098.html
MMR013026-PV16,Wisdom Eye,PV,Hlaingtharya,MMR013026,Yangon Region,MMR013,township,Ward (20),"440, Wai Pon La 1st St., Ward (20),, Hlaing Thar Yar, Yangon , Myanmar","09-420304979, 09-43111131",Yangon,active,,https://www.edge.com.mm/listing/wisdom-eye-l00229541.html
MMR013018-INTL01,Wonder Future Education Centre [WFEC],INTL,Thaketa,MMR013018,Yangon Region,MMR013,township,Ward [6/East],"522, 7th Zay St., Ward [6/East],, Thaketa Township, Yangon , Myanmar","09-973090010, 09-402068056, 09-420296077",Yangon,active,,https://www.edge.com.mm/listing/wonder-future-education-centre-wfec-l00337931.html
MMR013020-PV03,YEC [Yangon Education Center],PV,Thanlyin,MMR013020,Yangon Region,MMR013,township,Ah Hmu Htan Ward,"70, Sike Pyoe Yay St., Ah Hmu Htan Ward,, Than Lyin Township, Yangon , Myanmar","09-777737933, 09-666629795",Yangon,active,,https://www.edge.com.mm/listing/yec-yangon-education-center-l00264558.html
MMR013006-PV04,YREC,PV,Hlaing,MMR013006,Yangon Region,MMR013,township,Ward (4),"24, Aye Yeik Mon Rd., Ward (4),, Hlaing Township, Yangon , Myanmar",09-250174839,Yangon,active,,https://www.edge.com.mm/listing/yrec-l00289529.html
MMR013018-PV08,YRS [Yangon Royal Star],PV,Thaketa,MMR013018,Yangon Region,MMR013,township,Ward [10/South],"18, Yadanar Pon 6th St., Ward [10/South],, Thaketa Township, Yangon , Myanmar","09-250804096, 09-5160461",Yangon,active,,https://www.edge.com.mm/listing/yrs-yangon-royal-star-l170996.html
MMR013012-PV04,YRS [Yangon Royal Star],PV,South Okkalapa,MMR013012,Yangon Region,MMR013,township,Ward [5],"204, Parami Rd., Ward [5],, South Okkalapa Township, Yangon , Myanmar","09-255744244, 09-444041032",Yangon,active,,https://www.edge.com.mm/listing/yrs-yangon-royal-star-l00337984.html
MMR013014-PV13,Yar Khin Shin,PV,Thingangyun,MMR013014,Yangon Region,MMR013,township,Shwe Kainnary Housing,"25, Lay Daunt Kan Rd., Corner of Kyaik Dae Yone Pagoda St., Shwe Kainnary Housing, Sa Lein/Kha Ward,, Thingangyun Township, Yangon , Myanmar","09-260053533, 09-443231147",Yangon,active,,https://www.edge.com.mm/listing/yar-khin-shin-l00337925.html
MMR013014-PV14,Yar Khin Shin Thar,PV,Thingangyun,MMR013014,Yangon Region,MMR013,township,Pin Lon Yeik Mon Housing,"2, Pin Lon Yeik Mon 1st St., Pin Lon Yeik Mon Housing, Kyee Pwar Yay Ward,, Thingangyun Township, Yangon , Myanmar",09-443089656,Yangon,active,,https://www.edge.com.mm/listing/yar-khin-shin-thar-l00337926.html
MMR013003-PV03,Zin Yaw,PV,Kamayut,MMR013003,Yangon Region,MMR013,township,U Aung Hla Yeik Thar St.,"53/A, U Aung Hla Yeik Thar St., Ward (1),, Kamaryut Township, Yangon , Myanmar","09-769036688, 09-420302916",Yangon,active,,https://www.edge.com.mm/listing/zin-yaw-l130596.html
MMR013006-PV05,Zware,PV,Hlaing,MMR013006,Yangon Region,MMR013,township,Ward [10],"68/8/A, U Maung Maung Chan St., Ward [10],, Hlaing Township, Yangon , Myanmar","09-945077757, 09-5077757, 09-965077757",Yangon,active,,https://www.edge.com.mm/listing/zware-l00337975.html
MMR013006-PV06,iCEC,PV,Hlaing,MMR013006,Yangon Region,MMR013,township,Ward [1],"19/20, Ywar Ma Kyaung St., Ward [1],, Hlaing Township, Yangon , Myanmar","09-255965938, 09-795886818",Yangon,active,,https://www.edge.com.mm/listing/icec-l156415.html
MMR013015-PV09,iCEC,PV,Tamwe,MMR013015,Yangon Region,MMR013,township,Myittar Nyunt Ward,"5/A/B, Layar Shwe Myay St., Myittar Nyunt Ward,, Tarmwe Township, Yangon , Myanmar","09-450401055, 09-450401011",Yangon,active,,https://www.edge.com.mm/listing/icec-l00337980.html
MMR013023-INTL04,iCEC International School,INTL,North Dagon,MMR013023,Yangon Region,MMR013,township,Ward [39],"Ta-Hta/143/144/145, Min Ye Kyaw Swar Rd., Ward [39],, North Dagon Township, Yangon , Myanmar","09-772213814, 09-794749816",Yangon,active,,https://www.edge.com.mm/listing/icec-international-school-l00337982.html
MMR013013-PV09,Bright Top-Star Educare,PV,North Okkalapa,MMR013013,Yangon Region,MMR013,township,Ga Gyi Ward,"288, Khay Mar Thi Rd., Ga Gyi Ward,, North Okkalapa Township, Yangon , Myanmar","09-450480357, 09-960203120",Yangon,active,,https://www.edge.com.mm/listing/bright-top-star-educare-l00284942.html
MMR009005-PV02,K Hein,PV,Pyigyitagon,MMR009005,Mandalay Region,MMR009,township,Za Gwe Ward,"58th St., Between 132th St. [Mingalar St.] and 133th St. [San Pya St.], Za Gwe Ward,, Pyigyi Tagon Township, Mandalay , Myanmar","09-789072722, 09-2034934",Mandalay,active,,https://www.edge.com.mm/listing/k-hein-u02524110.html
MMR009002-INTL01,YMCA,INTL,Chanayethazan,MMR009002,Mandalay Region,MMR009,township,Satetara Mahi Ward,"26th St., Corner of 75th St., Satetara Mahi Ward,, Chan Aye Thar Zan Township, Mandalay , Myanmar",09-896504465,Mandalay,active,,https://www.edge.com.mm/listing/ymca-u212018.html
MMR013014-PV15,Yangon Education Campus (YEC),PV,Thingangyun,MMR013014,Yangon Region,MMR013,township,Nga/Kha Ward,"8/9, Lay Daunt Kan Rd., Nga/Kha Ward,, Thingangyun Township, Yangon , Myanmar","09-777737933, 09-788860666, 09-451559995",Yangon,active,,https://www.edge.com.mm/listing/yangon-education-campus-yec-l00337979.html
MMR009007-PV02,Yay Htwat Ma Soe Yein Monastic Education School,PV,Patheingyi,MMR009007,Mandalay Region,MMR009,township,Yay Htwet Ward,"Yay Htwet Ward, Myoth Ma Ward,, Patheingyi Township, Mandalay , Myanmar","09-444828266, 09-441049342",Mandalay,active,,https://www.edge.com.mm/listing/yay-htwat-ma-soe-yein-monastic-education-school-u00425348.html
MMR013021-BEHS01,Basic Education High School No. 1 Ahlone (အမှတ် (1) အခြေခံပညာအထက်တန်းကျောင်း အလုံ (အ.ထ.က 1 အလုံ)),BEHS,Ahlone,MMR013021,Yangon Region,MMR013,township,Kayin Chan Ward,"404/A, Lower Kyee Myin Daing Rd., Kayin Chan Ward,, Ahlone Township, Yangon , Myanmar","01-220598, 09-401535650",Yangon,active,,https://www.edge.com.mm/listing/ahlone-b-e-h-s-1-l00329219.html
MMR013021-BEHS02,Basic Education High School No. 2 Ahlone (အမှတ် (2) အခြေခံပညာအထက်တန်းကျောင်း အလုံ (အ.ထ.က 2 အလုံ)),BEHS,Ahlone,MMR013021,Yangon Region,MMR013,township,Kayin Chan Ward,"121, Ahlone Rd., Kayin Chan Ward,, Ahlone Township, Yangon , Myanmar",09-448016806,Yangon,active,,https://www.edge.com.mm/listing/ahlone-b-e-h-s-2-l375.html
MMR013021-BEHS03,Basic Education High School No. 3 Ahlone (အမှတ် (3) အခြေခံပညာအထက်တန်းကျောင်း အလုံ (အ.ထ.က 3 အလုံ)),BEHS,Ahlone,MMR013021,Yangon Region,MMR013,township,Saw Yan Paing (South) Ward,"97, Min Ye Kyaw Swar Rd., Saw Yan Paing (South) Ward,, Ahlone Township, Yangon , Myanmar","01-220788, 09-420039616, 09-263213270",Yangon,active,,https://www.edge.com.mm/listing/ahlone-b-e-h-s-3-l382.html
MMR013021-BEHS04,Basic Education High School No. 4 Ahlone (အမှတ် (4) အခြေခံပညာအထက်တန်းကျောင်း အလုံ (အ.ထ.က 4 အလုံ)),BEHS,Ahlone,MMR013021,Yangon Region,MMR013,township,Saw Yan Paing (East) Ward,"42/46, Lower Kyee Myin Daing Rd., Corner of Baho Rd., Saw Yan Paing (East) Ward,, Ahlone Township, Yangon , Myanmar","01-221406, 09-422563789",Yangon,active,,https://www.edge.com.mm/listing/ahlone-b-e-h-s-4-l412.html
MMR013021-BEHS05,Basic Education High School No. 5 Ahlone (အမှတ် (5) အခြေခံပညာအထက်တန်းကျောင်း အလုံ (အ.ထ.က 5 အလုံ)),BEHS,Ahlone,MMR013021,Yangon Region,MMR013,township,Saw Yan Paing (South) Ward,"234, Lower Kyee Myin Daing Rd., Saw Yan Paing (South) Ward,, Ahlone Township, Yangon , Myanmar","01-220797, 09-794936544, 09-428135848",Yangon,active,,https://www.edge.com.mm/listing/ahlone-b-e-h-s-5-l449.html
MMR013021-BEHS06,Basic Education High School No. 6 Ahlone (အမှတ် (6) အခြေခံပညာအထက်တန်းကျောင်း အလုံ (အ.ထ.က 6 အလုံ)),BEHS,Ahlone,MMR013021,Yangon Region,MMR013,township,Saw Yan Paing (South) Ward,"97, Min Ye Kyaw Swar Rd., Saw Yan Paing (South) Ward,, Ahlone Township, Yangon , Myanmar","01-220790, 09-73104410, 09-5056352",Yangon,active,,https://www.edge.com.mm/listing/ahlone-b-e-h-s-6-l450.html
MMR013021-BEHS07,Basic Education High School No. 7 Ahlone (အမှတ် (7) အခြေခံပညာအထက်တန်းကျောင်း အလုံ (အ.ထ.က 7 အလုံ)),BEHS,Ahlone,MMR013021,Yangon Region,MMR013,township,Thit Taw Ward,"Strand Rd., Infront Of Ahlone Tower, Thit Taw Ward,, Ahlone Township, Yangon , Myanmar","01-221712, 09-444018220, 09-421768729",Yangon,active,,https://www.edge.com.mm/listing/ahlone-b-e-h-s-7-l00196528.html
MMR013021-BEMS02,Basic Education Middle School No. 2 Ahlone (အမှတ် (2) အခြေခံပညာအလယ်တန်းကျောင်း အလုံ (အ.လ.က 2 အလုံ)),BEMS,Ahlone,MMR013021,Yangon Region,MMR013,township,Saw Yan Paing (West) Ward,"19, Wai Bar Gi St., Saw Yan Paing (West) Ward,, Ahlone Township, Yangon , Myanmar","01-222126, 09-253034906",Yangon,active,,https://www.edge.com.mm/listing/ahlone-b-e-m-s-2-l451.html
MMR013021-BEPS11,Basic Education Primary School No. 11 Ahlone (အမှတ် (11) အခြေခံပညာမူလတန်းကျောင်း အလုံ (အ.မ.က 11 အလုံ)),BEPS,Ahlone,MMR013021,Yangon Region,MMR013,township,Saw Yan Paing (West) Ward,"12/14, Saga Seinn St., Saw Yan Paing (West) Ward,, Ahlone Township, Yangon , Myanmar","09-796846002, 09-254191587, 09-5066964, 09-73065432",Yangon,active,,https://www.edge.com.mm/listing/ahlone-b-e-p-s-11-l1074.html
MMR013021-BEPS12,Basic Education Primary School No. 12 Ahlone (အမှတ် (12) အခြေခံပညာမူလတန်းကျောင်း အလုံ (အ.မ.က 12 အလုံ)),BEPS,Ahlone,MMR013021,Yangon Region,MMR013,township,Galon Ward,"2, Sin Phyu St., Galon Ward,, Ahlone Township, Yangon , Myanmar",09-780634215,Yangon,active,,https://www.edge.com.mm/listing/ahlone-b-e-p-s-12-l1075.html
MMR013021-BEPS02,Basic Education Primary School No. 2 Ahlone (အမှတ် (2) အခြေခံပညာမူလတန်းကျောင်း အလုံ (အ.မ.က 2 အလုံ)),BEPS,Ahlone,MMR013021,Yangon Region,MMR013,township,Sin Min Ward,"30, Kwin Kyaung St., Corner of Strand Rd., Sin Min Ward,, Ahlone Township, Yangon , Myanmar","01-211243, 09-31585346",Yangon,active,,https://www.edge.com.mm/listing/ahlone-b-e-p-s-2-l720.html
MMR013021-BEPS04,Basic Education Primary School No. 4 Ahlone (အမှတ် (4) အခြေခံပညာမူလတန်းကျောင်း အလုံ (အ.မ.က 4 အလုံ)),BEPS,Ahlone,MMR013021,Yangon Region,MMR013,township,Sin Min Ward,"64/66, Sin Min St., Sin Min Ward,, Ahlone Township, Yangon , Myanmar","09-448440913, 09-420603819",Yangon,active,,https://www.edge.com.mm/listing/ahlone-b-e-p-s-4-l743.html
MMR013021-BEPS06,Basic Education Primary School No. 6 Ahlone (အမှတ် (6) အခြေခံပညာမူလတန်းကျောင်း အလုံ (အ.မ.က 6 အလုံ)),BEPS,Ahlone,MMR013021,Yangon Region,MMR013,township,Saw Yan Paing (South) Ward,"66, Kyaung St., Saw Yan Paing (South) Ward,, Ahlone Township, Yangon , Myanmar","09-254116646, 09-790570184, 09-73002469",Yangon,active,,https://www.edge.com.mm/listing/ahlone-b-e-p-s-6-l982.html
MMR013021-BEPS09,Basic Education Primary School No. 9 Ahlone (အမှတ် (9) အခြေခံပညာမူလတန်းကျောင်း အလုံ (အ.မ.က 9 အလုံ)),BEPS,Ahlone,MMR013021,Yangon Region,MMR013,township,Saw Yan Paing (West) Ward,"2, Saga Seinn St., Saw Yan Paing (West) Ward,, Ahlone Township, Yangon , Myanmar",09-443037490,Yangon,active,,https://www.edge.com.mm/listing/ahlone-b-e-p-s-9-l985.html
MMR013021-BEPS01,Basic Education Primary School Ahlone (အခြေခံပညာမူလတန်းကျောင်း အလုံ),BEPS,Ahlone,MMR013021,Yangon Region,MMR013,township,Thit Taw Ward,"183/185, Strand Rd., Thit Taw Ward,, Ahlone Township, Yangon , Myanmar",09-898225059,Yangon,active,,https://www.edge.com.mm/listing/ahlone-pre-primary-school-l166221.html
MMR009006-BEHS01,Basic Education High School No. 1 Amarapura (အမှတ် (1) အခြေခံပညာအထက်တန်းကျောင်း အမရပူရ (အ.ထ.က 1 အမရပူရ)),BEHS,Amarapura,MMR009006,Mandalay Region,MMR009,township,Ywar Thit Ward,"Mingalar St., Ywar Thit Ward, Lay Su Ward,, Amarapura Township, Mandalay , Myanmar",02-4070711,Mandalay,active,,https://www.edge.com.mm/listing/amarapura-b-e-h-s-1-u02522976.html
MMR009006-BEHS02,Basic Education High School No. 2 Amarapura (အမှတ် (2) အခြေခံပညာအထက်တန်းကျောင်း အမရပူရ (အ.ထ.က 2 အမရပူရ)),BEHS,Amarapura,MMR009006,Mandalay Region,MMR009,township,Middle Patain Ward,"Middle Patain Ward, Lay Su Ward,, Amarapura Township, Mandalay , Myanmar",09-422847554,Mandalay,active,,https://www.edge.com.mm/listing/amarapura-b-e-h-s-2-u02522978.html
MMR009006-PV02,Amarapura Township Education Office,PV,Amarapura,MMR009006,Mandalay Region,MMR009,township,Kat Kyaw New Ward,"Kat Kyaw Pagoda St., Kat Kyaw New Ward, Hman Tan Ward,, Amarapura Township, Mandalay , Myanmar",02-4070453,Mandalay,active,,https://www.edge.com.mm/listing/amarapura-township-education-office-u02522975.html
MMR009001-BEPS15,Basic Education Primary School No. 15 Aungmyethazan (အမှတ် (15) အခြေခံပညာမူလတန်းကျောင်း အောင်မြေသာစံ (အ.မ.က 15 အောင်မြေသာစံ)),BEPS,Aungmyethazan,MMR009001,Mandalay Region,MMR009,township,Shwe Kyin Ward,"Shwe Kyin Ward, Aoe Bo,, Aung Myay Thar Zan Township, Mandalay , Myanmar",09-400302489,Mandalay,active,,https://www.edge.com.mm/listing/aung-myay-thar-san-b-e-p-s-15-u132897.html
MMR009001-BEHS10,Basic Education High School No. 10 Aungmyethazan (အမှတ် (10) အခြေခံပညာအထက်တန်းကျောင်း အောင်မြေသာစံ (အ.ထ.က 10 အောင်မြေသာစံ)),BEHS,Aungmyethazan,MMR009001,Mandalay Region,MMR009,township,,"86th St., Between 22nd St. and 23rd St., Thiri Marlar East,, Aung Myay Thar Zan Township, Mandalay , Myanmar",02-4064563,Mandalay,active,,https://www.edge.com.mm/listing/aung-myay-thar-san-b-e-h-s-10-u132871.html
MMR009001-BEHS11,Basic Education High School No. 11 Aungmyethazan (အမှတ် (11) အခြေခံပညာအထက်တန်းကျောင်း အောင်မြေသာစံ (အ.ထ.က 11 အောင်မြေသာစံ)),BEHS,Aungmyethazan,MMR009001,Mandalay Region,MMR009,township,,"82th St., Between 24th St. and 25th St., Pyi Gyi Kyat Tha Yay East,, Aung Myay Thar Zan Township, Mandalay , Myanmar",09-43145512,Mandalay,active,,https://www.edge.com.mm/listing/aung-myay-thar-san-b-e-h-s-11-u132862.html
MMR009001-BEHS-BR14,Basic Education High School (Branch) No. 14 Aungmyethazan (အမှတ် (14) အခြေခံပညာအထက်တန်းကျောင်း (ခွဲ) အောင်မြေသာစံ (အ.ထ.က (ခွဲ) 14 အောင်မြေသာစံ)),BEHS-BR,Aungmyethazan,MMR009001,Mandalay Region,MMR009,township,,"64th St., Between 24th St. and 25th St., Maha Zaya Bon,, Aung Myay Thar Zan Township, Mandalay , Myanmar",02-4024990,Mandalay,active,,https://www.edge.com.mm/listing/aung-myay-thar-san-b-e-h-s-14-branch-u132836.html
MMR009001-BEHS17,Basic Education High School No. 17 Aungmyethazan (အမှတ် (17) အခြေခံပညာအထက်တန်းကျောင်း အောင်မြေသာစံ (အ.ထ.က 17 အောင်မြေသာစံ)),BEHS,Aungmyethazan,MMR009001,Mandalay Region,MMR009,township,,"14th St., Corner of 63th St., Daw Na Bwar,, Aung Myay Thar Zan Township, Mandalay , Myanmar",02-4066513,Mandalay,active,,https://www.edge.com.mm/listing/aung-myay-thar-san-b-e-h-s-17-u132834.html
MMR009001-BEHS01,Basic Education High School No. 1 Aungmyethazan (အမှတ် (1) အခြေခံပညာအထက်တန်းကျောင်း အောင်မြေသာစံ (အ.ထ.က 1 အောင်မြေသာစံ)),BEHS,Aungmyethazan,MMR009001,Mandalay Region,MMR009,township,,"24th St., Between 80th St. and 81th St., Pyi Gyi Kyat Tha Yay East,, Aung Myay Thar Zan Township, Mandalay , Myanmar",02-4066512,Mandalay,active,,https://www.edge.com.mm/listing/aung-myay-thar-san-b-e-h-s-1-u132809.html
MMR009001-BEHS20,Basic Education High School No. 20 Aungmyethazan (အမှတ် (20) အခြေခံပညာအထက်တန်းကျောင်း အောင်မြေသာစံ (အ.ထ.က 20 အောင်မြေသာစံ)),BEHS,Aungmyethazan,MMR009001,Mandalay Region,MMR009,township,,"16th St., Corner of 86th St., Pyi Gyi Yan Lon,, Aung Myay Thar Zan Township, Mandalay , Myanmar","02-4061767, 09-2045673, 09-785670857",Mandalay,active,,https://www.edge.com.mm/listing/aung-myay-thar-san-b-e-h-s-20-u132782.html
MMR009001-BEHS21,Basic Education High School No. 21 Aungmyethazan (အမှတ် (21) အခြေခံပညာအထက်တန်းကျောင်း အောင်မြေသာစံ (အ.ထ.က 21 အောင်မြေသာစံ)),BEHS,Aungmyethazan,MMR009001,Mandalay Region,MMR009,township,,"26th St., Pike Kyone, Thiri Marlar West,, Aung Myay Thar Zan Township, Mandalay , Myanmar",09-403741518,Mandalay,active,,https://www.edge.com.mm/listing/aung-myay-thar-san-b-e-h-s-21-u132823.html
MMR009001-BEHS25,Basic Education High School No. 25 Aungmyethazan (အမှတ် (25) အခြေခံပညာအထက်တန်းကျောင်း အောင်မြေသာစံ (အ.ထ.က 25 အောင်မြေသာစံ)),BEHS,Aungmyethazan,MMR009001,Mandalay Region,MMR009,township,,"10th St., Between 75th St. and 76th St., Oo Poat Taw,, Aung Myay Thar Zan Township, Mandalay , Myanmar","02-4021056, 09-402677326",Mandalay,active,,https://www.edge.com.mm/listing/aung-myay-thar-san-b-e-h-s-25-u132843.html
MMR009001-BEHS33,Basic Education High School No. 33 Aungmyethazan (အမှတ် (33) အခြေခံပညာအထက်တန်းကျောင်း အောင်မြေသာစံ (အ.ထ.က 33 အောင်မြေသာစံ)),BEHS,Aungmyethazan,MMR009001,Mandalay Region,MMR009,township,,"76th St., Myauk Pyin, Oo Poat Taw,, Aung Myay Thar Zan Township, Mandalay , Myanmar","02-4021120, 09-256422909",Mandalay,active,,https://www.edge.com.mm/listing/aung-myay-thar-san-b-e-h-s-33-u132847.html
MMR009001-BEHS37,Basic Education High School No. 37 Aungmyethazan (အမှတ် (37) အခြေခံပညာအထက်တန်းကျောင်း အောင်မြေသာစံ (အ.ထ.က 37 အောင်မြေသာစံ)),BEHS,Aungmyethazan,MMR009001,Mandalay Region,MMR009,township,Mingalar Garden Ward,"58th St., Between 19th St. and 20th St., Mingalar Garden Ward, Ah Hnake Taw,, Aung Myay Thar Zan Township, Mandalay , Myanmar","02-4021101, 09-256248518",Mandalay,active,,https://www.edge.com.mm/listing/aung-myay-thar-san-b-e-h-s-37-u132791.html
MMR009001-BEHS38,Basic Education High School No. 38 Aungmyethazan (အမှတ် (38) အခြေခံပညာအထက်တန်းကျောင်း အောင်မြေသာစံ (အ.ထ.က 38 အောင်မြေသာစံ)),BEHS,Aungmyethazan,MMR009001,Mandalay Region,MMR009,township,,"89th St., Between 8th St. and 9th St., Nyaung Kwe,, Aung Myay Thar Zan Township, Mandalay , Myanmar",09-256114669,Mandalay,active,,https://www.edge.com.mm/listing/aung-myay-thar-san-b-e-h-s-38-u132884.html
MMR009001-BEHS04,Basic Education High School No. 4 Aungmyethazan (အမှတ် (4) အခြေခံပညာအထက်တန်းကျောင်း အောင်မြေသာစံ (အ.ထ.က 4 အောင်မြေသာစံ)),BEHS,Aungmyethazan,MMR009001,Mandalay Region,MMR009,township,,"24th St., Corner of 81th St., Pyi Gyi Kyat Tha Yay East,, Aung Myay Thar Zan Township, Mandalay , Myanmar","02-4060760, 02-4039778",Mandalay,active,,https://www.edge.com.mm/listing/aung-myay-thar-san-b-e-h-s-4-u132812.html
MMR009001-BEHS08,Basic Education High School No. 8 Aungmyethazan (အမှတ် (8) အခြေခံပညာအထက်တန်းကျောင်း အောင်မြေသာစံ (အ.ထ.က 8 အောင်မြေသာစံ)),BEHS,Aungmyethazan,MMR009001,Mandalay Region,MMR009,township,,"82th St., Between 24th St. and 25th St., Pyi Gyi Kyat Tha Yay West,, Aung Myay Thar Zan Township, Mandalay , Myanmar","02-4060368, 09-402512076",Mandalay,active,,https://www.edge.com.mm/listing/aung-myay-thar-san-b-e-h-s-8-u132863.html
MMR009001-BEHS09,Basic Education High School No. 9 Aungmyethazan (အမှတ် (9) အခြေခံပညာအထက်တန်းကျောင်း အောင်မြေသာစံ (အ.ထ.က 9 အောင်မြေသာစံ)),BEHS,Aungmyethazan,MMR009001,Mandalay Region,MMR009,township,,"24th St., Corner of 86th St., Thiri Marlar East,, Aung Myay Thar Zan Township, Mandalay , Myanmar","02-4021027, 09-797741657",Mandalay,active,,https://www.edge.com.mm/listing/aung-myay-thar-san-b-e-h-s-9-u132813.html
MMR009001-BEMS15,Basic Education Middle School No. 15 Aungmyethazan (အမှတ် (15) အခြေခံပညာအလယ်တန်းကျောင်း အောင်မြေသာစံ (အ.လ.က 15 အောင်မြေသာစံ)),BEMS,Aungmyethazan,MMR009001,Mandalay Region,MMR009,township,,"12th St., Between 80th St. and 81th St., Amara Htar Ni West,, Aung Myay Thar Zan Township, Mandalay , Myanmar","02-4021073, 09-43099539",Mandalay,active,,https://www.edge.com.mm/listing/aung-myay-thar-san-b-e-m-s-15-u132772.html
MMR009001-BEMS17,Basic Education Middle School No. 17 Aungmyethazan (အမှတ် (17) အခြေခံပညာအလယ်တန်းကျောင်း အောင်မြေသာစံ (အ.လ.က 17 အောင်မြေသာစံ)),BEMS,Aungmyethazan,MMR009001,Mandalay Region,MMR009,township,,"Inside Foot of Mandalay Hill, Kha La Ya [95], Phone Taw Doe,, Aung Myay Thar Zan Township, Mandalay , Myanmar",09-256248518,Mandalay,active,,https://www.edge.com.mm/listing/aung-myay-thar-san-b-e-m-s-17-u160015.html
MMR009001-BEMS04,Basic Education Middle School No. 4 Aungmyethazan (အမှတ် (4) အခြေခံပညာအလယ်တန်းကျောင်း အောင်မြေသာစံ (အ.လ.က 4 အောင်မြေသာစံ)),BEMS,Aungmyethazan,MMR009001,Mandalay Region,MMR009,township,,"83th St., Between 19th St. and 20th St., Palei Ngwe Yaung,, Aung Myay Thar Zan Township, Mandalay , Myanmar",09-43034653,Mandalay,active,,https://www.edge.com.mm/listing/aung-myay-thar-san-b-e-m-s-4-u132864.html
MMR009001-BEMS06,Basic Education Middle School No. 6 Aungmyethazan (အမှတ် (6) အခြေခံပညာအလယ်တန်းကျောင်း အောင်မြေသာစံ (အ.လ.က 6 အောင်မြေသာစံ)),BEMS,Aungmyethazan,MMR009001,Mandalay Region,MMR009,township,,"90th St., Between 20th St. and 21st St., Minde Ei King,, Aung Myay Thar Zan Township, Mandalay , Myanmar",02-4060756,Mandalay,active,,https://www.edge.com.mm/listing/aung-myay-thar-san-b-e-m-s-6-u132891.html
MMR009001-BEPS10,Basic Education Primary School No. 10 Aungmyethazan (အမှတ် (10) အခြေခံပညာမူလတန်းကျောင်း အောင်မြေသာစံ (အ.မ.က 10 အောင်မြေသာစံ)),BEPS,Aungmyethazan,MMR009001,Mandalay Region,MMR009,township,,"Bet; 10 St. and 11 St. & Bet; 78 St. and 79 St., Amara Htar Ni East,, Aung Myay Thar Zan Township, Mandalay , Myanmar","09-256517393, 09-43100497",Mandalay,active,,https://www.edge.com.mm/listing/aung-myay-thar-san-b-e-p-s-10-u132849.html
MMR009001-BEPS11,Basic Education Primary School No. 11 Aungmyethazan (အမှတ် (11) အခြေခံပညာမူလတန်းကျောင်း အောင်မြေသာစံ (အ.မ.က 11 အောင်မြေသာစံ)),BEPS,Aungmyethazan,MMR009001,Mandalay Region,MMR009,township,,"Bld-24, Between 75th St. and 76th St., Near Miba Market, Oo Poat Taw,, Aung Myay Thar Zan Township, Mandalay , Myanmar",09-2060242,Mandalay,active,,https://www.edge.com.mm/listing/aung-myay-thar-san-b-e-p-s-11-u132769.html
MMR009001-BEPS13,Basic Education Primary School No. 13 Aungmyethazan (အမှတ် (13) အခြေခံပညာမူလတန်းကျောင်း အောင်မြေသာစံ (အ.မ.က 13 အောင်မြေသာစံ)),BEPS,Aungmyethazan,MMR009001,Mandalay Region,MMR009,township,,"Bet; 10 St. and 11 St. & Bet; 79 St. and 80 St., Amara Htar Ni West,, Aung Myay Thar Zan Township, Mandalay , Myanmar",09-259001114,Mandalay,active,,https://www.edge.com.mm/listing/aung-myay-thar-san-b-e-p-s-13-u132850.html
MMR009001-BEPS14,Basic Education Primary School No. 14 Aungmyethazan (အမှတ် (14) အခြေခံပညာမူလတန်းကျောင်း အောင်မြေသာစံ (အ.မ.က 14 အောင်မြေသာစံ)),BEPS,Aungmyethazan,MMR009001,Mandalay Region,MMR009,township,,"10th St., Corner of 81th St., Amara Htar Ni West,, Aung Myay Thar Zan Township, Mandalay , Myanmar",09-976055539,Mandalay,active,,https://www.edge.com.mm/listing/aung-myay-thar-san-b-e-p-s-14-u132860.html
MMR009001-BEPS16,Basic Education Primary School No. 16 Aungmyethazan (အမှတ် (16) အခြေခံပညာမူလတန်းကျောင်း အောင်မြေသာစံ (အ.မ.က 16 အောင်မြေသာစံ)),BEPS,Aungmyethazan,MMR009001,Mandalay Region,MMR009,township,,"14th St., Corner of 87th St., Pyi Gyi Yan Lon,, Aung Myay Thar Zan Township, Mandalay , Myanmar",09-258922424,Mandalay,active,,https://www.edge.com.mm/listing/aung-myay-thar-san-b-e-p-s-16-u132779.html
MMR009001-BEPS17,Basic Education Primary School No. 17 Aungmyethazan (အမှတ် (17) အခြေခံပညာမူလတန်းကျောင်း အောင်မြေသာစံ (အ.မ.က 17 အောင်မြေသာစံ)),BEPS,Aungmyethazan,MMR009001,Mandalay Region,MMR009,township,,"14th St., Corner of 86th St., Pyi Lone Chan Thar,, Aung Myay Thar Zan Township, Mandalay , Myanmar",09-43099460,Mandalay,active,,https://www.edge.com.mm/listing/aung-myay-thar-san-b-e-p-s-17-u132778.html
MMR009001-BEPS18,Basic Education Primary School No. 18 Aungmyethazan (အမှတ် (18) အခြေခံပညာမူလတန်းကျောင်း အောင်မြေသာစံ (အ.မ.က 18 အောင်မြေသာစံ)),BEPS,Aungmyethazan,MMR009001,Mandalay Region,MMR009,township,,"18th St., Corner of 83th St., May Ga Gi Ri,, Aung Myay Thar Zan Township, Mandalay , Myanmar",09-2018373,Mandalay,active,,https://www.edge.com.mm/listing/aung-myay-thar-san-b-e-p-s-18-u132787.html
MMR009001-BEPS01,Basic Education Primary School No. 1 Aungmyethazan (အမှတ် (1) အခြေခံပညာမူလတန်းကျောင်း အောင်မြေသာစံ (အ.မ.က 1 အောင်မြေသာစံ)),BEPS,Aungmyethazan,MMR009001,Mandalay Region,MMR009,township,Ahhmite Kone Ward,"Block-110, Ahhmite Kone Ward, Minde Ei King,, Aung Myay Thar Zan Township, Mandalay , Myanmar",09-256517397,Mandalay,active,,https://www.edge.com.mm/listing/aung-myay-thar-san-b-e-p-s-1-u132920.html
MMR009001-BEPS20,Basic Education Primary School No. 20 Aungmyethazan (အမှတ် (20) အခြေခံပညာမူလတန်းကျောင်း အောင်မြေသာစံ (အ.မ.က 20 အောင်မြေသာစံ)),BEPS,Aungmyethazan,MMR009001,Mandalay Region,MMR009,township,,"82th St., Between 20th St. and 21st St., Palei Ngwe Yaung,, Aung Myay Thar Zan Township, Mandalay , Myanmar",09-402678767,Mandalay,active,,https://www.edge.com.mm/listing/aung-myay-thar-san-b-e-p-s-20-u132861.html
MMR009001-BEPS21,Basic Education Primary School No. 21 Aungmyethazan (အမှတ် (21) အခြေခံပညာမူလတန်းကျောင်း အောင်မြေသာစံ (အ.မ.က 21 အောင်မြေသာစံ)),BEPS,Aungmyethazan,MMR009001,Mandalay Region,MMR009,township,,"81th St., Between 23rd St. and 24th St., Pyi Gyi Kyat Tha Yay East,, Aung Myay Thar Zan Township, Mandalay , Myanmar",09-43096581,Mandalay,active,,https://www.edge.com.mm/listing/aung-myay-thar-san-b-e-p-s-21-u160016.html
MMR009001-BEPS22,Basic Education Primary School No. 22 Aungmyethazan (အမှတ် (22) အခြေခံပညာမူလတန်းကျောင်း အောင်မြေသာစံ (အ.မ.က 22 အောင်မြေသာစံ)),BEPS,Aungmyethazan,MMR009001,Mandalay Region,MMR009,township,,"Bet; 20 St. and 21 St. & Bet; 83 St. and 86 St., Palei Ngwe Yaung,, Aung Myay Thar Zan Township, Mandalay , Myanmar",09-256517396,Mandalay,active,,https://www.edge.com.mm/listing/aung-myay-thar-san-b-e-p-s-22-u132868.html
MMR009001-BEPS23,Basic Education Primary School No. 23 Aungmyethazan (အမှတ် (23) အခြေခံပညာမူလတန်းကျောင်း အောင်မြေသာစံ (အ.မ.က 23 အောင်မြေသာစံ)),BEPS,Aungmyethazan,MMR009001,Mandalay Region,MMR009,township,,"20th St., Between 86th St. and 87th St., Inside Dama Thukha Kyaung, Aung Myay Thar San,, Aung Myay Thar Zan Township, Mandalay , Myanmar",09-402664200,Mandalay,active,,https://www.edge.com.mm/listing/aung-myay-thar-san-b-e-p-s-23-u132794.html
MMR009001-BEPS25,Basic Education Primary School No. 25 Aungmyethazan (အမှတ် (25) အခြေခံပညာမူလတန်းကျောင်း အောင်မြေသာစံ (အ.မ.က 25 အောင်မြေသာစံ)),BEPS,Aungmyethazan,MMR009001,Mandalay Region,MMR009,township,,"21st St., Between 87th St. and 89th St., Aung Myay Thar San,, Aung Myay Thar Zan Township, Mandalay , Myanmar",09-256517937,Mandalay,active,,https://www.edge.com.mm/listing/aung-myay-thar-san-b-e-p-s-25-u132797.html
MMR009001-BEPS27,Basic Education Primary School No. 27 Aungmyethazan (အမှတ် (27) အခြေခံပညာမူလတန်းကျောင်း အောင်မြေသာစံ (အ.မ.က 27 အောင်မြေသာစံ)),BEPS,Aungmyethazan,MMR009001,Mandalay Region,MMR009,township,,"15th St., Between 88th St. and 89th St., Minde Ei King,, Aung Myay Thar Zan Township, Mandalay , Myanmar","09-950710378, 09-2051770",Mandalay,active,,https://www.edge.com.mm/listing/aung-myay-thar-san-b-e-p-s-27-u132780.html
MMR009001-BEPS28,Basic Education Primary School No. 28 Aungmyethazan (အမှတ် (28) အခြေခံပညာမူလတန်းကျောင်း အောင်မြေသာစံ (အ.မ.က 28 အောင်မြေသာစံ)),BEPS,Aungmyethazan,MMR009001,Mandalay Region,MMR009,township,,"Bet; 18 St. and 19 St. & Bet; 90 St. and 91 St., Minde Ei King,, Aung Myay Thar Zan Township, Mandalay , Myanmar",09-402592061,Mandalay,active,,https://www.edge.com.mm/listing/aung-myay-thar-san-b-e-p-s-28-u132788.html
MMR009001-BEPS29,Basic Education Primary School No. 29 Aungmyethazan (အမှတ် (29) အခြေခံပညာမူလတန်းကျောင်း အောင်မြေသာစံ (အ.မ.က 29 အောင်မြေသာစံ)),BEPS,Aungmyethazan,MMR009001,Mandalay Region,MMR009,township,,"88th St., Between 18th St. and 19th St., Aung Myay Thar San,, Aung Myay Thar Zan Township, Mandalay , Myanmar",09-259019362,Mandalay,active,,https://www.edge.com.mm/listing/aung-myay-thar-san-b-e-p-s-29-u132882.html
MMR009001-BEPS02,Basic Education Primary School No. 2 Aungmyethazan (အမှတ် (2) အခြေခံပညာမူလတန်းကျောင်း အောင်မြေသာစံ (အ.မ.က 2 အောင်မြေသာစံ)),BEPS,Aungmyethazan,MMR009001,Mandalay Region,MMR009,township,,"Bet; 20 St. and 21 St. & Bet; 63 St. and 64 St., Ah Hnake Taw,, Aung Myay Thar Zan Township, Mandalay , Myanmar","09-33068316, 09-256517392",Mandalay,active,,https://www.edge.com.mm/listing/aung-myay-thar-san-b-e-p-s-2-u132913.html
MMR009001-BEPS31,Basic Education Primary School No. 31 Aungmyethazan (အမှတ် (31) အခြေခံပညာမူလတန်းကျောင်း အောင်မြေသာစံ (အ.မ.က 31 အောင်မြေသာစံ)),BEPS,Aungmyethazan,MMR009001,Mandalay Region,MMR009,township,,"Block-41, Aoe Bo,, Aung Myay Thar Zan Township, Mandalay , Myanmar",09-797471151,Mandalay,active,,https://www.edge.com.mm/listing/aung-myay-thar-san-b-e-p-s-31-u132900.html
MMR009001-BEPS32,Basic Education Primary School No. 32 Aungmyethazan (အမှတ် (32) အခြေခံပညာမူလတန်းကျောင်း အောင်မြေသာစံ (အ.မ.က 32 အောင်မြေသာစံ)),BEPS,Aungmyethazan,MMR009001,Mandalay Region,MMR009,township,,"80th St., West Beer Factory, Amara Htar Ni East,, Aung Myay Thar Zan Township, Mandalay , Myanmar",09-256360617,Mandalay,active,,https://www.edge.com.mm/listing/aung-myay-thar-san-b-e-p-s-32-u132851.html
MMR009001-BEPS33,Basic Education Primary School No. 33 Aungmyethazan (အမှတ် (33) အခြေခံပညာမူလတန်းကျောင်း အောင်မြေသာစံ (အ.မ.က 33 အောင်မြေသာစံ)),BEPS,Aungmyethazan,MMR009001,Mandalay Region,MMR009,township,,"Mahar Nadi St., Aoke Sat, Nan Shae, Daw Na Bwar,, Aung Myay Thar Zan Township, Mandalay , Myanmar",09-402577636,Mandalay,active,,https://www.edge.com.mm/listing/aung-myay-thar-san-b-e-p-s-33-u132912.html
MMR009001-BEPS34,Basic Education Primary School No. 34 Aungmyethazan (အမှတ် (34) အခြေခံပညာမူလတန်းကျောင်း အောင်မြေသာစံ (အ.မ.က 34 အောင်မြေသာစံ)),BEPS,Aungmyethazan,MMR009001,Mandalay Region,MMR009,township,Nan Shae Pyi Taw Tar Housing,"Nan Shae Pyi Taw Tar Housing, Daw Na Bwar,, Aung Myay Thar Zan Township, Mandalay , Myanmar","09-429828411, 09-259001112",Mandalay,active,,https://www.edge.com.mm/listing/aung-myay-thar-san-b-e-p-s-34-u132910.html
MMR009001-BEPS35,Basic Education Primary School No. 35 Aungmyethazan (အမှတ် (35) အခြေခံပညာမူလတန်းကျောင်း အောင်မြေသာစံ (အ.မ.က 35 အောင်မြေသာစံ)),BEPS,Aungmyethazan,MMR009001,Mandalay Region,MMR009,township,Padamyar Taw Ward,"Block-445, Padamyar Taw Ward, Aoe Bo,, Aung Myay Thar Zan Township, Mandalay , Myanmar",09-954624665,Mandalay,active,,https://www.edge.com.mm/listing/aung-myay-thar-san-b-e-p-s-35-u132903.html
MMR009001-BEPS36,Basic Education Primary School No. 36 Aungmyethazan (အမှတ် (36) အခြေခံပညာမူလတန်းကျောင်း အောင်မြေသာစံ (အ.မ.က 36 အောင်မြေသာစံ)),BEPS,Aungmyethazan,MMR009001,Mandalay Region,MMR009,township,,"25th St., Between 86th St. and 87th St., Thiri Marlar East,, Aung Myay Thar Zan Township, Mandalay , Myanmar","09-797964771, 09-33735500",Mandalay,active,,https://www.edge.com.mm/listing/aung-myay-thar-san-b-e-p-s-36-u132815.html
MMR009001-BEPS37,Basic Education Primary School No. 37 Aungmyethazan (အမှတ် (37) အခြေခံပညာမူလတန်းကျောင်း အောင်မြေသာစံ (အ.မ.က 37 အောင်မြေသာစံ)),BEPS,Aungmyethazan,MMR009001,Mandalay Region,MMR009,township,,"90th St., Between 23rd St. and 24th St., Thiri Marlar East,, Aung Myay Thar Zan Township, Mandalay , Myanmar","09-402664487, 09-797958468",Mandalay,active,,https://www.edge.com.mm/listing/aung-myay-thar-san-b-e-p-s-37-u160017.html
MMR009001-BEPS38,Basic Education Primary School No. 38 Aungmyethazan (အမှတ် (38) အခြေခံပညာမူလတန်းကျောင်း အောင်မြေသာစံ (အ.မ.က 38 အောင်မြေသာစံ)),BEPS,Aungmyethazan,MMR009001,Mandalay Region,MMR009,township,,"91th St., Between 22nd St. and 23rd St., Near Aung Myay Mandalar Play Ground, Thiri Marlar West,, Aung Myay Thar Zan Township, Mandalay , Myanmar",09-402524407,Mandalay,active,,https://www.edge.com.mm/listing/aung-myay-thar-san-b-e-p-s-38-u132801.html
MMR009001-BEPS39,Basic Education Primary School No. 39 Aungmyethazan (အမှတ် (39) အခြေခံပညာမူလတန်းကျောင်း အောင်မြေသာစံ (အ.မ.က 39 အောင်မြေသာစံ)),BEPS,Aungmyethazan,MMR009001,Mandalay Region,MMR009,township,,"Bet; 24 St. and 25 St. & Bet; 88 St. and 89 St., Thiri Marlar East,, Aung Myay Thar Zan Township, Mandalay , Myanmar",09-256517398,Mandalay,active,,https://www.edge.com.mm/listing/aung-myay-thar-san-b-e-p-s-39-u132887.html
MMR009001-BEPS03,Basic Education Primary School No. 3 Aungmyethazan (အမှတ် (3) အခြေခံပညာမူလတန်းကျောင်း အောင်မြေသာစံ (အ.မ.က 3 အောင်မြေသာစံ)),BEPS,Aungmyethazan,MMR009001,Mandalay Region,MMR009,township,,"10th St., Inside East of Mandalay Hill, Pa Pa Na Army, Daw Na Bwar,, Aung Myay Thar Zan Township, Mandalay , Myanmar",09-43111592,Mandalay,active,,https://www.edge.com.mm/listing/aung-myay-thar-san-b-e-p-s-3-u132896.html
MMR009001-BEPS40,Basic Education Primary School No. 40 Aungmyethazan (အမှတ် (40) အခြေခံပညာမူလတန်းကျောင်း အောင်မြေသာစံ (အ.မ.က 40 အောင်မြေသာစံ)),BEPS,Aungmyethazan,MMR009001,Mandalay Region,MMR009,township,Ahlail Baung Ward,"Block-207, Ahlail Baung Ward, Thiri Marlar West,, Aung Myay Thar Zan Township, Mandalay , Myanmar",09-2059882,Mandalay,active,,https://www.edge.com.mm/listing/aung-myay-thar-san-b-e-p-s-40-u132814.html
MMR009001-BEPS04,Basic Education Primary School No. 4 Aungmyethazan (အမှတ် (4) အခြေခံပညာမူလတန်းကျောင်း အောင်မြေသာစံ (အ.မ.က 4 အောင်မြေသာစံ)),BEPS,Aungmyethazan,MMR009001,Mandalay Region,MMR009,township,,"63th St., Between 17th St. and 18th St., Daw Na Bwar,, Aung Myay Thar Zan Township, Mandalay , Myanmar",09-402550861,Mandalay,active,,https://www.edge.com.mm/listing/aung-myay-thar-san-b-e-p-s-4-u132831.html
MMR009001-BEPS05,Basic Education Primary School No. 5 Aungmyethazan (အမှတ် (5) အခြေခံပညာမူလတန်းကျောင်း အောင်မြေသာစံ (အ.မ.က 5 အောင်မြေသာစံ)),BEPS,Aungmyethazan,MMR009001,Mandalay Region,MMR009,township,,"Inside Nan Myoth, Oo Poat Taw,, Aung Myay Thar Zan Township, Mandalay , Myanmar",09-256566843,Mandalay,active,,https://www.edge.com.mm/listing/aung-myay-thar-san-b-e-p-s-5-u132768.html
MMR009001-BEPS06,Basic Education Primary School No. 6 Aungmyethazan (အမှတ် (6) အခြေခံပညာမူလတန်းကျောင်း အောင်မြေသာစံ (အ.မ.က 6 အောင်မြေသာစံ)),BEPS,Aungmyethazan,MMR009001,Mandalay Region,MMR009,township,,"Inside Nan Myoth, Oo Poat Taw,, Aung Myay Thar Zan Township, Mandalay , Myanmar",09-259000115,Mandalay,active,,https://www.edge.com.mm/listing/aung-myay-thar-san-b-e-p-s-6-u132770.html
MMR009001-BEPS08,Basic Education Primary School No. 8 Aungmyethazan (အမှတ် (8) အခြေခံပညာမူလတန်းကျောင်း အောင်မြေသာစံ (အ.မ.က 8 အောင်မြေသာစံ)),BEPS,Aungmyethazan,MMR009001,Mandalay Region,MMR009,township,,"Block-Kha-416, North Pita Kat Tike Taw Gyi, Mandalay Hill, Oo Poat Taw,, Aung Myay Thar Zan Township, Mandalay , Myanmar","09-257098879, 09-774071288",Mandalay,active,,https://www.edge.com.mm/listing/aung-myay-thar-san-b-e-p-s-8-u132766.html
MMR009001-BEPS09,Basic Education Primary School No. 9 Aungmyethazan (အမှတ် (9) အခြေခံပညာမူလတန်းကျောင်း အောင်မြေသာစံ (အ.မ.က 9 အောင်မြေသာစံ)),BEPS,Aungmyethazan,MMR009001,Mandalay Region,MMR009,township,Aupote Taw Ward,"9th St., Corner of 75th St., Aupote Taw Ward, Oo Poat Taw,, Aung Myay Thar Zan Township, Mandalay , Myanmar",09-259001113,Mandalay,active,,https://www.edge.com.mm/listing/aung-myay-thar-san-b-e-p-s-9-u132890.html
MMR009001-PV02,Aung Myay Thar San Township Education Office,PV,Aungmyethazan,MMR009001,Mandalay Region,MMR009,township,,"81th St., Between 23rd St. and 24th St., Pyi Gyi Kyat Tha Yay East,, Aung Myay Thar Zan Township, Mandalay , Myanmar",02-4060761,Mandalay,active,,https://www.edge.com.mm/listing/aung-myay-thar-san-township-education-office-u25225610.html
MMR009001-BEPS12,Basic Education Primary School No. 12 Aungmyethazan (အမှတ် (12) အခြေခံပညာမူလတန်းကျောင်း အောင်မြေသာစံ (အ.မ.က 12 အောင်မြေသာစံ)),BEPS,Aungmyethazan,MMR009001,Mandalay Region,MMR009,township,,"26th St., Between 90th St. and 91th St., Thiri Marlar West,, Aung Myay Thar Zan Township, Mandalay , Myanmar","09-259001117, 09-954157217",Mandalay,active,,https://www.edge.com.mm/listing/aung-myay-thar-zan-b-e-p-s-12-u132820.html
MMR009001-BEPS24,Basic Education Primary School No. 24 Aungmyethazan (အမှတ် (24) အခြေခံပညာမူလတန်းကျောင်း အောင်မြေသာစံ (အ.မ.က 24 အောင်မြေသာစံ)),BEPS,Aungmyethazan,MMR009001,Mandalay Region,MMR009,township,,"Bet; 17 St. and 18 St. & Bet; 87 St. and 88 St., Aung Myay Thar San,, Aung Myay Thar Zan Township, Mandalay , Myanmar",09-402678909,Mandalay,active,,https://www.edge.com.mm/listing/aung-myay-thar-zan-b-e-p-s-24-u132877.html
MMR013007-PV06,Aung Say,PV,Mayangone,MMR013007,Yangon Region,MMR013,township,Ward (1),"648, Thamaing Butar Yone 5th St., Corner of Thamaing Butar Yon Rd., Ward (1),, Mayangone Township, Yangon , Myanmar","09-421023441, 09-795233449",Yangon,active,,https://www.edge.com.mm/listing/aung-say-l133672.html
MMR013013-PV10,Aung Thapyay,PV,North Okkalapa,MMR013013,Yangon Region,MMR013,township,Hta Wun Bae Ward,"617, Tha Pyay St., Infront Of B.E.M.S (2), Hta Wun Bae Ward,, North Okkalapa Township, Yangon , Myanmar","09-421129669, 09-5060487, 09-795878979",Yangon,active,,https://www.edge.com.mm/listing/aung-thapyay-l122108.html
MMR009007-BEHS01,Basic Education High School Patheingyi (အခြေခံပညာအထက်တန်းကျောင်း ပုသိမ်ကြီး),BEHS,Patheingyi,MMR009007,Mandalay Region,MMR009,township,Lat Kaung Village,"Mandalay-Pyin Oo Lwin Down St., Lat Kaung Village,, Patheingyi Township, Mandalay , Myanmar",09-427991205,Mandalay,active,,https://www.edge.com.mm/listing/b-e-h-s-lat-kaung-u25234719.html
MMR009007-BEHS02,Basic Education High School Patheingyi (အခြေခံပညာအထက်တန်းကျောင်း ပုသိမ်ကြီး),BEHS,Patheingyi,MMR009007,Mandalay Region,MMR009,township,Mya Kan Thar Village,"Mandalay-Mogoke St., Mya Kan Thar Village,, Patheingyi Township, Mandalay , Myanmar",09-256048118,Mandalay,active,,https://www.edge.com.mm/listing/b-e-h-s-mya-kan-thar-u247719.html
MMR009006-BEHS03,Basic Education High School Amarapura (အခြေခံပညာအထက်တန်းကျောင်း အမရပူရ),BEHS,Amarapura,MMR009006,Mandalay Region,MMR009,township,Hman Tan Ward,"Taung Taman St.., Inside Pa La Sa(2), Hman Tan Ward,, Amarapura Township, Mandalay , Myanmar",09-428355881,Mandalay,active,,https://www.edge.com.mm/listing/b-e-h-s-pa-la-sa-2-u247353.html
MMR005001-BEHS01,Basic Education High School Sagaing (အခြေခံပညာအထက်တန်းကျောင်း စစ်ကိုင်း),BEHS,Sagaing,MMR005001,Sagaing Region,MMR005,township,Shwe Min Won Ward,"25 St, Shwe Min Won Ward,, Sagaing Township, Sagaing , Myanmar","09-780686682, 09-444028010",Sagaing,active,,https://www.edge.com.mm/listing/b-e-h-s-training-u25256496.html
MMR009007-BEMS01,Basic Education Middle School Patheingyi (အခြေခံပညာအလယ်တန်းကျောင်း ပုသိမ်ကြီး),BEMS,Patheingyi,MMR009007,Mandalay Region,MMR009,township,Htone Bo Village,"Mandalay-Pyin Oo Lwin Up St., Htone Bo Village,, Patheingyi Township, Mandalay , Myanmar",09-402578095,Mandalay,active,,https://www.edge.com.mm/listing/b-e-m-s-htone-bo-u02522201.html
MMR007001-BEHS01,Basic Education High School No. 1 Bago (အမှတ် (1) အခြေခံပညာအထက်တန်းကျောင်း ပဲခူး (အ.ထ.က 1 ပဲခူး)),BEHS,Bago,MMR007001,Bago Region,MMR007,township,,"Shwe Maw Daw Pagoda Rd.,, Bago Township, Bago , Myanmar",052-2221007,Bago,active,,https://www.edge.com.mm/listing/bago-b-e-h-s-1-l00256553.html
MMR007001-BEHS02,Basic Education High School No. 2 Bago (အမှတ် (2) အခြေခံပညာအထက်တန်းကျောင်း ပဲခူး (အ.ထ.က 2 ပဲခူး)),BEHS,Bago,MMR007001,Bago Region,MMR007,township,Zay Pine Ward,"20th St., Corner of Nyunt Yote Shin Yone St.(Mee That St.), Zay Pine Ward,, Bago Township, Bago , Myanmar",052-2224073,Bago,active,,https://www.edge.com.mm/listing/bago-b-e-h-s-2-l00256554.html
MMR007001-BEHS03,Basic Education High School No. 3 Bago (အမှတ် (3) အခြေခံပညာအထက်တန်းကျောင်း ပဲခူး (အ.ထ.က 3 ပဲခူး)),BEHS,Bago,MMR007001,Bago Region,MMR007,township,Pann Hlaing Ward,"Min Rd., Pann Hlaing Ward,, Bago Township, Bago , Myanmar",052-2221195,Bago,active,,https://www.edge.com.mm/listing/bago-b-e-h-s-3-l00256556.html
MMR007001-BEHS04,Basic Education High School No. 4 Bago (အမှတ် (4) အခြေခံပညာအထက်တန်းကျောင်း ပဲခူး (အ.ထ.က 4 ပဲခူး)),BEHS,Bago,MMR007001,Bago Region,MMR007,township,Zaingganaing(North)Ward,"Butar Yon St., Zaingganaing(North)Ward,, Bago Township, Bago , Myanmar",052-2221307,Bago,active,,https://www.edge.com.mm/listing/bago-b-e-h-s-4-l00256558.html
MMR007001-BEHS05,Basic Education High School No. 5 Bago (အမှတ် (5) အခြေခံပညာအထက်တန်းကျောင်း ပဲခူး (အ.ထ.က 5 ပဲခူး)),BEHS,Bago,MMR007001,Bago Region,MMR007,township,Zaingganaing(North)Ward,"Butar Yon St., Zaingganaing(North)Ward,, Bago Township, Bago , Myanmar",052-2230262,Bago,active,,https://www.edge.com.mm/listing/bago-b-e-h-s-5-l00256560.html
MMR007001-BEHS06,Basic Education High School No. 6 Bago (အမှတ် (6) အခြေခံပညာအထက်တန်းကျောင်း ပဲခူး (အ.ထ.က 6 ပဲခူး)),BEHS,Bago,MMR007001,Bago Region,MMR007,township,Nan Taw Yar Ward,"Nan Taw Yar Ward,, Bago Township, Bago , Myanmar",052-2221311,Bago,active,,https://www.edge.com.mm/listing/bago-b-e-h-s-6-l00256561.html
MMR007001-BEHS07,Basic Education High School No. 7 Bago (အမှတ် (7) အခြေခံပညာအထက်တန်းကျောင်း ပဲခူး (အ.ထ.က 7 ပဲခူး)),BEHS,Bago,MMR007001,Bago Region,MMR007,township,Kalayar Ni Ward,"Shwe Gulay St., Kalayar Ni Ward,, Bago Township, Bago , Myanmar",09-792528589,Bago,active,,https://www.edge.com.mm/listing/bago-b-e-h-s-7-l00257289.html
MMR007001-BEPS01,Basic Education Primary School Bago (အခြေခံပညာမူလတန်းကျောင်း ပဲခူး),BEPS,Bago,MMR007001,Bago Region,MMR007,township,Oak Thar Myoe Thit (9) Ward,"Yangon-Mandalay Rd., Near Bago Toll Gate, Oak Thar Myoe Thit (9) Ward,, Bago Township, Bago , Myanmar",09-971633944,Bago,active,,https://www.edge.com.mm/listing/bago-b-e-p-s-pwel-sar-gyi-gone-l00256566.html
MMR013002-BEHS01,Basic Education High School No. 1 Bahan (အမှတ် (1) အခြေခံပညာအထက်တန်းကျောင်း ဗဟန်း (အ.ထ.က 1 ဗဟန်း)),BEHS,Bahan,MMR013002,Yangon Region,MMR013,township,Shwe Taung Gyar Ward (2),"241, Dhama Zayti Rd., Shwe Taung Gyar Ward (2),, Bahan Township, Yangon , Myanmar","01-559893, 09-797320895",Yangon,active,,https://www.edge.com.mm/listing/bahan-b-e-h-s-1-l2194.html
MMR013002-BEHS02,Basic Education High School No. 2 Bahan (အမှတ် (2) အခြေခံပညာအထက်တန်းကျောင်း ဗဟန်း (အ.ထ.က 2 ဗဟန်း)),BEHS,Bahan,MMR013002,Yangon Region,MMR013,township,Saya San Ward,"106, Kaba Aye Pagoda Rd., Saya San Ward,, Bahan Township, Yangon , Myanmar","01-554107, 01-548965, 09-971352470",Yangon,active,,https://www.edge.com.mm/listing/bahan-b-e-h-s-2-l2195.html
MMR013002-BEMS01,Basic Education Middle School No. 1 Bahan (အမှတ် (1) အခြေခံပညာအလယ်တန်းကျောင်း ဗဟန်း (အ.လ.က 1 ဗဟန်း)),BEMS,Bahan,MMR013002,Yangon Region,MMR013,township,Bo Cho Ward (1),"73, Ngar Htat Kyee Pagoda Rd., Bo Cho Ward (1),, Bahan Township, Yangon , Myanmar","01-556348, 09-450019593",Yangon,active,,https://www.edge.com.mm/listing/bahan-b-e-m-s-1-l2323.html
MMR013002-BEMS02,Basic Education Middle School No. 2 Bahan (အမှတ် (2) အခြေခံပညာအလယ်တန်းကျောင်း ဗဟန်း (အ.လ.က 2 ဗဟန်း)),BEMS,Bahan,MMR013002,Yangon Region,MMR013,township,Bo Sein Hman Ward,"28/30, Bo Sein Hman St., Bo Sein Hman Ward,, Bahan Township, Yangon , Myanmar","01-556495, 09-421047698",Yangon,active,,https://www.edge.com.mm/listing/bahan-b-e-m-s-2-l2324.html
MMR013002-BEMS03,Basic Education Middle School No. 3 Bahan (အမှတ် (3) အခြေခံပညာအလယ်တန်းကျောင်း ဗဟန်း (အ.လ.က 3 ဗဟန်း)),BEMS,Bahan,MMR013002,Yangon Region,MMR013,township,Shwe Gon Daing (West) Ward,"Shwe Gon Daing Rd., Shwe Gon Daing (West) Ward,, Bahan Township, Yangon , Myanmar","01-555687, 09-421103256",Yangon,active,,https://www.edge.com.mm/listing/bahan-b-e-m-s-3-l2331.html
MMR013002-BEPS10,Basic Education Primary School No. 10 Bahan (အမှတ် (10) အခြေခံပညာမူလတန်းကျောင်း ဗဟန်း (အ.မ.က 10 ဗဟန်း)),BEPS,Bahan,MMR013002,Yangon Region,MMR013,township,Bo Cho Ward (2),"Moe Ma Kha St., Bo Cho Ward (2),, Bahan Township, Yangon , Myanmar","09-73903943, 01-8604497 [Office]",Yangon,active,,https://www.edge.com.mm/listing/bahan-b-e-p-s-10-l2681.html
MMR013002-BEPS12,Basic Education Primary School No. 12 Bahan (အမှတ် (12) အခြေခံပညာမူလတန်းကျောင်း ဗဟန်း (အ.မ.က 12 ဗဟန်း)),BEPS,Bahan,MMR013002,Yangon Region,MMR013,township,Ngarr Htatt Gyee (South) Ward,"611, Shwe Gon Daing Rd., Ngarr Htatt Gyee (South) Ward,, Bahan Township, Yangon , Myanmar",09-448041228,Yangon,active,,https://www.edge.com.mm/listing/bahan-b-e-p-s-12-l2683.html
MMR013002-BEPS13,Basic Education Primary School No. 13 Bahan (အမှတ် (13) အခြေခံပညာမူလတန်းကျောင်း ဗဟန်း (အ.မ.က 13 ဗဟန်း)),BEPS,Bahan,MMR013002,Yangon Region,MMR013,township,Ingyin Myaing Housing,"13, Bo Cho St., Ingyin Myaing Housing,, Bahan Township, Yangon , Myanmar","01-8604498, 09-421129715",Yangon,active,,https://www.edge.com.mm/listing/bahan-b-e-p-s-13-l2690.html
MMR013002-BEPS14,Basic Education Primary School No. 14 Bahan (အမှတ် (14) အခြေခံပညာမူလတန်းကျောင်း ဗဟန်း (အ.မ.က 14 ဗဟန်း)),BEPS,Bahan,MMR013002,Yangon Region,MMR013,township,Shwe Gon Yeikmon Housing,"74/A, Kaba Aye Pagoda Rd., Shwe Gon Yeikmon Housing, Koh Minn Koh Chin Ward,, Bahan Township, Yangon , Myanmar",09-31151477,Yangon,active,,https://www.edge.com.mm/listing/bahan-b-e-p-s-14-l2698.html
MMR013002-BEPS16,Basic Education Primary School No. 16 Bahan (အမှတ် (16) အခြေခံပညာမူလတန်းကျောင်း ဗဟန်း (အ.မ.က 16 ဗဟန်း)),BEPS,Bahan,MMR013002,Yangon Region,MMR013,township,Shwe Taung Gyar Ward (1),"112, Than Lwin Rd., Shwe Taung Gyar Ward (1),, Bahan Township, Yangon , Myanmar","09-420242637, 01-2306123",Yangon,active,,https://www.edge.com.mm/listing/bahan-b-e-p-s-16-l2699.html
MMR013002-BEPS17,Basic Education Primary School No. 17 Bahan (အမှတ် (17) အခြေခံပညာမူလတန်းကျောင်း ဗဟန်း (အ.မ.က 17 ဗဟန်း)),BEPS,Bahan,MMR013002,Yangon Region,MMR013,township,Shwe Gon Daing (West) Ward,"123, Oak St.(West Shwe Gon Daing), Shwe Gon Daing (West) Ward,, Bahan Township, Yangon , Myanmar",09-421096941,Yangon,active,,https://www.edge.com.mm/listing/bahan-b-e-p-s-17-l2705.html
MMR013002-BEPS01,Basic Education Primary School No. 1 Bahan (အမှတ် (1) အခြေခံပညာမူလတန်းကျောင်း ဗဟန်း (အ.မ.က 1 ဗဟန်း)),BEPS,Bahan,MMR013002,Yangon Region,MMR013,township,Saya San Ward,"138, Kaba Aye Pagoda Rd., Corner of New University Avenue Rd., Kokkine, Saya San Ward,, Bahan Township, Yangon , Myanmar","01-555514, 09-250027229",Yangon,active,,https://www.edge.com.mm/listing/bahan-b-e-p-s-1-l2667.html
MMR013002-BEPS21,Basic Education Primary School No. 21 Bahan (အမှတ် (21) အခြေခံပညာမူလတန်းကျောင်း ဗဟန်း (အ.မ.က 21 ဗဟန်း)),BEPS,Bahan,MMR013002,Yangon Region,MMR013,township,Myoma Ward,"29, Old Yae Tar Shae Rd., Myoma Ward,, Bahan Township, Yangon , Myanmar",09-450035697,Yangon,active,,https://www.edge.com.mm/listing/bahan-b-e-p-s-21-l2716.html
MMR013002-BEPS22,Basic Education Primary School No. 22 Bahan (အမှတ် (22) အခြေခံပညာမူလတန်းကျောင်း ဗဟန်း (အ.မ.က 22 ဗဟန်း)),BEPS,Bahan,MMR013002,Yangon Region,MMR013,township,Yae Tar Shay Ward,"New Yae Tar Shae St., Yae Tar Shay Ward,, Bahan Township, Yangon , Myanmar",09-421173847,Yangon,active,,https://www.edge.com.mm/listing/bahan-b-e-p-s-22-l2717.html
MMR013002-BEPS24,Basic Education Primary School No. 24 Bahan (အမှတ် (24) အခြေခံပညာမူလတန်းကျောင်း ဗဟန်း (အ.မ.က 24 ဗဟန်း)),BEPS,Bahan,MMR013002,Yangon Region,MMR013,township,Shwe Gon Daing (East) Ward,"Shwe Gon Daing Rd., Sir. Pho Thar Chan, Shwe Gon Daing (East) Ward,, Bahan Township, Yangon , Myanmar","09-420017479, 01-8604409",Yangon,active,,https://www.edge.com.mm/listing/bahan-b-e-p-s-24-l2718.html
MMR013002-BEPS25,Basic Education Primary School No. 25 Bahan (အမှတ် (25) အခြေခံပညာမူလတန်းကျောင်း ဗဟန်း (အ.မ.က 25 ဗဟန်း)),BEPS,Bahan,MMR013002,Yangon Region,MMR013,township,Bo Sein Hman Ward,"Bo Hmue Aung St., Bo Sein Hman Playground, Bo Sein Hman Ward,, Bahan Township, Yangon , Myanmar","09-448002684, 01-8604500",Yangon,active,,https://www.edge.com.mm/listing/bahan-b-e-p-s-25-l2719.html
MMR013002-BEPS03,Basic Education Primary School No. 3 Bahan (အမှတ် (3) အခြေခံပညာမူလတန်းကျောင်း ဗဟန်း (အ.မ.က 3 ဗဟန်း)),BEPS,Bahan,MMR013002,Yangon Region,MMR013,township,Shwe Taung Gyar Ward (1),"15, Kanbawza St., Shwe Taung Gyar Ward (1),, Bahan Township, Yangon , Myanmar","01-538741, 09-73054201",Yangon,active,,https://www.edge.com.mm/listing/bahan-b-e-p-s-3-l2674.html
MMR013002-BEPS04,Basic Education Primary School No. 4 Bahan (အမှတ် (4) အခြေခံပညာမူလတန်းကျောင်း ဗဟန်း (အ.မ.က 4 ဗဟန်း)),BEPS,Bahan,MMR013002,Yangon Region,MMR013,township,Saya San (North-East) Ward,"20, Myoh Patt (East) St., Saya San (North-East) Ward,, Bahan Township, Yangon , Myanmar","09-420176960, 01-8604491",Yangon,active,,https://www.edge.com.mm/listing/bahan-b-e-p-s-4-l2675.html
MMR013002-BEPS05,Basic Education Primary School No. 5 Bahan (အမှတ် (5) အခြေခံပညာမူလတန်းကျောင်း ဗဟန်း (အ.မ.က 5 ဗဟန်း)),BEPS,Bahan,MMR013002,Yangon Region,MMR013,township,Saya San (South) Ward,"Min St., Saya San (South) Ward,, Bahan Township, Yangon , Myanmar","01-8604492, 09-979936280",Yangon,active,,https://www.edge.com.mm/listing/bahan-b-e-p-s-5-l2676.html
MMR013002-BEPS06,Basic Education Primary School No. 6 Bahan (အမှတ် (6) အခြေခံပညာမူလတန်းကျောင်း ဗဟန်း (အ.မ.က 6 ဗဟန်း)),BEPS,Bahan,MMR013002,Yangon Region,MMR013,township,Saya San (North-West) Ward,"16, Tint San St., Saya San (North-West) Ward,, Bahan Township, Yangon , Myanmar","09-73005649, 01-8604493",Yangon,active,,https://www.edge.com.mm/listing/bahan-b-e-p-s-6-l2677.html
MMR013002-BEPS07,Basic Education Primary School No. 7 Bahan (အမှတ် (7) အခြေခံပညာမူလတန်းကျောင်း ဗဟန်း (အ.မ.က 7 ဗဟန်း)),BEPS,Bahan,MMR013002,Yangon Region,MMR013,township,Saya San (North-West) Ward,"71, Baho (West) St., Saya San (North-West) Ward,, Bahan Township, Yangon , Myanmar","01-8604494, 09-250284776",Yangon,active,,https://www.edge.com.mm/listing/bahan-b-e-p-s-7-l2678.html
MMR013002-BEPS08,Basic Education Primary School No. 8 Bahan (အမှတ် (8) အခြေခံပညာမူလတန်းကျောင်း ဗဟန်း (အ.မ.က 8 ဗဟန်း)),BEPS,Bahan,MMR013002,Yangon Region,MMR013,township,Saya San (South) Ward,"Maha Myintmoh St., Saya San (South) Ward,, Bahan Township, Yangon , Myanmar","01-8604495, 09-31355030",Yangon,active,,https://www.edge.com.mm/listing/bahan-b-e-p-s-8-l2679.html
MMR005007-BEHS01,Basic Education High School Tamu (အခြေခံပညာအထက်တန်းကျောင်း တမူး),BEHS,Tamu,MMR005007,Sagaing Region,MMR005,township,Myoth Ma Ward,"Tamu Pagoda Street, Myoth Ma Ward,, Tamu Township, Sagaing , Myanmar",073-40100,Sagaing,active,,https://www.edge.com.mm/listing/basic-education-high-school-u25246645.html
MMR005006-BEHS01,Basic Education High School No. 1 Shwebo (အမှတ် (1) အခြေခံပညာအထက်တန်းကျောင်း ရွှေဘို (အ.ထ.က 1 ရွှေဘို)),BEHS,Shwebo,MMR005006,Sagaing Region,MMR005,township,No(2)Ward,"Yan Gyi Aung St, No(2)Ward,, Shwe Bo Township, Sagaing , Myanmar",075-21065,Sagaing,active,,https://www.edge.com.mm/listing/basic-education-high-school-1-u25246794.html
MMR005004-BEHS01,Basic Education High School No. 1 Kalay (အမှတ် (1) အခြေခံပညာအထက်တန်းကျောင်း ကလေး (အ.ထ.က 1 ကလေး)),BEHS,Kalay,MMR005004,Sagaing Region,MMR005,township,Aung Myay Man Ward,"Bogyoke St., Aung Myay Man Ward,, Kale Township, Sagaing , Myanmar",073-21048,Sagaing,active,,https://www.edge.com.mm/listing/basic-education-high-school-1-u25246590.html
MMR005006-BEHS02,Basic Education High School No. 2 Shwebo (အမှတ် (2) အခြေခံပညာအထက်တန်းကျောင်း ရွှေဘို (အ.ထ.က 2 ရွှေဘို)),BEHS,Shwebo,MMR005006,Sagaing Region,MMR005,township,Htu Htaung Yay Ward,"Yan Gyi Aung St, Htu Htaung Yay Ward, No(10)Ward,, Shwe Bo Township, Sagaing , Myanmar",075-21027,Sagaing,active,,https://www.edge.com.mm/listing/basic-education-high-school-2-u25246792.html
MMR005004-BEHS02,Basic Education High School No. 2 Kalay (အမှတ် (2) အခြေခံပညာအထက်တန်းကျောင်း ကလေး (အ.ထ.က 2 ကလေး)),BEHS,Kalay,MMR005004,Sagaing Region,MMR005,township,Taung Philar Ward,"Taung Philar Golf Clug St, Taung Philar Ward,, Kale Township, Sagaing , Myanmar",073-21226,Sagaing,active,,https://www.edge.com.mm/listing/basic-education-high-school-2-u25246591.html
MMR005006-BEHS03,Basic Education High School No. 3 Shwebo (အမှတ် (3) အခြေခံပညာအထက်တန်းကျောင်း ရွှေဘို (အ.ထ.က 3 ရွှေဘို)),BEHS,Shwebo,MMR005006,Sagaing Region,MMR005,township,No(4)Ward,"Lat Wae Thondaya St, No(4)Ward,, Shwe Bo Township, Sagaing , Myanmar",075-21077,Sagaing,active,,https://www.edge.com.mm/listing/basic-education-high-school-3-u25246799.html
MMR005006-BEHS04,Basic Education High School Shwebo (အခြေခံပညာအထက်တန်းကျောင်း ရွှေဘို),BEHS,Shwebo,MMR005006,Sagaing Region,MMR005,township,Sate Khon Village,"Sate Khon Village,, Shwe Bo Township, Sagaing , Myanmar",075-75008,Sagaing,active,,https://www.edge.com.mm/listing/basic-education-high-school-seik-khun-u25246798.html
MMR005007-BEMS01,Basic Education Middle School Tamu (အခြေခံပညာအလယ်တန်းကျောင်း တမူး),BEMS,Tamu,MMR005007,Sagaing Region,MMR005,township,Zay Tan Ward,"Zay Tan Ward,, Tamu Township, Sagaing , Myanmar",073-40738,Sagaing,active,,https://www.edge.com.mm/listing/basic-education-middle-school-u25246644.html
MMR005006-BEMS01,Basic Education Middle School No. 1 Shwebo (အမှတ် (1) အခြေခံပညာအလယ်တန်းကျောင်း ရွှေဘို (အ.လ.က 1 ရွှေဘို)),BEMS,Shwebo,MMR005006,Sagaing Region,MMR005,township,Won Taw Eain Ward,"Shwe Bo-Sate Khon St, Won Taw Eain Ward, No(8)Ward,, Shwe Bo Township, Sagaing , Myanmar",075-22524,Sagaing,active,,https://www.edge.com.mm/listing/basic-education-middle-school-1-u25246795.html
MMR005004-BEMS01,Basic Education Middle School No. 1 Kalay (အမှတ် (1) အခြေခံပညာအလယ်တန်းကျောင်း ကလေး (အ.လ.က 1 ကလေး)),BEMS,Kalay,MMR005004,Sagaing Region,MMR005,township,Aung Mingalar Ward,"Aung Mingalar Ward,, Kale Township, Sagaing , Myanmar",073-21040,Sagaing,active,,https://www.edge.com.mm/listing/basic-education-middle-school-1-u25246595.html
MMR005006-BEMS02,Basic Education Middle School No. 2 Shwebo (အမှတ် (2) အခြေခံပညာအလယ်တန်းကျောင်း ရွှေဘို (အ.လ.က 2 ရွှေဘို)),BEMS,Shwebo,MMR005006,Sagaing Region,MMR005,township,No(2)Ward,"Bandula St, South of Pyin Market, No(2)Ward,, Shwe Bo Township, Sagaing , Myanmar",075-22523,Sagaing,active,,https://www.edge.com.mm/listing/basic-education-middle-school-2-u25246796.html
MMR005004-BEMS02,Basic Education Middle School No. 2 Kalay (အမှတ် (2) အခြေခံပညာအလယ်တန်းကျောင်း ကလေး (အ.လ.က 2 ကလေး)),BEMS,Kalay,MMR005004,Sagaing Region,MMR005,township,Aung Zayya Ward,"Aung Zayya Ward,, Kale Township, Sagaing , Myanmar",073-22179,Sagaing,active,,https://www.edge.com.mm/listing/basic-education-middle-school-2-u25246596.html
MMR010002-BEHS01,Basic Education High School Bilin (အခြေခံပညာအထက်တန်းကျောင်း ဘီးလင်း),BEHS,Bilin,MMR010002,Mon State,MMR010,township,Boe Yarzar Ward,"Myoh Patt Rd., Boe Yarzar Ward,, Belin Township, Mon State , Myanmar",057-64417,Mon State,active,,https://www.edge.com.mm/listing/bilin-b-e-h-s-l00252801.html
MMR010002-BEMS01,Basic Education Middle School Bilin (အခြေခံပညာအလယ်တန်းကျောင်း ဘီးလင်း),BEMS,Bilin,MMR010002,Mon State,MMR010,township,Kan Tharyar Ward,"Yangon-Mawlamyine Rd., Kan Tharyar Ward,, Belin Township, Mon State , Myanmar",057-64438,Mon State,active,,https://www.edge.com.mm/listing/bilin-b-e-m-s-kan-tharyar-l00252804.html
MMR017002-BEHS01,Basic Education High School No. 1 Bogale (အမှတ် (1) အခြေခံပညာအထက်တန်းကျောင်း ဘိုကလေး (အ.ထ.က 1 ဘိုကလေး)),BEHS,Bogale,MMR017002,Ayeyarwady Region,MMR017,township,Ward(4),"Ma Naw Hari St., Ward(4),, Bogalay Township, Ayeyawady , Myanmar","045-45583, 09-772129421",Ayeyawady,active,,https://www.edge.com.mm/listing/bogalay-b-e-h-s-1-l00252531.html
MMR017002-BEHS02,Basic Education High School No. 2 Bogale (အမှတ် (2) အခြေခံပညာအထက်တန်းကျောင်း ဘိုကလေး (အ.ထ.က 2 ဘိုကလေး)),BEHS,Bogale,MMR017002,Ayeyarwady Region,MMR017,township,Ward(5),"2nd St., Ward(5),, Bogalay Township, Ayeyawady , Myanmar",09-451356085,Ayeyawady,active,,https://www.edge.com.mm/listing/bogalay-b-e-h-s-2-l00252533.html
MMR017002-BEMS01,Basic Education Middle School Bogale (အခြေခံပညာအလယ်တန်းကျောင်း ဘိုကလေး),BEMS,Bogale,MMR017002,Ayeyarwady Region,MMR017,township,Ward(8),"Aung Thapyay St., Ward(8),, Bogalay Township, Ayeyawady , Myanmar",09-250234281,Ayeyawady,active,,https://www.edge.com.mm/listing/bogalay-b-e-m-s-l00252575.html
MMR017002-BEMS02,Basic Education Middle School Bogale (အခြေခံပညာအလယ်တန်းကျောင်း ဘိုကလေး),BEMS,Bogale,MMR017002,Ayeyarwady Region,MMR017,township,Ward(7),"2nd St., Ward(7),, Bogalay Township, Ayeyawady , Myanmar",09-31801176,Ayeyawady,active,,https://www.edge.com.mm/listing/bogalay-b-e-m-s-l00252579.html
MMR017002-BEMS01-1,Basic Education Middle School No. 1 Bogale (အမှတ် (1) အခြေခံပညာအလယ်တန်းကျောင်း ဘိုကလေး (အ.လ.က 1 ဘိုကလေး)),BEMS,Bogale,MMR017002,Ayeyarwady Region,MMR017,township,Ward(1),"Strand St., Ward(1),, Bogalay Township, Ayeyawady , Myanmar",,Ayeyawady,active,,https://www.edge.com.mm/listing/bogalay-b-e-m-s-1-l00252535.html
MMR017002-BEMS02-1,Basic Education Middle School No. 2 Bogale (အမှတ် (2) အခြေခံပညာအလယ်တန်းကျောင်း ဘိုကလေး (အ.လ.က 2 ဘိုကလေး)),BEMS,Bogale,MMR017002,Ayeyarwady Region,MMR017,township,Ward(4),"Sabei 6th St., Ward(4),, Bogalay Township, Ayeyawady , Myanmar",09-422505053,Ayeyawady,active,,https://www.edge.com.mm/listing/bogalay-b-e-m-s-2-l00252541.html
MMR017002-BEMS03,Basic Education Middle School Bogale (အခြေခံပညာအလယ်တန်းကျောင်း ဘိုကလေး),BEMS,Bogale,MMR017002,Ayeyarwady Region,MMR017,township,Ward(9),"Aung Thapyay St., Ward(9),, Bogalay Township, Ayeyawady , Myanmar",09-451234217,Ayeyawady,active,,https://www.edge.com.mm/listing/bogalay-b-e-m-s-aung-thapyay-l00252584.html
MMR017002-PV01,Bogalay B.E.P.P.S,PV,Bogale,MMR017002,Ayeyarwady Region,MMR017,township,Ward(2),"15th St., Ward(2),, Bogalay Township, Ayeyawady , Myanmar",09-31155798,Ayeyawady,active,,https://www.edge.com.mm/listing/bogalay-b-e-p-p-s-l00252598.html
MMR017002-PV02,Bogalay B.E.P.P.S [Out Pine],PV,Bogale,MMR017002,Ayeyarwady Region,MMR017,township,Ward(5),"18th Main Rd., Corner of 10 Phyet St. , Ward(5),, Bogalay Township, Ayeyawady , Myanmar",09-451236587,Ayeyawady,active,,https://www.edge.com.mm/listing/bogalay-b-e-p-p-s-out-pine-l00252602.html
MMR017002-BEPS01,Basic Education Primary School Bogale (အခြေခံပညာမူလတန်းကျောင်း ဘိုကလေး),BEPS,Bogale,MMR017002,Ayeyarwady Region,MMR017,township,Ward(3),"3 Phyet St., Ward(3),, Bogalay Township, Ayeyawady , Myanmar",09-422479420,Ayeyawady,active,,https://www.edge.com.mm/listing/bogalay-b-e-p-s-l00252622.html
MMR017002-BEPS02,Basic Education Primary School Bogale (အခြေခံပညာမူလတန်းကျောင်း ဘိုကလေး),BEPS,Bogale,MMR017002,Ayeyarwady Region,MMR017,township,Ward(4),"Padauk St., Ward(4),, Bogalay Township, Ayeyawady , Myanmar",045-45234,Ayeyawady,active,,https://www.edge.com.mm/listing/bogalay-b-e-p-s-ah-lel-paing-l00252607.html
MMR017002-BEPS03,Basic Education Primary School Bogale (အခြေခံပညာမူလတန်းကျောင်း ဘိုကလေး),BEPS,Bogale,MMR017002,Ayeyarwady Region,MMR017,township,Ward(6),"Aung Set Kyar Pagoda St.(1 Phyet St.), Ward(6),, Bogalay Township, Ayeyawady , Myanmar",,Ayeyawady,active,,https://www.edge.com.mm/listing/bogalay-b-e-p-s-chay-kone-paing-l00252595.html
MMR017002-BEPS04,Basic Education Primary School Bogale (အခြေခံပညာမူလတန်းကျောင်း ဘိုကလေး),BEPS,Bogale,MMR017002,Ayeyarwady Region,MMR017,township,Ward(3),"2nd St., Ward(3),, Bogalay Township, Ayeyawady , Myanmar",09-31386162,Ayeyawady,active,,https://www.edge.com.mm/listing/bogalay-b-e-p-s-dhamar-yone-l00252618.html
MMR017002-BEPS05,Basic Education Primary School Bogale (အခြေခံပညာမူလတန်းကျောင်း ဘိုကလေး),BEPS,Bogale,MMR017002,Ayeyarwady Region,MMR017,township,Ward(4),"Sabei 6th St., Ward(4),, Bogalay Township, Ayeyawady , Myanmar",09-422505053,Ayeyawady,active,,https://www.edge.com.mm/listing/bogalay-b-e-p-s-san-kyaung-paing-l00252558.html
MMR013016-BEHS01,Basic Education High School No. 1 Botahtaung (အမှတ် (1) အခြေခံပညာအထက်တန်းကျောင်း ဗိုလ်တထောင် (အ.ထ.က 1 ဗိုလ်တထောင်)),BEHS,Botahtaung,MMR013016,Yangon Region,MMR013,township,,"336, Thanlyet Soon St.,, Botahtaung Township, Yangon , Myanmar","01-291272, 09-423660868",Yangon,active,,https://www.edge.com.mm/listing/botahtaung-b-e-h-s-1-l00323380.html
MMR013016-BEHS02,Basic Education High School No. 2 Botahtaung (အမှတ် (2) အခြေခံပညာအထက်တန်းကျောင်း ဗိုလ်တထောင် (အ.ထ.က 2 ဗိုလ်တထောင်)),BEHS,Botahtaung,MMR013016,Yangon Region,MMR013,township,,"146, Bo Myat Tun St.,, Botahtaung Township, Yangon , Myanmar","01-291523, 09-450002684",Yangon,active,,https://www.edge.com.mm/listing/botahtaung-b-e-h-s-2-l4629.html
MMR013016-BEHS03,Basic Education High School No. 3 Botahtaung (အမှတ် (3) အခြေခံပညာအထက်တန်းကျောင်း ဗိုလ်တထောင် (အ.ထ.က 3 ဗိုလ်တထောင်)),BEHS,Botahtaung,MMR013016,Yangon Region,MMR013,township,,"276/281, Bo Myat Tun St.,, Botahtaung Township, Yangon , Myanmar","01-294322, 09-421063377",Yangon,active,,https://www.edge.com.mm/listing/botahtaung-b-e-h-s-3-l4630.html
MMR013016-BEHS04,Basic Education High School No. 4 Botahtaung (အမှတ် (4) အခြေခံပညာအထက်တန်းကျောင်း ဗိုလ်တထောင် (အ.ထ.က 4 ဗိုလ်တထောင်)),BEHS,Botahtaung,MMR013016,Yangon Region,MMR013,township,,"300, Thein Phyu Rd.,, Botahtaung Township, Yangon , Myanmar","01-294127, 09-796669736",Yangon,active,,https://www.edge.com.mm/listing/botahtaung-b-e-h-s-4-l5069.html
MMR013016-BEHS05,Basic Education High School No. 5 Botahtaung (အမှတ် (5) အခြေခံပညာအထက်တန်းကျောင်း ဗိုလ်တထောင် (အ.ထ.က 5 ဗိုလ်တထောင်)),BEHS,Botahtaung,MMR013016,Yangon Region,MMR013,township,,"168, Anawrahta Rd.,, Botahtaung Township, Yangon , Myanmar",01-298069,Yangon,active,,https://www.edge.com.mm/listing/botahtaung-b-e-h-s-5-l5070.html
MMR013016-BEHS06,Basic Education High School No. 6 Botahtaung (အမှတ် (6) အခြေခံပညာအထက်တန်းကျောင်း ဗိုလ်တထောင် (အ.ထ.က 6 ဗိုလ်တထောင်)),BEHS,Botahtaung,MMR013016,Yangon Region,MMR013,township,,"34, Anawrahta Rd.,, Botahtaung Township, Yangon , Myanmar","01-245462, 09-421045159",Yangon,active,,https://www.edge.com.mm/listing/botahtaung-b-e-h-s-6-l5071.html
MMR013016-BEMS01,Basic Education Middle School No. 1 Botahtaung (အမှတ် (1) အခြေခံပညာအလယ်တန်းကျောင်း ဗိုလ်တထောင် (အ.လ.က 1 ဗိုလ်တထောင်)),BEMS,Botahtaung,MMR013016,Yangon Region,MMR013,township,,"151, 48th St.,, Botahtaung Township, Yangon , Myanmar","01-294184, 09-250685770",Yangon,active,,https://www.edge.com.mm/listing/botahtaung-b-e-m-s-1-l5072.html
MMR013016-BEMS02,Basic Education Middle School No. 2 Botahtaung (အမှတ် (2) အခြေခံပညာအလယ်တန်းကျောင်း ဗိုလ်တထောင် (အ.လ.က 2 ဗိုလ်တထောင်)),BEMS,Botahtaung,MMR013016,Yangon Region,MMR013,township,,"Say Yone St., Ayeyar Waddy Navy Force Compound,, Botahtaung Township, Yangon , Myanmar",01-291254,Yangon,active,,https://www.edge.com.mm/listing/botahtaung-b-e-m-s-2-l5073.html
MMR013016-BEPS01,Basic Education Primary School No. 1 Botahtaung (အမှတ် (1) အခြေခံပညာမူလတန်းကျောင်း ဗိုလ်တထောင် (အ.မ.က 1 ဗိုလ်တထောင်)),BEPS,Botahtaung,MMR013016,Yangon Region,MMR013,township,,"224, Bo Aung Kyaw St., Lower Block,, Botahtaung Township, Yangon , Myanmar",09-254341088,Yangon,active,,https://www.edge.com.mm/listing/botahtaung-b-e-p-s-1-l5076.html
MMR013016-BEPS02,Basic Education Primary School No. 2 Botahtaung (အမှတ် (2) အခြေခံပညာမူလတန်းကျောင်း ဗိုလ်တထောင် (အ.မ.က 2 ဗိုလ်တထောင်)),BEPS,Botahtaung,MMR013016,Yangon Region,MMR013,township,,"102/110, Yarzadirit St.,, Botahtaung Township, Yangon , Myanmar",09-254018442,Yangon,active,,https://www.edge.com.mm/listing/botahtaung-b-e-p-s-2-l5077.html
MMR013016-BEPS03,Basic Education Primary School No. 3 Botahtaung (အမှတ် (3) အခြေခံပညာမူလတန်းကျောင်း ဗိုလ်တထောင် (အ.မ.က 3 ဗိုလ်တထောင်)),BEPS,Botahtaung,MMR013016,Yangon Region,MMR013,township,,"Yarzadirit 2nd St.,, Botahtaung Township, Yangon , Myanmar",09-421026929,Yangon,active,,https://www.edge.com.mm/listing/botahtaung-b-e-p-s-3-l5085.html
MMR013016-BEPS04,Basic Education Primary School No. 4 Botahtaung (အမှတ် (4) အခြေခံပညာမူလတန်းကျောင်း ဗိုလ်တထောင် (အ.မ.က 4 ဗိုလ်တထောင်)),BEPS,Botahtaung,MMR013016,Yangon Region,MMR013,township,,"418, Strand Rd.,, Botahtaung Township, Yangon , Myanmar",09-31582212,Yangon,active,,https://www.edge.com.mm/listing/botahtaung-b-e-p-s-4-l00323381.html
MMR013016-BEPS06,Basic Education Primary School No. 6 Botahtaung (အမှတ် (6) အခြေခံပညာမူလတန်းကျောင်း ဗိုလ်တထောင် (အ.မ.က 6 ဗိုလ်တထောင်)),BEPS,Botahtaung,MMR013016,Yangon Region,MMR013,township,,"10, Rm 110, 45th St., Lower Block,, Botahtaung Township, Yangon , Myanmar",09-5186246,Yangon,active,,https://www.edge.com.mm/listing/botahtaung-b-e-p-s-6-l5086.html
MMR011002-BEMS03,Basic Education Middle School No. 3 Buthidaung (အမှတ် (3) အခြေခံပညာအလယ်တန်းကျောင်း ဘူးသီးတောင် (အ.လ.က 3 ဘူးသီးတောင်)),BEMS,Buthidaung,MMR011002,Rakhine State,MMR011,township,,"Full Address, Buthidaung Township, Rakhine State , Myanmar",09-49678389,Rakhine State,active,,https://www.edge.com.mm/listing/buthidaung-b-e-m-s-3-l00256688.html
MMR009002-BEHS12,Basic Education High School No. 12 Chanayethazan (အမှတ် (12) အခြေခံပညာအထက်တန်းကျောင်း ချမ်းအေးသာစံ (အ.ထ.က 12 ချမ်းအေးသာစံ)),BEHS,Chanayethazan,MMR009002,Mandalay Region,MMR009,township,,"76th St., Between 28th St. and 29th St., Hay Mar Zala,, Chan Aye Thar Zan Township, Mandalay , Myanmar","02-4039426, 09-256422909",Mandalay,active,,https://www.edge.com.mm/listing/chan-aye-thar-zan-b-e-h-s-12-u212390.html
MMR009002-BEHS14,Basic Education High School No. 14 Chanayethazan (အမှတ် (14) အခြေခံပညာအထက်တန်းကျောင်း ချမ်းအေးသာစံ (အ.ထ.က 14 ချမ်းအေးသာစံ)),BEHS,Chanayethazan,MMR009002,Mandalay Region,MMR009,township,Aung Nan Yeik Thar East,"80th St., Between 32th St. and 33th St., Aung Nan Yeik Thar East,, Chan Aye Thar Zan Township, Mandalay , Myanmar","02-4060891, 02-4039780",Mandalay,active,,https://www.edge.com.mm/listing/chan-aye-thar-zan-b-e-h-s-14-u212391.html
MMR009002-BEHS15,Basic Education High School No. 15 Chanayethazan (အမှတ် (15) အခြေခံပညာအထက်တန်းကျောင်း ချမ်းအေးသာစံ (အ.ထ.က 15 ချမ်းအေးသာစံ)),BEHS,Chanayethazan,MMR009002,Mandalay Region,MMR009,township,,"80th St., Between 29th St. and 30th St., Chan Aye Thar San East,, Chan Aye Thar Zan Township, Mandalay , Myanmar",02-4060890,Mandalay,active,,https://www.edge.com.mm/listing/chan-aye-thar-zan-b-e-h-s-15-u212392.html
MMR009002-BEHS16,Basic Education High School No. 16 Chanayethazan (အမှတ် (16) အခြေခံပညာအထက်တန်းကျောင်း ချမ်းအေးသာစံ (အ.ထ.က 16 ချမ်းအေးသာစံ)),BEHS,Chanayethazan,MMR009002,Mandalay Region,MMR009,township,,"28th St., Between 68th St. and 69th St., Pyi Gyi Myat Hman,, Chan Aye Thar Zan Township, Mandalay , Myanmar","02-4032288, 02-4065965, 02-4039789",Mandalay,active,,https://www.edge.com.mm/listing/chan-aye-thar-zan-b-e-h-s-16-u212393.html
MMR009002-BEHS19,Basic Education High School No. 19 Chanayethazan (အမှတ် (19) အခြေခံပညာအထက်တန်းကျောင်း ချမ်းအေးသာစံ (အ.ထ.က 19 ချမ်းအေးသာစံ)),BEHS,Chanayethazan,MMR009002,Mandalay Region,MMR009,township,,"Block-307, Bet; 32 St. and 33 St. & Bet; 89 St. and 90 St., Pyi Gyi Pyaw Bwe West,, Chan Aye Thar Zan Township, Mandalay , Myanmar",02-4064672,Mandalay,active,,https://www.edge.com.mm/listing/chan-aye-thar-zan-b-e-h-s-19-u212394.html
MMR009002-BEHS22,Basic Education High School No. 22 Chanayethazan (အမှတ် (22) အခြေခံပညာအထက်တန်းကျောင်း ချမ်းအေးသာစံ (အ.ထ.က 22 ချမ်းအေးသာစံ)),BEHS,Chanayethazan,MMR009002,Mandalay Region,MMR009,township,,"80th St., Between 33th St. and 34th St., Kin Sana Mahi,, Chan Aye Thar Zan Township, Mandalay , Myanmar","02-4065966, 02-4064671, 02-4039781",Mandalay,active,,https://www.edge.com.mm/listing/chan-aye-thar-zan-b-e-h-s-22-u212396.html
MMR009002-BEHS23,Basic Education High School No. 23 Chanayethazan (အမှတ် (23) အခြေခံပညာအထက်တန်းကျောင်း ချမ်းအေးသာစံ (အ.ထ.က 23 ချမ်းအေးသာစံ)),BEHS,Chanayethazan,MMR009002,Mandalay Region,MMR009,township,Aung Nan Yeik Thar East,"32th St., Between 82th St. and 83th St., Aung Nan Yeik Thar East,, Chan Aye Thar Zan Township, Mandalay , Myanmar","02-4064673, 09-402546315",Mandalay,active,,https://www.edge.com.mm/listing/chan-aye-thar-zan-b-e-h-s-23-u212397.html
MMR009002-BEHS02,Basic Education High School No. 2 Chanayethazan (အမှတ် (2) အခြေခံပညာအထက်တန်းကျောင်း ချမ်းအေးသာစံ (အ.ထ.က 2 ချမ်းအေးသာစံ)),BEHS,Chanayethazan,MMR009002,Mandalay Region,MMR009,township,Aung Nan Yeik Thar East,"30th St., Between 80th St. and 81th St., Aung Nan Yeik Thar East,, Chan Aye Thar Zan Township, Mandalay , Myanmar",02-4064522,Mandalay,active,,https://www.edge.com.mm/listing/chan-aye-thar-zan-b-e-h-s-2-u212395.html
MMR009002-BEHS05,Basic Education High School No. 5 Chanayethazan (အမှတ် (5) အခြေခံပညာအထက်တန်းကျောင်း ချမ်းအေးသာစံ (အ.ထ.က 5 ချမ်းအေးသာစံ)),BEHS,Chanayethazan,MMR009002,Mandalay Region,MMR009,township,,"60th St., Between 29th St. and 30th St., Pyi Gyi Myat Shin,, Chan Aye Thar Zan Township, Mandalay , Myanmar","02-4064675, 09-43166869",Mandalay,active,,https://www.edge.com.mm/listing/chan-aye-thar-zan-b-e-h-s-5-u212398.html
MMR009002-BEHS06,Basic Education High School No. 6 Chanayethazan (အမှတ် (6) အခြေခံပညာအထက်တန်းကျောင်း ချမ်းအေးသာစံ (အ.ထ.က 6 ချမ်းအေးသာစံ)),BEHS,Chanayethazan,MMR009002,Mandalay Region,MMR009,township,Satetara Mahi Ward,"27th St, Between 73th St. and 74 St., Satetara Mahi Ward,, Chan Aye Thar Zan Township, Mandalay , Myanmar",02-4060701,Mandalay,active,,https://www.edge.com.mm/listing/chan-aye-thar-zan-b-e-h-s-6-u212399.html
MMR009002-BEMS10,Basic Education Middle School No. 10 Chanayethazan (အမှတ် (10) အခြေခံပညာအလယ်တန်းကျောင်း ချမ်းအေးသာစံ (အ.လ.က 10 ချမ်းအေးသာစံ)),BEMS,Chanayethazan,MMR009002,Mandalay Region,MMR009,township,,"Bet; 32 St. and 33 St. & Bet; 68 St. and 69 St., Pat Kone Pyaw Bwe,, Chan Aye Thar Zan Township, Mandalay , Myanmar",02-4065300,Mandalay,active,,https://www.edge.com.mm/listing/chan-aye-thar-zan-b-e-m-s-10-u212385.html
MMR009002-BEMS16,Basic Education Middle School No. 16 Chanayethazan (အမှတ် (16) အခြေခံပညာအလယ်တန်းကျောင်း ချမ်းအေးသာစံ (အ.လ.က 16 ချမ်းအေးသာစံ)),BEMS,Chanayethazan,MMR009002,Mandalay Region,MMR009,township,Aung Nan Yeik Thar West,"30th St., Corner of 86th St., Aung Nan Yeik Thar West,, Chan Aye Thar Zan Township, Mandalay , Myanmar","02-4064591, 09-400494773",Mandalay,active,,https://www.edge.com.mm/listing/chan-aye-thar-zan-b-e-m-s-16-u212386.html
MMR009002-BEMS01,Basic Education Middle School No. 1 Chanayethazan (အမှတ် (1) အခြေခံပညာအလယ်တန်းကျောင်း ချမ်းအေးသာစံ (အ.လ.က 1 ချမ်းအေးသာစံ)),BEMS,Chanayethazan,MMR009002,Mandalay Region,MMR009,township,Aung Nan Yeik Thar East,"83th St., Between 33th St. and 34th St., Aung Nan Yeik Thar East,, Chan Aye Thar Zan Township, Mandalay , Myanmar",02-4021061,Mandalay,active,,https://www.edge.com.mm/listing/chan-aye-thar-zan-b-e-m-s-1-u212384.html
MMR009002-BEMS07,Basic Education Middle School No. 7 Chanayethazan (အမှတ် (7) အခြေခံပညာအလယ်တန်းကျောင်း ချမ်းအေးသာစံ (အ.လ.က 7 ချမ်းအေးသာစံ)),BEMS,Chanayethazan,MMR009002,Mandalay Region,MMR009,township,,"80th St., Between 29th St. and 30th St., Hay Mar Zala,, Chan Aye Thar Zan Township, Mandalay , Myanmar",02-4060594,Mandalay,active,,https://www.edge.com.mm/listing/chan-aye-thar-zan-b-e-m-s-7-u212387.html
MMR009002-BEMS09,Basic Education Middle School No. 9 Chanayethazan (အမှတ် (9) အခြေခံပညာအလယ်တန်းကျောင်း ချမ်းအေးသာစံ (အ.လ.က 9 ချမ်းအေးသာစံ)),BEMS,Chanayethazan,MMR009002,Mandalay Region,MMR009,township,,"82th St., Between 28th St. and 29th St., Chan Aye Thar San Middle,, Chan Aye Thar Zan Township, Mandalay , Myanmar","02-4021045, 09-797414134",Mandalay,active,,https://www.edge.com.mm/listing/chan-aye-thar-zan-b-e-m-s-9-u212388.html
MMR009002-BEPS10,Basic Education Primary School No. 10 Chanayethazan (အမှတ် (10) အခြေခံပညာမူလတန်းကျောင်း ချမ်းအေးသာစံ (အ.မ.က 10 ချမ်းအေးသာစံ)),BEPS,Chanayethazan,MMR009002,Mandalay Region,MMR009,township,,"27th St, Corner of 77th St., Hay Mar Zala,, Chan Aye Thar Zan Township, Mandalay , Myanmar",09-402687631,Mandalay,active,,https://www.edge.com.mm/listing/chan-aye-thar-zan-b-e-p-s-10-u212351.html
MMR009002-BEPS12,Basic Education Primary School No. 12 Chanayethazan (အမှတ် (12) အခြေခံပညာမူလတန်းကျောင်း ချမ်းအေးသာစံ (အ.မ.က 12 ချမ်းအေးသာစံ)),BEPS,Chanayethazan,MMR009002,Mandalay Region,MMR009,township,,"Bet; 33 St. and 34 St. & Bet; 71 St. and 72 St., Tharaphi Lane., Yan Myo Lon,, Chan Aye Thar Zan Township, Mandalay , Myanmar","09-256175969, 09-789494369",Mandalay,active,,https://www.edge.com.mm/listing/chan-aye-thar-zan-b-e-p-s-12-u212352.html
MMR009002-BEPS14,Basic Education Primary School No. 14 Chanayethazan (အမှတ် (14) အခြေခံပညာမူလတန်းကျောင်း ချမ်းအေးသာစံ (အ.မ.က 14 ချမ်းအေးသာစံ)),BEPS,Chanayethazan,MMR009002,Mandalay Region,MMR009,township,,"Bet; 32 St. and 33 St. & Bet; 74 St. and 75 St., Maw Ra Gi War,, Chan Aye Thar Zan Township, Mandalay , Myanmar",09-402756793,Mandalay,active,,https://www.edge.com.mm/listing/chan-aye-thar-zan-b-e-p-s-14-u212353.html
MMR009002-BEPS15,Basic Education Primary School No. 15 Chanayethazan (အမှတ် (15) အခြေခံပညာမူလတန်းကျောင်း ချမ်းအေးသာစံ (အ.မ.က 15 ချမ်းအေးသာစံ)),BEPS,Chanayethazan,MMR009002,Mandalay Region,MMR009,township,,"Bet; 32 St. and 33 St. & Bet; 76 St. and 77 St., Inside Nyay Ni Aok Kyinn Monestry, Kin Sana Mahi,, Chan Aye Thar Zan Township, Mandalay , Myanmar",09-794789981,Mandalay,active,,https://www.edge.com.mm/listing/chan-aye-thar-zan-b-e-p-s-15-u212354.html
MMR009002-BEPS16,Basic Education Primary School No. 16 Chanayethazan (အမှတ် (16) အခြေခံပညာမူလတန်းကျောင်း ချမ်းအေးသာစံ (အ.မ.က 16 ချမ်းအေးသာစံ)),BEPS,Chanayethazan,MMR009002,Mandalay Region,MMR009,township,,"28th St., Corner of 77th St., Hay Mar Zala,, Chan Aye Thar Zan Township, Mandalay , Myanmar",09-450254157,Mandalay,active,,https://www.edge.com.mm/listing/chan-aye-thar-zan-b-e-p-s-16-u212355.html
MMR009002-BEPS17,Basic Education Primary School No. 17 Chanayethazan (အမှတ် (17) အခြေခံပညာမူလတန်းကျောင်း ချမ်းအေးသာစံ (အ.မ.က 17 ချမ်းအေးသာစံ)),BEPS,Chanayethazan,MMR009002,Mandalay Region,MMR009,township,,"75th St., Between 34th St. and 35th St., Maw Ra Gi War,, Chan Aye Thar Zan Township, Mandalay , Myanmar",09-402677351,Mandalay,active,,https://www.edge.com.mm/listing/chan-aye-thar-zan-b-e-p-s-17-u25254750.html
MMR009002-BEPS18,Basic Education Primary School No. 18 Chanayethazan (အမှတ် (18) အခြေခံပညာမူလတန်းကျောင်း ချမ်းအေးသာစံ (အ.မ.က 18 ချမ်းအေးသာစံ)),BEPS,Chanayethazan,MMR009002,Mandalay Region,MMR009,township,,"Bet; 27 St and 28 St. & Bet; 80 St. and 81 St., Chan Aye Thar San East,, Chan Aye Thar Zan Township, Mandalay , Myanmar",09-786204438,Mandalay,active,,https://www.edge.com.mm/listing/chan-aye-thar-zan-b-e-p-s-18-u212357.html
MMR009002-BEPS20,Basic Education Primary School No. 20 Chanayethazan (အမှတ် (20) အခြေခံပညာမူလတန်းကျောင်း ချမ်းအေးသာစံ (အ.မ.က 20 ချမ်းအေးသာစံ)),BEPS,Chanayethazan,MMR009002,Mandalay Region,MMR009,township,,"30th St., Between 79th St. and 80th St., Kin Sana Mahi,, Chan Aye Thar Zan Township, Mandalay , Myanmar","09-442642364, 09-789861288",Mandalay,active,,https://www.edge.com.mm/listing/chan-aye-thar-zan-b-e-p-s-20-u212359.html
MMR009002-BEPS21,Basic Education Primary School No. 21 Chanayethazan (အမှတ် (21) အခြေခံပညာမူလတန်းကျောင်း ချမ်းအေးသာစံ (အ.မ.က 21 ချမ်းအေးသာစံ)),BEPS,Chanayethazan,MMR009002,Mandalay Region,MMR009,township,Aung Nan Yeik Thar East,"34th St., Between 80th St. and 81th St., Aung Nan Yeik Thar East,, Chan Aye Thar Zan Township, Mandalay , Myanmar",09-402620459,Mandalay,active,,https://www.edge.com.mm/listing/chan-aye-thar-zan-b-e-p-s-21-u212360.html
MMR009002-BEPS22,Basic Education Primary School No. 22 Chanayethazan (အမှတ် (22) အခြေခံပညာမူလတန်းကျောင်း ချမ်းအေးသာစံ (အ.မ.က 22 ချမ်းအေးသာစံ)),BEPS,Chanayethazan,MMR009002,Mandalay Region,MMR009,township,Aung Nan Yeik Thar East,"Bet; 30 St. and 31 St. & Bet; 81 St. and 82 St., Aung Nan Yeik Thar East,, Chan Aye Thar Zan Township, Mandalay , Myanmar",09-402763476,Mandalay,active,,https://www.edge.com.mm/listing/chan-aye-thar-zan-b-e-p-s-22-u25254753.html
MMR009002-BEPS23,Basic Education Primary School No. 23 Chanayethazan (အမှတ် (23) အခြေခံပညာမူလတန်းကျောင်း ချမ်းအေးသာစံ (အ.မ.က 23 ချမ်းအေးသာစံ)),BEPS,Chanayethazan,MMR009002,Mandalay Region,MMR009,township,Aung Nan Yeik Thar East,"Bet; 31 St. and 32 St. & Bet; 83 St. and 84 St., Aung Nan Yeik Thar East,, Chan Aye Thar Zan Township, Mandalay , Myanmar",09-441008154,Mandalay,active,,https://www.edge.com.mm/listing/chan-aye-thar-zan-b-e-p-s-23-u212362.html
MMR009002-BEPS24,Basic Education Primary School No. 24 Chanayethazan (အမှတ် (24) အခြေခံပညာမူလတန်းကျောင်း ချမ်းအေးသာစံ (အ.မ.က 24 ချမ်းအေးသာစံ)),BEPS,Chanayethazan,MMR009002,Mandalay Region,MMR009,township,Aung Nan Yeik Thar East,"Bet; 34 St. and 35 St. & Bet; 83 St. and 84 St., Aung Nan Yeik Thar East,, Chan Aye Thar Zan Township, Mandalay , Myanmar",09-444022731,Mandalay,active,,https://www.edge.com.mm/listing/chan-aye-thar-zan-b-e-p-s-24-u212363.html
MMR009002-BEPS25,Basic Education Primary School No. 25 Chanayethazan (အမှတ် (25) အခြေခံပညာမူလတန်းကျောင်း ချမ်းအေးသာစံ (အ.မ.က 25 ချမ်းအေးသာစံ)),BEPS,Chanayethazan,MMR009002,Mandalay Region,MMR009,township,Aung Nan Yeik Thar West,"35th St., Between 85th St. and 86th St., Aung Nan Yeik Thar West,, Chan Aye Thar Zan Township, Mandalay , Myanmar",09-33036860,Mandalay,active,,https://www.edge.com.mm/listing/chan-aye-thar-zan-b-e-p-s-25-u212364.html
MMR009002-BEPS26,Basic Education Primary School No. 26 Chanayethazan (အမှတ် (26) အခြေခံပညာမူလတန်းကျောင်း ချမ်းအေးသာစံ (အ.မ.က 26 ချမ်းအေးသာစံ)),BEPS,Chanayethazan,MMR009002,Mandalay Region,MMR009,township,Aung Nan Yeik Thar West,"Bet; 33 St. and 34 St. & Bet; 84 St. and 85 St., Aung Nan Yeik Thar West,, Chan Aye Thar Zan Township, Mandalay , Myanmar","09-256108186, 09-674175541",Mandalay,active,,https://www.edge.com.mm/listing/chan-aye-thar-zan-b-e-p-s-26-u212365.html
MMR009002-BEPS27,Basic Education Primary School No. 27 Chanayethazan (အမှတ် (27) အခြေခံပညာမူလတန်းကျောင်း ချမ်းအေးသာစံ (အ.မ.က 27 ချမ်းအေးသာစံ)),BEPS,Chanayethazan,MMR009002,Mandalay Region,MMR009,township,Aung Nan Yeik Thar West,"Bet; 32 St. and 33 St. & Bet; 84 St. and 85 St., Aung Nan Yeik Thar West,, Chan Aye Thar Zan Township, Mandalay , Myanmar",09-33027560,Mandalay,active,,https://www.edge.com.mm/listing/chan-aye-thar-zan-b-e-p-s-27-u25254762.html
MMR009002-BEPS28,Basic Education Primary School No. 28 Chanayethazan (အမှတ် (28) အခြေခံပညာမူလတန်းကျောင်း ချမ်းအေးသာစံ (အ.မ.က 28 ချမ်းအေးသာစံ)),BEPS,Chanayethazan,MMR009002,Mandalay Region,MMR009,township,Aung Nan Yeik Thar West,"Bet; 32 St. and 33 St. & Bet; 85 St. and 86 St., Aung Nan Yeik Thar West,, Chan Aye Thar Zan Township, Mandalay , Myanmar",09-2001405,Mandalay,active,,https://www.edge.com.mm/listing/chan-aye-thar-zan-b-e-p-s-28-u212367.html
MMR009002-BEPS29,Basic Education Primary School No. 29 Chanayethazan (အမှတ် (29) အခြေခံပညာမူလတန်းကျောင်း ချမ်းအေးသာစံ (အ.မ.က 29 ချမ်းအေးသာစံ)),BEPS,Chanayethazan,MMR009002,Mandalay Region,MMR009,township,Day Wun Ward,"35th St., Between 89th St. and 90th St., Day Wun Ward, Pyi Gyi Pyaw Bwe West,, Chan Aye Thar Zan Township, Mandalay , Myanmar",09-43058684,Mandalay,active,,https://www.edge.com.mm/listing/chan-aye-thar-zan-b-e-p-s-29-u25254763.html
MMR009002-BEPS02,Basic Education Primary School No. 2 Chanayethazan (အမှတ် (2) အခြေခံပညာမူလတန်းကျောင်း ချမ်းအေးသာစံ (အ.မ.က 2 ချမ်းအေးသာစံ)),BEPS,Chanayethazan,MMR009002,Mandalay Region,MMR009,township,,"64th St., Between 28th St. and 29th St., Pyi Gyi Myat Hman,, Chan Aye Thar Zan Township, Mandalay , Myanmar",09-402586610,Mandalay,active,,https://www.edge.com.mm/listing/chan-aye-thar-zan-b-e-p-s-2-u212358.html
MMR009002-BEPS30,Basic Education Primary School No. 30 Chanayethazan (အမှတ် (30) အခြေခံပညာမူလတန်းကျောင်း ချမ်းအေးသာစံ (အ.မ.က 30 ချမ်းအေးသာစံ)),BEPS,Chanayethazan,MMR009002,Mandalay Region,MMR009,township,,"35th St., Between 86th St. and 87th St., Pyi Gyi Pyaw Bwe East,, Chan Aye Thar Zan Township, Mandalay , Myanmar",09-400426155,Mandalay,active,,https://www.edge.com.mm/listing/chan-aye-thar-zan-b-e-p-s-30-u25254767.html
MMR009002-BEPS31,Basic Education Primary School No. 31 Chanayethazan (အမှတ် (31) အခြေခံပညာမူလတန်းကျောင်း ချမ်းအေးသာစံ (အ.မ.က 31 ချမ်းအေးသာစံ)),BEPS,Chanayethazan,MMR009002,Mandalay Region,MMR009,township,,"33th St., Between 87th St. and 88th St., Pyi Gyi Pyaw Bwe West,, Chan Aye Thar Zan Township, Mandalay , Myanmar",09-776551669,Mandalay,active,,https://www.edge.com.mm/listing/chan-aye-thar-zan-b-e-p-s-31-u212371.html
MMR009002-BEPS32,Basic Education Primary School No. 32 Chanayethazan (အမှတ် (32) အခြေခံပညာမူလတန်းကျောင်း ချမ်းအေးသာစံ (အ.မ.က 32 ချမ်းအေးသာစံ)),BEPS,Chanayethazan,MMR009002,Mandalay Region,MMR009,township,,"35th St., Corner of 90th St., Pyi Gyi Pyaw Bwe West,, Chan Aye Thar Zan Township, Mandalay , Myanmar",09-444011609,Mandalay,active,,https://www.edge.com.mm/listing/chan-aye-thar-zan-b-e-p-s-32-u212373.html
MMR009002-BEPS34,Basic Education Primary School No. 34 Chanayethazan (အမှတ် (34) အခြေခံပညာမူလတန်းကျောင်း ချမ်းအေးသာစံ (အ.မ.က 34 ချမ်းအေးသာစံ)),BEPS,Chanayethazan,MMR009002,Mandalay Region,MMR009,township,,"90th St., Between 29th St. and 30th St., Inside Yadanarbone Bagan Kyaung Tike, Thiri Hay Mar West,, Chan Aye Thar Zan Township, Mandalay , Myanmar","09-792019589, 09-2019589",Mandalay,active,,https://www.edge.com.mm/listing/chan-aye-thar-zan-b-e-p-s-34-u212375.html
MMR009002-BEPS35,Basic Education Primary School No. 35 Chanayethazan (အမှတ် (35) အခြေခံပညာမူလတန်းကျောင်း ချမ်းအေးသာစံ (အ.မ.က 35 ချမ်းအေးသာစံ)),BEPS,Chanayethazan,MMR009002,Mandalay Region,MMR009,township,,"27th St, Between 88th St. and 89th St., Thiri Hay Mar East,, Chan Aye Thar Zan Township, Mandalay , Myanmar",09-970927775,Mandalay,active,,https://www.edge.com.mm/listing/chan-aye-thar-zan-b-e-p-s-35-u212374.html
MMR009002-BEPS37,Basic Education Primary School No. 37 Chanayethazan (အမှတ် (37) အခြေခံပညာမူလတန်းကျောင်း ချမ်းအေးသာစံ (အ.မ.က 37 ချမ်းအေးသာစံ)),BEPS,Chanayethazan,MMR009002,Mandalay Region,MMR009,township,,"30th St., Between 90th St. and 91th St., Pyi Gyi Pyaw Bwe West,, Chan Aye Thar Zan Township, Mandalay , Myanmar",09-444036627,Mandalay,active,,https://www.edge.com.mm/listing/chan-aye-thar-zan-b-e-p-s-37-u212376.html
MMR009002-BEPS38,Basic Education Primary School No. 38 Chanayethazan (အမှတ် (38) အခြေခံပညာမူလတန်းကျောင်း ချမ်းအေးသာစံ (အ.မ.က 38 ချမ်းအေးသာစံ)),BEPS,Chanayethazan,MMR009002,Mandalay Region,MMR009,township,,"27th St, Between 91th St. and 92th St., Thiri Hay Mar West,, Chan Aye Thar Zan Township, Mandalay , Myanmar",09-776551669,Mandalay,active,,https://www.edge.com.mm/listing/chan-aye-thar-zan-b-e-p-s-38-u212377.html
MMR009002-BEPS03,Basic Education Primary School No. 3 Chanayethazan (အမှတ် (3) အခြေခံပညာမူလတန်းကျောင်း ချမ်းအေးသာစံ (အ.မ.က 3 ချမ်းအေးသာစံ)),BEPS,Chanayethazan,MMR009002,Mandalay Region,MMR009,township,,"31th St., Corner of 67th St., Pat Kone Pyaw Bwe,, Chan Aye Thar Zan Township, Mandalay , Myanmar",09-402623822,Mandalay,active,,https://www.edge.com.mm/listing/chan-aye-thar-zan-b-e-p-s-3-u212369.html
MMR009002-BEPS41,Basic Education Primary School No. 41 Chanayethazan (အမှတ် (41) အခြေခံပညာမူလတန်းကျောင်း ချမ်းအေးသာစံ (အ.မ.က 41 ချမ်းအေးသာစံ)),BEPS,Chanayethazan,MMR009002,Mandalay Region,MMR009,township,,"Lower Strand Road., Between 32th St. and 33th St., Kyay Nan Win, Day Wun (West),, Chan Aye Thar Zan Township, Mandalay , Myanmar",09-403740856,Mandalay,active,,https://www.edge.com.mm/listing/chan-aye-thar-zan-b-e-p-s-41-u212379.html
MMR009002-BEPS04,Basic Education Primary School No. 4 Chanayethazan (အမှတ် (4) အခြေခံပညာမူလတန်းကျောင်း ချမ်းအေးသာစံ (အ.မ.က 4 ချမ်းအေးသာစံ)),BEPS,Chanayethazan,MMR009002,Mandalay Region,MMR009,township,,"68th St., Between 31th St. and 32th St., Pat Kone Pyaw Bwe,, Chan Aye Thar Zan Township, Mandalay , Myanmar","09-402604282, 09-441045665",Mandalay,active,,https://www.edge.com.mm/listing/chan-aye-thar-zan-b-e-p-s-4-u212378.html
MMR009002-BEPS05,Basic Education Primary School No. 5 Chanayethazan (အမှတ် (5) အခြေခံပညာမူလတန်းကျောင်း ချမ်းအေးသာစံ (အ.မ.က 5 ချမ်းအေးသာစံ)),BEPS,Chanayethazan,MMR009002,Mandalay Region,MMR009,township,,"Bet; 33 St. and 34 St. & Bet; 70 St. and 70 St., Yan Myo Lon,, Chan Aye Thar Zan Township, Mandalay , Myanmar",09-781743805,Mandalay,active,,https://www.edge.com.mm/listing/chan-aye-thar-zan-b-e-p-s-5-u212380.html
MMR009002-BEPS07,Basic Education Primary School No. 7 Chanayethazan (အမှတ် (7) အခြေခံပညာမူလတန်းကျောင်း ချမ်းအေးသာစံ (အ.မ.က 7 ချမ်းအေးသာစံ)),BEPS,Chanayethazan,MMR009002,Mandalay Region,MMR009,township,,"27th St, Corner of 71th St., Pat Kone Wun Kyin,, Chan Aye Thar Zan Township, Mandalay , Myanmar","09-33036808, 09-452451392",Mandalay,active,,https://www.edge.com.mm/listing/chan-aye-thar-zan-b-e-p-s-7-u212381.html
MMR009002-BEPS08,Basic Education Primary School No. 8 Chanayethazan (အမှတ် (8) အခြေခံပညာမူလတန်းကျောင်း ချမ်းအေးသာစံ (အ.မ.က 8 ချမ်းအေးသာစံ)),BEPS,Chanayethazan,MMR009002,Mandalay Region,MMR009,township,,"Bet; 29 St. and 30 St. & Bet; 71 St. and 72 St., Thitsar Lane., Pat Kone Wun Kyin,, Chan Aye Thar Zan Township, Mandalay , Myanmar",09-259272795,Mandalay,active,,https://www.edge.com.mm/listing/chan-aye-thar-zan-b-e-p-s-8-u212382.html
MMR009002-BEPS09,Basic Education Primary School No. 9 Chanayethazan (အမှတ် (9) အခြေခံပညာမူလတန်းကျောင်း ချမ်းအေးသာစံ (အ.မ.က 9 ချမ်းအေးသာစံ)),BEPS,Chanayethazan,MMR009002,Mandalay Region,MMR009,township,Satetara Mahi Ward,"75th St., Between 26th St. and 27th St, Satetara Mahi Ward,, Chan Aye Thar Zan Township, Mandalay , Myanmar",09-259194781,Mandalay,active,,https://www.edge.com.mm/listing/chan-aye-thar-zan-b-e-p-s-9-u212383.html
MMR009002-PV02,Chan Aye Thar Zan Township Education Office,PV,Chanayethazan,MMR009002,Mandalay Region,MMR009,township,,"30th St., Between 80th St. and 81th St., Chan Aye Thar San East,, Chan Aye Thar Zan Township, Mandalay , Myanmar",02-4060892,Mandalay,active,,https://www.edge.com.mm/listing/chan-aye-thar-zan-township-education-office-u25225612.html
MMR009004-BEHS-BR13,Basic Education High School (Branch) No. 13 Chanmyathazi (အမှတ် (13) အခြေခံပညာအထက်တန်းကျောင်း (ခွဲ) ချမ်းမြသာစည် (အ.ထ.က (ခွဲ) 13 ချမ်းမြသာစည်)),BEHS-BR,Chanmyathazi,MMR009004,Mandalay Region,MMR009,township,,"66th St., Between Dayliyar St. and Zizawah St., Myothit, Myo Thit (2),, Chan Mya Tharsi Township, Mandalay , Myanmar","09-797804258, 02-4081492",Mandalay,active,,https://www.edge.com.mm/listing/chan-mya-tharsi-b-e-h-s-13-branch-u219640.html
MMR009004-BEHS26,Basic Education High School No. 26 Chanmyathazi (အမှတ် (26) အခြေခံပညာအထက်တန်းကျောင်း ချမ်းမြသာစည် (အ.ထ.က 26 ချမ်းမြသာစည်)),BEHS,Chanmyathazi,MMR009004,Mandalay Region,MMR009,township,,"111th St. [Sein Pan St.], Between 66th St. and 67th St., Myo Thit (5),, Chan Mya Tharsi Township, Mandalay , Myanmar",02-4080359,Mandalay,active,,https://www.edge.com.mm/listing/chan-mya-tharsi-b-e-h-s-26-u219649.html
MMR009004-BEHS28,Basic Education High School No. 28 Chanmyathazi (အမှတ် (28) အခြေခံပညာအထက်တန်းကျောင်း ချမ်းမြသာစည် (အ.ထ.က 28 ချမ်းမြသာစည်)),BEHS,Chanmyathazi,MMR009004,Mandalay Region,MMR009,township,,"105th St. [Banyint Naung St.], Between 54 St. and 55th St., Aung Pin Lair,, Chan Mya Tharsi Township, Mandalay , Myanmar",09-43100039,Mandalay,active,,https://www.edge.com.mm/listing/chan-mya-tharsi-b-e-h-s-28-u219650.html
MMR009004-BEHS30,Basic Education High School No. 30 Chanmyathazi (အမှတ် (30) အခြေခံပညာအထက်တန်းကျောင်း ချမ်းမြသာစည် (အ.ထ.က 30 ချမ်းမြသာစည်)),BEHS,Chanmyathazi,MMR009004,Mandalay Region,MMR009,township,,"Nga-2, 64th St., Corner of 108th St. [Zalatwah St.], Myo Thit (3),, Chan Mya Tharsi Township, Mandalay , Myanmar",02-4080371,Mandalay,active,,https://www.edge.com.mm/listing/chan-mya-tharsi-b-e-h-s-30-u219651.html
MMR009004-BEHS31,Basic Education High School No. 31 Chanmyathazi (အမှတ် (31) အခြေခံပညာအထက်တန်းကျောင်း ချမ်းမြသာစည် (အ.ထ.က 31 ချမ်းမြသာစည်)),BEHS,Chanmyathazi,MMR009004,Mandalay Region,MMR009,township,,"Ba Lacheik-6, 58 St., Between 104th St. [Khattar St.] and Gandamar St., Myothit, Kan Thayar Myo Thit,, Chan Mya Tharsi Township, Mandalay , Myanmar","09-2029293, 02-4081804",Mandalay,active,,https://www.edge.com.mm/listing/chan-mya-tharsi-b-e-h-s-31-u219652.html
MMR009004-BEHS34,Basic Education High School No. 34 Chanmyathazi (အမှတ် (34) အခြေခံပညာအထက်တန်းကျောင်း ချမ်းမြသာစည် (အ.ထ.က 34 ချမ်းမြသာစည်)),BEHS,Chanmyathazi,MMR009004,Mandalay Region,MMR009,township,,"Sagaing Lan Khwe., North U Pwar Bridge, Chan Mya Thar Si South,, Chan Mya Tharsi Township, Mandalay , Myanmar",09-259033262,Mandalay,active,,https://www.edge.com.mm/listing/chan-mya-tharsi-b-e-h-s-34-u00423908.html
MMR009004-BEHS35,Basic Education High School No. 35 Chanmyathazi (အမှတ် (35) အခြေခံပညာအထက်တန်းကျောင်း ချမ်းမြသာစည် (အ.ထ.က 35 ချမ်းမြသာစည်)),BEHS,Chanmyathazi,MMR009004,Mandalay Region,MMR009,township,,"54 St., Between 102th St. [Padauk St.] and 114th St. [Myitzu St.], Mya Yi Nanda,, Chan Mya Tharsi Township, Mandalay , Myanmar",09-43099901,Mandalay,active,,https://www.edge.com.mm/listing/chan-mya-tharsi-b-e-h-s-35-u219643.html
MMR009004-BEHS36,Basic Education High School No. 36 Chanmyathazi (အမှတ် (36) အခြေခံပညာအထက်တန်းကျောင်း ချမ်းမြသာစည် (အ.ထ.က 36 ချမ်းမြသာစည်)),BEHS,Chanmyathazi,MMR009004,Mandalay Region,MMR009,township,,"Za Gwe Za Gwe-37, 45 St., Between 107th St. [Aung San St.] and 108th St. [Nga Kywe St.], Aung Thar Yar Myothit, Aung Thar Yar,, Chan Mya Tharsi Township, Mandalay , Myanmar",09-787436224,Mandalay,active,,https://www.edge.com.mm/listing/chan-mya-tharsi-b-e-h-s-36-u219644.html
MMR009004-BEHS07,Basic Education High School No. 7 Chanmyathazi (အမှတ် (7) အခြေခံပညာအထက်တန်းကျောင်း ချမ်းမြသာစည် (အ.ထ.က 7 ချမ်းမြသာစည်)),BEHS,Chanmyathazi,MMR009004,Mandalay Region,MMR009,township,Near Yadanar Pond Ward,"Block-497, 82th St., Corner of Lan Thit Lan, Near Yadanar Pond Ward, Tanpawaddy,, Chan Mya Tharsi Township, Mandalay , Myanmar","02-4070195, 09-782050830",Mandalay,active,,https://www.edge.com.mm/listing/chan-mya-tharsi-b-e-h-s-7-u219653.html
MMR009004-BEMS18,Basic Education Middle School No. 18 Chanmyathazi (အမှတ် (18) အခြေခံပညာအလယ်တန်းကျောင်း ချမ်းမြသာစည် (အ.လ.က 18 ချမ်းမြသာစည်)),BEMS,Chanmyathazi,MMR009004,Mandalay Region,MMR009,township,,"Block-458, Strand Road., Than Hlyet Hmaw South,, Chan Mya Tharsi Township, Mandalay , Myanmar",09-43099924,Mandalay,active,,https://www.edge.com.mm/listing/chan-mya-tharsi-b-e-m-s-18-u219641.html
MMR009004-BEMS-BR19,Basic Education Middle School (Branch) No. 19 Chanmyathazi (အမှတ် (19) အခြေခံပညာအလယ်တန်းကျောင်း (ခွဲ) ချမ်းမြသာစည် (အ.လ.က (ခွဲ) 19 ချမ်းမြသာစည်)),BEMS-BR,Chanmyathazi,MMR009004,Mandalay Region,MMR009,township,,"54 St., Between 102nd [A St.] and Ywar Lail St., Aung Pin Lair,, Chan Mya Tharsi Township, Mandalay , Myanmar",09-777813861,Mandalay,active,,https://www.edge.com.mm/listing/chan-mya-tharsi-b-e-m-s-19-branch-u219613.html
MMR009004-BEMS-BR21,Basic Education Middle School (Branch) No. 21 Chanmyathazi (အမှတ် (21) အခြေခံပညာအလယ်တန်းကျောင်း (ခွဲ) ချမ်းမြသာစည် (အ.လ.က (ခွဲ) 21 ချမ်းမြသာစည်)),BEMS-BR,Chanmyathazi,MMR009004,Mandalay Region,MMR009,township,,"59th St., Between 107th St. [Ngu Shwe Wah St.] and 109th St. [Khaing Shwe Wah St.], Myothit, Kan Thayar Myo Thit,, Chan Mya Tharsi Township, Mandalay , Myanmar",09-402581526,Mandalay,active,,https://www.edge.com.mm/listing/chan-mya-tharsi-b-e-m-s-21-branch-u219615.html
MMR009004-BEMS03,Basic Education Middle School No. 3 Chanmyathazi (အမှတ် (3) အခြေခံပညာအလယ်တန်းကျောင်း ချမ်းမြသာစည် (အ.လ.က 3 ချမ်းမြသာစည်)),BEMS,Chanmyathazi,MMR009004,Mandalay Region,MMR009,township,,"111th St. [Sein Pan St.], Between 60th St. and 61th St., Myo Thit (4),, Chan Mya Tharsi Township, Mandalay , Myanmar",09-257678923,Mandalay,active,,https://www.edge.com.mm/listing/chan-mya-tharsi-b-e-m-s-3-u219611.html
MMR009004-BEPS10,Basic Education Primary School No. 10 Chanmyathazi (အမှတ် (10) အခြေခံပညာမူလတန်းကျောင်း ချမ်းမြသာစည် (အ.မ.က 10 ချမ်းမြသာစည်)),BEPS,Chanmyathazi,MMR009004,Mandalay Region,MMR009,township,Daw Na Chan Ward,"Daw Na Chan Ward, Than Hlyet Hmaw South,, Chan Mya Tharsi Township, Mandalay , Myanmar",09-256166041,Mandalay,active,,https://www.edge.com.mm/listing/chan-mya-tharsi-b-e-p-s-10-u219605.html
MMR009004-BEPS11,Basic Education Primary School No. 11 Chanmyathazi (အမှတ် (11) အခြေခံပညာမူလတန်းကျောင်း ချမ်းမြသာစည် (အ.မ.က 11 ချမ်းမြသာစည်)),BEPS,Chanmyathazi,MMR009004,Mandalay Region,MMR009,township,,"Museum St., Thidar Aye, Chan Mya Thar Si South,, Chan Mya Tharsi Township, Mandalay , Myanmar",09-402662950,Mandalay,active,,https://www.edge.com.mm/listing/chan-mya-tharsi-b-e-p-s-11-u219606.html
MMR009004-BEPS12,Basic Education Primary School No. 12 Chanmyathazi (အမှတ် (12) အခြေခံပညာမူလတန်းကျောင်း ချမ်းမြသာစည် (အ.မ.က 12 ချမ်းမြသာစည်)),BEPS,Chanmyathazi,MMR009004,Mandalay Region,MMR009,township,Thanat Pin Ward,"Thanat Pin Ward, Than Hlyet Hmaw South,, Chan Mya Tharsi Township, Mandalay , Myanmar",09-2023307,Mandalay,active,,https://www.edge.com.mm/listing/chan-mya-tharsi-b-e-p-s-12-u219607.html
MMR009004-BEPS13,Basic Education Primary School No. 13 Chanmyathazi (အမှတ် (13) အခြေခံပညာမူလတန်းကျောင်း ချမ်းမြသာစည် (အ.မ.က 13 ချမ်းမြသာစည်)),BEPS,Chanmyathazi,MMR009004,Mandalay Region,MMR009,township,,"Ayeyar Htun Myauk, Than Hlyet Hmaw South,, Chan Mya Tharsi Township, Mandalay , Myanmar",09-259004701,Mandalay,active,,https://www.edge.com.mm/listing/chan-mya-tharsi-b-e-p-s-13-u219608.html
MMR009004-BEPS15,Basic Education Primary School No. 15 Chanmyathazi (အမှတ် (15) အခြေခံပညာမူလတန်းကျောင်း ချမ်းမြသာစည် (အ.မ.က 15 ချမ်းမြသာစည်)),BEPS,Chanmyathazi,MMR009004,Mandalay Region,MMR009,township,,"Sa Lein-9, 70th St., Between 109th St. [Khaing Shwe Wah St.] and 108th St. [Zalatwah St.], Mandalar Thiri Play Ground, Myo Thit (2),, Chan Mya Tharsi Township, Mandalay , Myanmar",09-444039654,Mandalay,active,,https://www.edge.com.mm/listing/chan-mya-tharsi-b-e-p-s-15-u219609.html
MMR009004-BEPS16,Basic Education Primary School No. 16 Chanmyathazi (အမှတ် (16) အခြေခံပညာမူလတန်းကျောင်း ချမ်းမြသာစည် (အ.မ.က 16 ချမ်းမြသာစည်)),BEPS,Chanmyathazi,MMR009004,Mandalay Region,MMR009,township,,"111th St. [Sein Pan St.], Between 69th St. and 70th St., Myo Thit (5),, Chan Mya Tharsi Township, Mandalay , Myanmar","09-798870730, 09-978558728, 09-402618918",Mandalay,active,,https://www.edge.com.mm/listing/chan-mya-tharsi-b-e-p-s-16-u219610.html
MMR009004-BEPS18,Basic Education Primary School No. 18 Chanmyathazi (အမှတ် (18) အခြေခံပညာမူလတန်းကျောင်း ချမ်းမြသာစည် (အ.မ.က 18 ချမ်းမြသာစည်)),BEPS,Chanmyathazi,MMR009004,Mandalay Region,MMR009,township,,"102th St. [Padauk St.] , Between 66th St. and 67th St., Myothit, Myo Thit (1),, Chan Mya Tharsi Township, Mandalay , Myanmar","09-797181472, 09-979697518",Mandalay,active,,https://www.edge.com.mm/listing/chan-mya-tharsi-b-e-p-s-18-u219612.html
MMR009004-BEPS01,Basic Education Primary School No. 1 Chanmyathazi (အမှတ် (1) အခြေခံပညာမူလတန်းကျောင်း ချမ်းမြသာစည် (အ.မ.က 1 ချမ်းမြသာစည်)),BEPS,Chanmyathazi,MMR009004,Mandalay Region,MMR009,township,Yadanar Pond Ward,"Block-491, Yadanar Pond Ward, Tanpawaddy,, Chan Mya Tharsi Township, Mandalay , Myanmar","09-402522440, 09-797798984",Mandalay,active,,https://www.edge.com.mm/listing/chan-mya-tharsi-b-e-p-s-1-u219604.html
MMR009004-BEPS23,Basic Education Primary School No. 23 Chanmyathazi (အမှတ် (23) အခြေခံပညာမူလတန်းကျောင်း ချမ်းမြသာစည် (အ.မ.က 23 ချမ်းမြသာစည်)),BEPS,Chanmyathazi,MMR009004,Mandalay Region,MMR009,township,,"Pha Wa Htope-2, 112th St. [Myat Lay St], Between 58 St. and 59th St., Kan Thayar Myo Thit,, Chan Mya Tharsi Township, Mandalay , Myanmar",09-259001684,Mandalay,active,,https://www.edge.com.mm/listing/chan-mya-tharsi-b-e-p-s-23-u219617.html
MMR009004-BEPS02,Basic Education Primary School No. 2 Chanmyathazi (အမှတ် (2) အခြေခံပညာမူလတန်းကျောင်း ချမ်းမြသာစည် (အ.မ.က 2 ချမ်းမြသာစည်)),BEPS,Chanmyathazi,MMR009004,Mandalay Region,MMR009,township,,"Block-501, Kyun Lone Oak Shaung,, Chan Mya Tharsi Township, Mandalay , Myanmar","09-402606541, 09-440335548",Mandalay,active,,https://www.edge.com.mm/listing/chan-mya-tharsi-b-e-p-s-2-u219614.html
MMR009004-BEPS03,Basic Education Primary School No. 3 Chanmyathazi (အမှတ် (3) အခြေခံပညာမူလတန်းကျောင်း ချမ်းမြသာစည် (အ.မ.က 3 ချမ်းမြသာစည်)),BEPS,Chanmyathazi,MMR009004,Mandalay Region,MMR009,township,Moke Oo Tan Ward,"Block-469, Moke Oo Tan Ward, Tanpawaddy,, Chan Mya Tharsi Township, Mandalay , Myanmar","09-259415690, 09-790416741",Mandalay,active,,https://www.edge.com.mm/listing/chan-mya-tharsi-b-e-p-s-3-u219618.html
MMR009004-BEPS04,Basic Education Primary School No. 4 Chanmyathazi (အမှတ် (4) အခြေခံပညာမူလတန်းကျောင်း ချမ်းမြသာစည် (အ.မ.က 4 ချမ်းမြသာစည်)),BEPS,Chanmyathazi,MMR009004,Mandalay Region,MMR009,township,Kyae Thoon Ward,"Block-484, Kyae Thoon Ward, Tanpawaddy,, Chan Mya Tharsi Township, Mandalay , Myanmar",09-402607116,Mandalay,active,,https://www.edge.com.mm/listing/chan-mya-tharsi-b-e-p-s-4-u219619.html
MMR009004-BEPS05,Basic Education Primary School No. 5 Chanmyathazi (အမှတ် (5) အခြေခံပညာမူလတန်းကျောင်း ချမ်းမြသာစည် (အ.မ.က 5 ချမ်းမြသာစည်)),BEPS,Chanmyathazi,MMR009004,Mandalay Region,MMR009,township,,"Yangon-Mandalay St., Inside Pin Ma Myauk, Compound of Construction, Chan Mya Thar Si South,, Chan Mya Tharsi Township, Mandalay , Myanmar",09-426808684,Mandalay,active,,https://www.edge.com.mm/listing/chan-mya-tharsi-b-e-p-s-5-u219620.html
MMR009004-BEPS06,Basic Education Primary School No. 6 Chanmyathazi (အမှတ် (6) အခြေခံပညာမူလတန်းကျောင်း ချမ်းမြသာစည် (အ.မ.က 6 ချမ်းမြသာစည်)),BEPS,Chanmyathazi,MMR009004,Mandalay Region,MMR009,township,,"Kyauk Sit Tan, Kyun Lone Oak Shaung,, Chan Mya Tharsi Township, Mandalay , Myanmar",09-444037522,Mandalay,active,,https://www.edge.com.mm/listing/chan-mya-tharsi-b-e-p-s-6-u219621.html
MMR009004-BEPS07,Basic Education Primary School No. 7 Chanmyathazi (အမှတ် (7) အခြေခံပညာမူလတန်းကျောင်း ချမ်းမြသာစည် (အ.မ.က 7 ချမ်းမြသာစည်)),BEPS,Chanmyathazi,MMR009004,Mandalay Region,MMR009,township,,"Block-852, Chan Mya Thar Si South,, Chan Mya Tharsi Township, Mandalay , Myanmar",09-402512057,Mandalay,active,,https://www.edge.com.mm/listing/chan-mya-tharsi-b-e-p-s-7-u219622.html
MMR009004-BEPS08,Basic Education Primary School No. 8 Chanmyathazi (အမှတ် (8) အခြေခံပညာမူလတန်းကျောင်း ချမ်းမြသာစည် (အ.မ.က 8 ချမ်းမြသာစည်)),BEPS,Chanmyathazi,MMR009004,Mandalay Region,MMR009,township,,"Block-860, Chan Mya Thar Si South,, Chan Mya Tharsi Township, Mandalay , Myanmar",09-402591800,Mandalay,active,,https://www.edge.com.mm/listing/chan-mya-tharsi-b-e-p-s-8-u219623.html
MMR009004-BEPS09,Basic Education Primary School No. 9 Chanmyathazi (အမှတ် (9) အခြေခံပညာမူလတန်းကျောင်း ချမ်းမြသာစည် (အ.မ.က 9 ချမ်းမြသာစည်)),BEPS,Chanmyathazi,MMR009004,Mandalay Region,MMR009,township,Kan Village,"Block-867, Kan Village, Chan Mya Thar Si South,, Chan Mya Tharsi Township, Mandalay , Myanmar","09-259004702, 09-440335633",Mandalay,active,,https://www.edge.com.mm/listing/chan-mya-tharsi-b-e-p-s-9-u219624.html
MMR009004-PV02,Chan Mya Tharsi Township Education Office,PV,Chanmyathazi,MMR009004,Mandalay Region,MMR009,township,,"108th St. [Zalatwah St.], Between 60th St. and 61th St., Myo Thit (3),, Chan Mya Tharsi Township, Mandalay , Myanmar","02-4081420, 09-428317027",Mandalay,active,,https://www.edge.com.mm/listing/chan-mya-tharsi-township-education-office-u25225617.html
MMR009004-BEMS-BR22,Basic Education Middle School (Branch) No. 22 Chanmyathazi (အမှတ် (22) အခြေခံပညာအလယ်တန်းကျောင်း (ခွဲ) ချမ်းမြသာစည် (အ.လ.က (ခွဲ) 22 ချမ်းမြသာစည်)),BEMS-BR,Chanmyathazi,MMR009004,Mandalay Region,MMR009,township,,"Ywar Lail St., Between 52th St. and 53th St., Hton Tone Myoe Thit,, Chan Mya Tharsi Township, Mandalay , Myanmar",09-402584389,Mandalay,active,,https://www.edge.com.mm/listing/chan-mye-tharsi-b-e-m-s-22-branch-u219616.html
MMR013001-BEHS01,Basic Education High School No. 1 Dagon (အမှတ် (1) အခြေခံပညာအထက်တန်းကျောင်း ဒဂုံ (အ.ထ.က 1 ဒဂုံ)),BEHS,Dagon,MMR013001,Yangon Region,MMR013,township,Yaw Min Gyi Ward,"57, Alanpya Pagoda Rd., Corner of Nawaday St., Yaw Min Gyi Ward,, Dagon Township, Yangon , Myanmar",01-252909,Yangon,active,,https://www.edge.com.mm/listing/dagon-b-e-h-s-1-l9332.html
MMR013001-BEHS02,Basic Education High School No. 2 Dagon (အမှတ် (2) အခြေခံပညာအထက်တန်းကျောင်း ဒဂုံ (အ.ထ.က 2 ဒဂုံ)),BEHS,Dagon,MMR013001,Yangon Region,MMR013,township,Pyay (East) Ward,"353, Myoma Kyaung Rd., Corner of Sagawah St., Pyay (East) Ward,, Dagon Township, Yangon , Myanmar",01-379660,Yangon,active,,https://www.edge.com.mm/listing/dagon-b-e-h-s-2-l9774.html
MMR013001-BEHS03,Basic Education High School No. 3 Dagon (အမှတ် (3) အခြေခံပညာအထက်တန်းကျောင်း ဒဂုံ (အ.ထ.က 3 ဒဂုံ)),BEHS,Dagon,MMR013001,Yangon Region,MMR013,township,Pyay (West) Ward,"14, Taw Win St., Corner of Than Ta Man St., Pyay (West) Ward,, Dagon Township, Yangon , Myanmar","01-222746, 09-448053763",Yangon,active,,https://www.edge.com.mm/listing/dagon-b-e-h-s-3-l00313456.html
MMR013001-BEMS01,Basic Education Middle School No. 1 Dagon (အမှတ် (1) အခြေခံပညာအလယ်တန်းကျောင်း ဒဂုံ (အ.လ.က 1 ဒဂုံ)),BEMS,Dagon,MMR013001,Yangon Region,MMR013,township,Pyay (East) Ward,"44, Pyay Rd., Near Pyay Lan Railways Station, Pyay (East) Ward,, Dagon Township, Yangon , Myanmar","01-253434, 09-43087275",Yangon,active,,https://www.edge.com.mm/listing/dagon-b-e-m-s-1-l9804.html
MMR013001-BEMS02,Basic Education Middle School No. 2 Dagon (အမှတ် (2) အခြေခံပညာအလယ်တန်းကျောင်း ဒဂုံ (အ.လ.က 2 ဒဂုံ)),BEMS,Dagon,MMR013001,Yangon Region,MMR013,township,U Wisara Housing,"U Wisara Housing,, Dagon Township, Yangon , Myanmar","01-379178, 09-420176828",Yangon,active,,https://www.edge.com.mm/listing/dagon-b-e-m-s-2-l9788.html
MMR013001-BEMS03,Basic Education Middle School No. 3 Dagon (အမှတ် (3) အခြေခံပညာအလယ်တန်းကျောင်း ဒဂုံ (အ.လ.က 3 ဒဂုံ)),BEMS,Dagon,MMR013001,Yangon Region,MMR013,township,Pha Yar Gyi Ward,"35, Maw Koon Tike St., Pha Yar Gyi Ward,, Dagon Township, Yangon , Myanmar","01-387985, 09-73049805",Yangon,active,,https://www.edge.com.mm/listing/dagon-b-e-m-s-3-l9803.html
MMR013001-BEPS10,Basic Education Primary School No. 10 Dagon (အမှတ် (10) အခြေခံပညာမူလတန်းကျောင်း ဒဂုံ (အ.မ.က 10 ဒဂုံ)),BEPS,Dagon,MMR013001,Yangon Region,MMR013,township,Pyay (East) Ward,"297, Myoma Kyaung Rd., Pyay (East) Ward,, Dagon Township, Yangon , Myanmar","01-383587, 09-771737720",Yangon,active,,https://www.edge.com.mm/listing/dagon-b-e-p-s-10-l00312853.html
MMR013001-BEPS11,Basic Education Primary School No. 11 Dagon (အမှတ် (11) အခြေခံပညာမူလတန်းကျောင်း ဒဂုံ (အ.မ.က 11 ဒဂုံ)),BEPS,Dagon,MMR013001,Yangon Region,MMR013,township,Pyi Htaung Su Yeik Thar St.,"61/A, Pyi Htaung Su Yeik Thar St., Pyay (West) Ward,, Dagon Township, Yangon , Myanmar","01-222300, 09-31124887",Yangon,active,,https://www.edge.com.mm/listing/dagon-b-e-p-s-11-l10357.html
MMR013001-BEPS01,Basic Education Primary School No. 1 Dagon (အမှတ် (1) အခြေခံပညာမူလတန်းကျောင်း ဒဂုံ (အ.မ.က 1 ဒဂုံ)),BEPS,Dagon,MMR013001,Yangon Region,MMR013,township,Pyay (East) Ward,"128, Manaw Hari St., Pyay (East) Ward,, Dagon Township, Yangon , Myanmar","01-384432, 09-5502885",Yangon,active,,https://www.edge.com.mm/listing/dagon-b-e-p-s-1-l00312835.html
MMR013001-BEPS02,Basic Education Primary School No. 2 Dagon (အမှတ် (2) အခြေခံပညာမူလတန်းကျောင်း ဒဂုံ (အ.မ.က 2 ဒဂုံ)),BEPS,Dagon,MMR013001,Yangon Region,MMR013,township,Pyay (East) Ward,"Myoma Kyaung Rd., Near Eain Taw Yar Pagoda, Pyay (East) Ward,, Dagon Township, Yangon , Myanmar",09-454508958,Yangon,active,,https://www.edge.com.mm/listing/dagon-b-e-p-s-2-l00315441.html
MMR013025-BEHS01,Basic Education High School No. 1 Dagon Seikkan (အမှတ် (1) အခြေခံပညာအထက်တန်းကျောင်း ဒဂုံမြို့သစ်(ဆိပ်ကမ်း) (အ.ထ.က 1 ဒဂုံမြို့သစ်(ဆိပ်ကမ်း))),BEHS,Dagon Seikkan,MMR013025,Yangon Region,MMR013,township,Ward (88),"Dagon St., Corner of Thu Khi Tar St., Ward (88),, Dagon Seikkan Township, Yangon , Myanmar",09-789726536,Yangon,active,,https://www.edge.com.mm/listing/dagon-seikkan-b-e-h-s-1-l95708.html
MMR013025-BEHS02,Basic Education High School No. 2 Dagon Seikkan (အမှတ် (2) အခြေခံပညာအထက်တန်းကျောင်း ဒဂုံမြို့သစ်(ဆိပ်ကမ်း) (အ.ထ.က 2 ဒဂုံမြို့သစ်(ဆိပ်ကမ်း))),BEHS,Dagon Seikkan,MMR013025,Yangon Region,MMR013,township,Yuzana Garden City Housing,"Gant Gaw St.,Yuzana Garden City Housing, Dagon Seikkan Township, Yangon , Myanmar","09-961197007, 01-3593401",Yangon,active,,https://www.edge.com.mm/listing/dagon-seikkan-b-e-h-s-2-l10370.html
MMR013025-BEHS03,Basic Education High School No. 3 Dagon Seikkan (အမှတ် (3) အခြေခံပညာအထက်တန်းကျောင်း ဒဂုံမြို့သစ်(ဆိပ်ကမ်း) (အ.ထ.က 3 ဒဂုံမြို့သစ်(ဆိပ်ကမ်း))),BEHS,Dagon Seikkan,MMR013025,Yangon Region,MMR013,township,Ward (168),"Kanaung Min Thar Gyi Rd., Ward (168),, Dagon Seikkan Township, Yangon , Myanmar",09-250766445,Yangon,active,,https://www.edge.com.mm/listing/dagon-seikkan-b-e-h-s-3-l95709.html
MMR013025-BEHS-BR01,Basic Education High School (Branch) Dagon Seikkan (အခြေခံပညာအထက်တန်းကျောင်း (ခွဲ) ဒဂုံမြို့သစ်(ဆိပ်ကမ်း)),BEHS-BR,Dagon Seikkan,MMR013025,Yangon Region,MMR013,township,Nyaung Pin Village,"Nyaung Pin Village,, Dagon Seikkan Township, Yangon , Myanmar",09-260160879,Yangon,active,,https://www.edge.com.mm/listing/dagon-seikkan-b-e-h-s-nyaung-pin-branch-l95717.html
MMR013025-BEHS04,Basic Education High School Dagon Seikkan (အခြေခံပညာအထက်တန်းကျောင်း ဒဂုံမြို့သစ်(ဆိပ်ကမ်း)),BEHS,Dagon Seikkan,MMR013025,Yangon Region,MMR013,township,Ward (98),"Bago River Rd., Ward (98),, Dagon Seikkan Township, Yangon , Myanmar",09-5092136,Yangon,active,,https://www.edge.com.mm/listing/dagon-seikkan-b-e-h-s-thayet-pin-chaung-l95710.html
MMR013025-BEHS-BR01-1,Basic Education High School (Branch) No. 1 Dagon Seikkan (အမှတ် (1) အခြေခံပညာအထက်တန်းကျောင်း (ခွဲ) ဒဂုံမြို့သစ်(ဆိပ်ကမ်း) (အ.ထ.က (ခွဲ) 1 ဒဂုံမြို့သစ်(ဆိပ်ကမ်း))),BEHS-BR,Dagon Seikkan,MMR013025,Yangon Region,MMR013,township,Ward (89),"Kwan Art Thar Min Thar St., Ward (89),, Dagon Seikkan Township, Yangon , Myanmar",09-796607362,Yangon,active,,https://www.edge.com.mm/listing/dagon-seikkan-b-e-m-s-1-b-e-h-s-branch-l95711.html
MMR013025-BEHS-BR02,Basic Education High School (Branch) No. 2 Dagon Seikkan (အမှတ် (2) အခြေခံပညာအထက်တန်းကျောင်း (ခွဲ) ဒဂုံမြို့သစ်(ဆိပ်ကမ်း) (အ.ထ.က (ခွဲ) 2 ဒဂုံမြို့သစ်(ဆိပ်ကမ်း))),BEHS-BR,Dagon Seikkan,MMR013025,Yangon Region,MMR013,township,Ward (93),"Sein Lan Thar Yar Yae St., Ward (93),, Dagon Seikkan Township, Yangon , Myanmar",09-450024676,Yangon,active,,https://www.edge.com.mm/listing/dagon-seikkan-b-e-m-s-2-b-e-h-s-branch-l95713.html
MMR013025-PV03,Dagon Seikkan B.E.P.P.S [4],PV,Dagon Seikkan,MMR013025,Yangon Region,MMR013,township,Ward (98),"Strand Rd., Ward (98),, Dagon Seikkan Township, Yangon , Myanmar",09-448041806,Yangon,active,,https://www.edge.com.mm/listing/dagon-seikkan-b-e-p-p-s-4-l95714.html
MMR013025-PV04,Dagon Seikkan B.E.P.P.S [7],PV,Dagon Seikkan,MMR013025,Yangon Region,MMR013,township,Ward (168),"U Tayoke Gyi St., Ward (168),, Dagon Seikkan Township, Yangon , Myanmar",09-795144324,Yangon,active,,https://www.edge.com.mm/listing/dagon-seikkan-b-e-p-p-s-7-l95716.html
MMR013025-PV05,Dagon Seikkan B.E.P.P.S [Kyi Su Ywar Thit],PV,Dagon Seikkan,MMR013025,Yangon Region,MMR013,township,Kyi Su Village,"Kyi Su Village,, Dagon Seikkan Township, Yangon , Myanmar",09-420160049,Yangon,active,,https://www.edge.com.mm/listing/dagon-seikkan-b-e-p-p-s-kyi-su-ywar-thit-l95718.html
MMR013025-PV06,Dagon Seikkan B.E.P.P.S [Kyi Su/East],PV,Dagon Seikkan,MMR013025,Yangon Region,MMR013,township,Kyi Su Village,"Kyi Su Village,, Dagon Seikkan Township, Yangon , Myanmar",09-254441509,Yangon,active,,https://www.edge.com.mm/listing/dagon-seikkan-b-e-p-p-s-kyi-su-east-l95719.html
MMR013025-BEPS01,Basic Education Primary School No. 1 Dagon Seikkan (အမှတ် (1) အခြေခံပညာမူလတန်းကျောင်း ဒဂုံမြို့သစ်(ဆိပ်ကမ်း) (အ.မ.က 1 ဒဂုံမြို့သစ်(ဆိပ်ကမ်း))),BEPS,Dagon Seikkan,MMR013025,Yangon Region,MMR013,township,Ward (88),"Thaw Ka Myaing 4th St., Ward (88),, Dagon Seikkan Township, Yangon , Myanmar",09-421047675,Yangon,active,,https://www.edge.com.mm/listing/dagon-seikkan-b-e-p-s-1-l00205271.html
MMR013025-BEPS02,Basic Education Primary School No. 2 Dagon Seikkan (အမှတ် (2) အခြေခံပညာမူလတန်းကျောင်း ဒဂုံမြို့သစ်(ဆိပ်ကမ်း) (အ.မ.က 2 ဒဂုံမြို့သစ်(ဆိပ်ကမ်း))),BEPS,Dagon Seikkan,MMR013025,Yangon Region,MMR013,township,Ward (88),"Ponnami St., Ward (88),, Dagon Seikkan Township, Yangon , Myanmar",09-777438239,Yangon,active,,https://www.edge.com.mm/listing/dagon-seikkan-b-e-p-s-2-l95712.html
MMR013025-BEPS03,Basic Education Primary School No. 3 Dagon Seikkan (အမှတ် (3) အခြေခံပညာမူလတန်းကျောင်း ဒဂုံမြို့သစ်(ဆိပ်ကမ်း) (အ.မ.က 3 ဒဂုံမြို့သစ်(ဆိပ်ကမ်း))),BEPS,Dagon Seikkan,MMR013025,Yangon Region,MMR013,township,Ward (69),"Anawrahta St., Ward (69) ,, Dagon Seikkan Township, Yangon , Myanmar",09-794638020,Yangon,active,,https://www.edge.com.mm/listing/dagon-seikkan-b-e-p-s-3-l00205402.html
MMR013025-BEPS05,Basic Education Primary School No. 5 Dagon Seikkan (အမှတ် (5) အခြေခံပညာမူလတန်းကျောင်း ဒဂုံမြို့သစ်(ဆိပ်ကမ်း) (အ.မ.က 5 ဒဂုံမြို့သစ်(ဆိပ်ကမ်း))),BEPS,Dagon Seikkan,MMR013025,Yangon Region,MMR013,township,Ward (87),"Ponnami St., Ward (87),, Dagon Seikkan Township, Yangon , Myanmar",09-420133577,Yangon,active,,https://www.edge.com.mm/listing/dagon-seikkan-b-e-p-s-5-l95715.html
MMR013025-BEPS08,Basic Education Primary School No. 8 Dagon Seikkan (အမှတ် (8) အခြေခံပညာမူလတန်းကျောင်း ဒဂုံမြို့သစ်(ဆိပ်ကမ်း) (အ.မ.က 8 ဒဂုံမြို့သစ်(ဆိပ်ကမ်း))),BEPS,Dagon Seikkan,MMR013025,Yangon Region,MMR013,township,Ward (58),"U Ba Kyi St., Ward (58),, Dagon Seikkan Township, Yangon , Myanmar",09-420204224,Yangon,active,,https://www.edge.com.mm/listing/dagon-seikkan-b-e-p-s-8-l139863.html
MMR013025-BEPS09,Basic Education Primary School No. 9 Dagon Seikkan (အမှတ် (9) အခြေခံပညာမူလတန်းကျောင်း ဒဂုံမြို့သစ်(ဆိပ်ကမ်း) (အ.မ.က 9 ဒဂုံမြို့သစ်(ဆိပ်ကမ်း))),BEPS,Dagon Seikkan,MMR013025,Yangon Region,MMR013,township,Sittaung Yeik Mon Housing,"Shwe Li St.,Sittaung Yeik Mon Housing, Dagon Seikkan Township, Yangon , Myanmar",09-420102610,Yangon,active,,https://www.edge.com.mm/listing/dagon-seikkan-b-e-p-s-9-l139850.html
MMR013025-BEPS04,Basic Education Primary School Dagon Seikkan (အခြေခံပညာမူလတန်းကျောင်း ဒဂုံမြို့သစ်(ဆိပ်ကမ်း)),BEPS,Dagon Seikkan,MMR013025,Yangon Region,MMR013,township,Dala Pann Village,"Dala Pann Village,, Dagon Seikkan Township, Yangon , Myanmar",09-420232055,Yangon,active,,https://www.edge.com.mm/listing/dagon-seikkan-b-e-p-s-dalapan-l95720.html
MMR007002-BEHS01,Basic Education High School No. 1 Daik-U (အမှတ် (1) အခြေခံပညာအထက်တန်းကျောင်း ဒိုက်ဦး (အ.ထ.က 1 ဒိုက်ဦး)),BEHS,Daik-U,MMR007002,Bago Region,MMR007,township,Wah So Ward,"Kyaung Gyi St., Wah So Ward,, Daik-U Township, Bago , Myanmar",052-40028,Bago,active,,https://www.edge.com.mm/listing/daik-u-b-e-h-s-1-l00252844.html
MMR007002-BEHS02,Basic Education High School No. 2 Daik-U (အမှတ် (2) အခြေခံပညာအထက်တန်းကျောင်း ဒိုက်ဦး (အ.ထ.က 2 ဒိုက်ဦး)),BEHS,Daik-U,MMR007002,Bago Region,MMR007,township,Merchant Ward,"Aung Chan Thar St., Merchant Ward,, Daik-U Township, Bago , Myanmar",052-40520,Bago,active,,https://www.edge.com.mm/listing/daik-u-b-e-h-s-2-l00252848.html
MMR013033-PV02,Dala Township Education Office,PV,Dala,MMR013033,Yangon Region,MMR013,township,Kyan Sit Thar Ward,"Dala-TounTae Rd., Kyan Sit Thar Ward,, Dala Township, Yangon , Myanmar",01-269214,Yangon,active,,https://www.edge.com.mm/listing/dala-township-education-office-l00253231.html
MMR013017-BEHS01,Basic Education High School No. 1 Dawbon (အမှတ် (1) အခြေခံပညာအထက်တန်းကျောင်း ဒေါပုံ (အ.ထ.က 1 ဒေါပုံ)),BEHS,Dawbon,MMR013017,Yangon Region,MMR013,township,La Mu Dan Ward,"Dhama Zayti St., La Mu Dan Ward,, Dawbon Township, Yangon , Myanmar",01-556807,Yangon,active,,https://www.edge.com.mm/listing/dawbon-b-e-h-s-1-l5348.html
MMR013017-BEMS01,Basic Education Middle School No. 1 Dawbon (အမှတ် (1) အခြေခံပညာအလယ်တန်းကျောင်း ဒေါပုံ (အ.လ.က 1 ဒေါပုံ)),BEMS,Dawbon,MMR013017,Yangon Region,MMR013,township,Thin Baw Kyin Ward,"Katoe Seik St., Man Pyay Bus Stop, Thin Baw Kyin Ward,, Dawbon Township, Yangon , Myanmar","01-9190563, 09-799844707",Yangon,active,,https://www.edge.com.mm/listing/dawbon-b-e-m-s-1-l6058.html
MMR013017-BEMS02,Basic Education Middle School No. 2 Dawbon (အမှတ် (2) အခြေခံပညာအလယ်တန်းကျောင်း ဒေါပုံ (အ.လ.က 2 ဒေါပုံ)),BEMS,Dawbon,MMR013017,Yangon Region,MMR013,township,Dhama Yeik Thar St.,"Dhama Yeik Thar St., Near Dawbon Market, Myo Thit Ward,, Dawbon Township, Yangon , Myanmar","01-9190564, 09-43094475",Yangon,active,,https://www.edge.com.mm/listing/dawbon-b-e-m-s-2-l6010.html
MMR013017-BEMS03,Basic Education Middle School No. 3 Dawbon (အမှတ် (3) အခြေခံပညာအလယ်တန်းကျောင်း ဒေါပုံ (အ.လ.က 3 ဒေါပုံ)),BEMS,Dawbon,MMR013017,Yangon Region,MMR013,township,Bo Htun Zan Ward,"Thitsar St., Bo Htun Zan Ward,, Dawbon Township, Yangon , Myanmar","01-9190565, 09-261452507",Yangon,active,,https://www.edge.com.mm/listing/dawbon-b-e-m-s-3-l6009.html
MMR013017-BEMS04,Basic Education Middle School No. 4 Dawbon (အမှတ် (4) အခြေခံပညာအလယ်တန်းကျောင်း ဒေါပုံ (အ.လ.က 4 ဒေါပုံ)),BEMS,Dawbon,MMR013017,Yangon Region,MMR013,township,Nwe Aye Ward,"Thidar Nwe St., Nwe Aye Ward,, Dawbon Township, Yangon , Myanmar","01-450987, 09-782033580",Yangon,active,,https://www.edge.com.mm/listing/dawbon-b-e-m-s-4-l5565.html
MMR013017-BEPS10,Basic Education Primary School No. 10 Dawbon (အမှတ် (10) အခြေခံပညာမူလတန်းကျောင်း ဒေါပုံ (အ.မ.က 10 ဒေါပုံ)),BEPS,Dawbon,MMR013017,Yangon Region,MMR013,township,Bamar Aye Ward,"Bogyoke St., Bamar Aye Ward,, Dawbon Township, Yangon , Myanmar","01-450991, 09-792966263",Yangon,active,,https://www.edge.com.mm/listing/dawbon-b-e-p-s-10-l5554.html
MMR013017-BEPS11,Basic Education Primary School No. 11 Dawbon (အမှတ် (11) အခြေခံပညာမူလတန်းကျောင်း ဒေါပုံ (အ.မ.က 11 ဒေါပုံ)),BEPS,Dawbon,MMR013017,Yangon Region,MMR013,township,Aung Chan Thar Ward,"Kan Tharyar St., Corner of Aung Takhon St., Aung Chan Thar Ward,, Dawbon Township, Yangon , Myanmar","01-9190573, 09-252487664",Yangon,active,,https://www.edge.com.mm/listing/dawbon-b-e-p-s-11-l5553.html
MMR013017-BEPS12,Basic Education Primary School No. 12 Dawbon (အမှတ် (12) အခြေခံပညာမူလတန်းကျောင်း ဒေါပုံ (အ.မ.က 12 ဒေါပုံ)),BEPS,Dawbon,MMR013017,Yangon Region,MMR013,township,Bo Htun Zan Ward,"Bo Myat Tun St., Bo Htun Zan Ward,, Dawbon Township, Yangon , Myanmar","01-9190574, 09-450041701",Yangon,active,,https://www.edge.com.mm/listing/dawbon-b-e-p-s-12-l5495.html
MMR013017-BEPS01,Basic Education Primary School No. 1 Dawbon (အမှတ် (1) အခြေခံပညာမူလတန်းကျောင်း ဒေါပုံ (အ.မ.က 1 ဒေါပုံ)),BEPS,Dawbon,MMR013017,Yangon Region,MMR013,township,Yamonnar Ward (1),"Myoma St., Yan Pyay Bus Stop, Yamonnar Ward (1),, Dawbon Township, Yangon , Myanmar","01-9190566, 09-420049431",Yangon,active,,https://www.edge.com.mm/listing/dawbon-b-e-p-s-1-l5564.html
MMR013017-BEPS02,Basic Education Primary School No. 2 Dawbon (အမှတ် (2) အခြေခံပညာမူလတန်းကျောင်း ဒေါပုံ (အ.မ.က 2 ဒေါပုံ)),BEPS,Dawbon,MMR013017,Yangon Region,MMR013,township,Wah So Ward,"Aung Takhon St., Wah So Bus Stop, Wah So Ward,, Dawbon Township, Yangon , Myanmar","01-9190567, 09-448041292, 09-782261801",Yangon,active,,https://www.edge.com.mm/listing/dawbon-b-e-p-s-2-l00324805.html
MMR013017-BEPS03,Basic Education Primary School No. 3 Dawbon (အမှတ် (3) အခြေခံပညာမူလတန်းကျောင်း ဒေါပုံ (အ.မ.က 3 ဒေါပုံ)),BEPS,Dawbon,MMR013017,Yangon Region,MMR013,township,Myo Thit Ward,"Ah Lin Yaung St., Myo Thit Ward,, Dawbon Township, Yangon , Myanmar","01-9190568, 09-5407475",Yangon,active,,https://www.edge.com.mm/listing/dawbon-b-e-p-s-3-l00324801.html
MMR013017-BEPS04,Basic Education Primary School No. 4 Dawbon (အမှတ် (4) အခြေခံပညာမူလတန်းကျောင်း ဒေါပုံ (အ.မ.က 4 ဒေါပုံ)),BEPS,Dawbon,MMR013017,Yangon Region,MMR013,township,Kyi Su Ward,"Pagoda 1st St., Kyi Su Ward,, Dawbon Township, Yangon , Myanmar",01-9190569,Yangon,active,,https://www.edge.com.mm/listing/dawbon-b-e-p-s-4-l5561.html
MMR013017-BEPS05,Basic Education Primary School No. 5 Dawbon (အမှတ် (5) အခြေခံပညာမူလတန်းကျောင်း ဒေါပုံ (အ.မ.က 5 ဒေါပုံ)),BEPS,Dawbon,MMR013017,Yangon Region,MMR013,township,Bamar Aye Ward,"Min Ye Kyaw Swar St., Bamar Aye Ward,, Dawbon Township, Yangon , Myanmar","01-450988, 09-798195032",Yangon,active,,https://www.edge.com.mm/listing/dawbon-b-e-p-s-5-l5560.html
MMR013017-BEPS06,Basic Education Primary School No. 6 Dawbon (အမှတ် (6) အခြေခံပညာမူလတန်းကျောင်း ဒေါပုံ (အ.မ.က 6 ဒေါပုံ)),BEPS,Dawbon,MMR013017,Yangon Region,MMR013,township,Nwe Aye Ward,"Aung Thidar St., Nwe Aye Ward,, Dawbon Township, Yangon , Myanmar","01-450989, 09-420029791",Yangon,active,,https://www.edge.com.mm/listing/dawbon-b-e-p-s-6-l00324792.html
MMR013017-BEPS07,Basic Education Primary School No. 7 Dawbon (အမှတ် (7) အခြေခံပညာမူလတန်းကျောင်း ဒေါပုံ (အ.မ.က 7 ဒေါပုံ)),BEPS,Dawbon,MMR013017,Yangon Region,MMR013,township,Yamonnar Ward (2),"Thin Baw Kyin St., Yamonnar Ward (2),, Dawbon Township, Yangon , Myanmar","01-9190570, 09-5086009",Yangon,active,,https://www.edge.com.mm/listing/dawbon-b-e-p-s-7-l5558.html
MMR013017-BEPS08,Basic Education Primary School No. 8 Dawbon (အမှတ် (8) အခြေခံပညာမူလတန်းကျောင်း ဒေါပုံ (အ.မ.က 8 ဒေါပုံ)),BEPS,Dawbon,MMR013017,Yangon Region,MMR013,township,Zeyar Thiri Ward,"Aung Yadanar St., Zeyar Thiri Ward,, Dawbon Township, Yangon , Myanmar","01-9190571, 09-791959844",Yangon,active,,https://www.edge.com.mm/listing/dawbon-b-e-p-s-8-l00324781.html
MMR013017-BEPS09,Basic Education Primary School No. 9 Dawbon (အမှတ် (9) အခြေခံပညာမူလတန်းကျောင်း ဒေါပုံ (အ.မ.က 9 ဒေါပုံ)),BEPS,Dawbon,MMR013017,Yangon Region,MMR013,township,Thin Baw Kyin Ward,"Aung Thukha St., Thin Baw Kyin Ward,, Dawbon Township, Yangon , Myanmar","01-9190572, 09-799567944",Yangon,active,,https://www.edge.com.mm/listing/dawbon-b-e-p-s-9-l5555.html
MMR006001-BEHS01,Basic Education High School No. 1 Dawei (အမှတ် (1) အခြေခံပညာအထက်တန်းကျောင်း ထားဝယ် (အ.ထ.က 1 ထားဝယ်)),BEHS,Dawei,MMR006001,Tanintharyi Region,MMR006,township,Painnae Taw Ward,"R Zarni Rd., Painnae Taw Ward,, Dawei Township, Tanintharyi , Myanmar",059-21129,Tanintharyi,active,,https://www.edge.com.mm/listing/dawei-b-e-h-s-1-l00253788.html
MMR006001-BEHS02,Basic Education High School No. 2 Dawei (အမှတ် (2) အခြေခံပညာအထက်တန်းကျောင်း ထားဝယ် (အ.ထ.က 2 ထားဝယ်)),BEHS,Dawei,MMR006001,Tanintharyi Region,MMR006,township,Bon Maw Ward,"B.E.H.S (2) St., Bon Maw Ward,, Dawei Township, Tanintharyi , Myanmar","059-21128, 09-450817932",Tanintharyi,active,,https://www.edge.com.mm/listing/dawei-b-e-h-s-2-l00253792.html
MMR006001-BEHS03,Basic Education High School No. 3 Dawei (အမှတ် (3) အခြေခံပညာအထက်တန်းကျောင်း ထားဝယ် (အ.ထ.က 3 ထားဝယ်)),BEHS,Dawei,MMR006001,Tanintharyi Region,MMR006,township,Painnae Taw Ward,"R Zarni Rd., Painnae Taw Ward,, Dawei Township, Tanintharyi , Myanmar","059-21131, 09-785423637",Tanintharyi,active,,https://www.edge.com.mm/listing/dawei-b-e-h-s-3-l00253796.html
MMR006001-BEHS04,Basic Education High School No. 4 Dawei (အမှတ် (4) အခြေခံပညာအထက်တန်းကျောင်း ထားဝယ် (အ.ထ.က 4 ထားဝယ်)),BEHS,Dawei,MMR006001,Tanintharyi Region,MMR006,township,Htein Thit Ward,"B.E.H.S (4) St., Htein Thit Ward,, Dawei Township, Tanintharyi , Myanmar","059-21130, 09-30759475",Tanintharyi,active,,https://www.edge.com.mm/listing/dawei-b-e-h-s-4-l00253802.html
MMR006001-BEMS05,Basic Education Middle School No. 5 Dawei (အမှတ် (5) အခြေခံပညာအလယ်တန်းကျောင်း ထားဝယ် (အ.လ.က 5 ထားဝယ်)),BEMS,Dawei,MMR006001,Tanintharyi Region,MMR006,township,Kyauk Maw Ward,"Kha-La-Ya (25) Army, Kyauk Maw Ward,, Dawei Township, Tanintharyi , Myanmar","059-22331, 09-977649818",Tanintharyi,active,,https://www.edge.com.mm/listing/dawei-b-e-m-s-5-nyaung-yan-taung-l00253808.html
MMR013008-PV03,Day Care Centre [Kyun Taw],PV,Sanchaung,MMR013008,Yangon Region,MMR013,township,Mont Let Saung Gone (South) Ward,"99, Kyun Taw Rd., Mont Let Saung Gone (South) Ward,, Sanchaung Township, Yangon , Myanmar","01-536383, 09-43137716",Yangon,active,,https://www.edge.com.mm/listing/day-care-centre-kyun-taw-l00328002.html
MMR013014-PV16,Day Care Centre [Thingangyun],PV,Thingangyun,MMR013014,Yangon Region,MMR013,township,Lay Daunt Kan Ward,"54, Lay Daunt Kan Rd., Lay Daunt Kan Ward,, Thingangyun Township, Yangon , Myanmar",01-8566184,Yangon,active,,https://www.edge.com.mm/listing/day-care-centre-thingangyun-l48346.html
MMR017003-BEHS01,Basic Education High School No. 1 Dedaye (အမှတ် (1) အခြေခံပညာအထက်တန်းကျောင်း ဒေးဒရဲ (အ.ထ.က 1 ဒေးဒရဲ)),BEHS,Dedaye,MMR017003,Ayeyarwady Region,MMR017,township,Ward (2),"Bogyoke St., Ward (2),, Dedaye Township, Ayeyawady , Myanmar",,Ayeyawady,active,,https://www.edge.com.mm/listing/dedaye-b-e-h-s-1-l00256191.html
MMR017003-BEHS02,Basic Education High School No. 2 Dedaye (အမှတ် (2) အခြေခံပညာအထက်တန်းကျောင်း ဒေးဒရဲ (အ.ထ.က 2 ဒေးဒရဲ)),BEHS,Dedaye,MMR017003,Ayeyarwady Region,MMR017,township,Ward (3),"Phayar Kwet Thit 4th St., Ward (3),, Dedaye Township, Ayeyawady , Myanmar",,Ayeyawady,active,,https://www.edge.com.mm/listing/dedaye-b-e-h-s-2-l00256120.html
MMR017003-BEMS01,Basic Education Middle School Dedaye (အခြေခံပညာအလယ်တန်းကျောင်း ဒေးဒရဲ),BEMS,Dedaye,MMR017003,Ayeyarwady Region,MMR017,township,Chaung Phyar Village,"Daydaye-Phyar Pone St.(Chaung Phyar St.), Chaung Phyar Village,, Dedaye Township, Ayeyawady , Myanmar",,Ayeyawady,active,,https://www.edge.com.mm/listing/dedaye-b-e-m-s-myoma-l00256119.html
MMR017003-BEPS01,Basic Education Primary School Dedaye (အခြေခံပညာမူလတန်းကျောင်း ဒေးဒရဲ),BEPS,Dedaye,MMR017003,Ayeyarwady Region,MMR017,township,Ward (2),"Pyi Taw Thar St., Ward (2),, Dedaye Township, Ayeyawady , Myanmar",,Ayeyawady,active,,https://www.edge.com.mm/listing/dedaye-b-e-p-s-ah-lel-pine-l00256189.html
MMR017003-BEPS02,Basic Education Primary School Dedaye (အခြေခံပညာမူလတန်းကျောင်း ဒေးဒရဲ),BEPS,Dedaye,MMR017003,Ayeyarwady Region,MMR017,township,Ward (2),"Myat Lay St., Ward (2),, Dedaye Township, Ayeyawady , Myanmar",,Ayeyawady,active,,https://www.edge.com.mm/listing/dedaye-b-e-p-s-bo-tan-l00256160.html
MMR017003-BEPS03,Basic Education Primary School Dedaye (အခြေခံပညာမူလတန်းကျောင်း ဒေးဒရဲ),BEPS,Dedaye,MMR017003,Ayeyarwady Region,MMR017,township,Ward (1),"Bogyoke St., Ward (1),, Dedaye Township, Ayeyawady , Myanmar",,Ayeyawady,active,,https://www.edge.com.mm/listing/dedaye-b-e-p-s-bogyoke-l00256165.html
MMR017003-BEPS04,Basic Education Primary School Dedaye (အခြေခံပညာမူလတန်းကျောင်း ဒေးဒရဲ),BEPS,Dedaye,MMR017003,Ayeyarwady Region,MMR017,township,Ward (1),"Lanmadaw St., Ward (1),, Dedaye Township, Ayeyawady , Myanmar",,Ayeyawady,active,,https://www.edge.com.mm/listing/dedaye-b-e-p-s-myoma-l00256185.html
MMR017003-BEPS05,Basic Education Primary School Dedaye (အခြေခံပညာမူလတန်းကျောင်း ဒေးဒရဲ),BEPS,Dedaye,MMR017003,Ayeyarwady Region,MMR017,township,Ward (2),"Phayar Kwet Thit 2nd St., Ward (2),, Dedaye Township, Ayeyawady , Myanmar",,Ayeyawady,active,,https://www.edge.com.mm/listing/dedaye-b-e-p-s-ohe-bhoe-l00256179.html
MMR017003-BEPS06,Basic Education Primary School Dedaye (အခြေခံပညာမူလတန်းကျောင်း ဒေးဒရဲ),BEPS,Dedaye,MMR017003,Ayeyarwady Region,MMR017,township,Ward (3),"Taw Ta Ni Kwet Thit 4th St., Ward (3),, Dedaye Township, Ayeyawady , Myanmar",,Ayeyawady,active,,https://www.edge.com.mm/listing/dedaye-b-e-p-s-taw-ta-ni-l00256182.html
MMR017003-BEPS07,Basic Education Primary School Dedaye (အခြေခံပညာမူလတန်းကျောင်း ဒေးဒရဲ),BEPS,Dedaye,MMR017003,Ayeyarwady Region,MMR017,township,Ward (1),"Pyi Taw Thar St., Ward (1),, Dedaye Township, Ayeyawady , Myanmar",,Ayeyawady,active,,https://www.edge.com.mm/listing/dedaye-b-e-p-s-zay-gyi-l00256168.html
MMR013024-BEHS01,Basic Education High School No. 1 East Dagon (အမှတ် (1) အခြေခံပညာအထက်တန်းကျောင်း ဒဂုံမြို့သစ်(အရှေ့ပိုင်း) (အ.ထ.က 1 ဒဂုံမြို့သစ်(အရှေ့ပိုင်း))),BEHS,East Dagon,MMR013024,Yangon Region,MMR013,township,Ward (13),"No.(2) Main Rd., Ward (13),, East Dagon Township, Yangon , Myanmar",09-261601354,Yangon,active,,https://www.edge.com.mm/listing/east-dagon-b-e-h-s-1-l10469.html
MMR013024-BEHS02,Basic Education High School No. 2 East Dagon (အမှတ် (2) အခြေခံပညာအထက်တန်းကျောင်း ဒဂုံမြို့သစ်(အရှေ့ပိုင်း) (အ.ထ.က 2 ဒဂုံမြို့သစ်(အရှေ့ပိုင်း))),BEHS,East Dagon,MMR013024,Yangon Region,MMR013,township,Ward (3),"Yaw Min Gyi St., Ward (3),, East Dagon Township, Yangon , Myanmar","01-2584682, 09-260015795",Yangon,active,,https://www.edge.com.mm/listing/east-dagon-b-e-h-s-2-l10413.html
MMR013024-BEHS03,Basic Education High School No. 3 East Dagon (အမှတ် (3) အခြေခံပညာအထက်တန်းကျောင်း ဒဂုံမြို့သစ်(အရှေ့ပိုင်း) (အ.ထ.က 3 ဒဂုံမြို့သစ်(အရှေ့ပိုင်း))),BEHS,East Dagon,MMR013024,Yangon Region,MMR013,township,Ward (12),"Mahaw Thadar St., Ward (12),, East Dagon Township, Yangon , Myanmar",09-421036995,Yangon,active,,https://www.edge.com.mm/listing/east-dagon-b-e-h-s-3-l10415.html
MMR013024-BEHS04,Basic Education High School No. 4 East Dagon (အမှတ် (4) အခြေခံပညာအထက်တန်းကျောင်း ဒဂုံမြို့သစ်(အရှေ့ပိုင်း) (အ.ထ.က 4 ဒဂုံမြို့သစ်(အရှေ့ပိုင်း))),BEHS,East Dagon,MMR013024,Yangon Region,MMR013,township,Ward (9),"Naw Khan Oo St., Ward (9),, East Dagon Township, Yangon , Myanmar",09-420091343,Yangon,active,,https://www.edge.com.mm/listing/east-dagon-b-e-h-s-4-l10414.html
MMR013024-BEHS05,Basic Education High School No. 5 East Dagon (အမှတ် (5) အခြေခံပညာအထက်တန်းကျောင်း ဒဂုံမြို့သစ်(အရှေ့ပိုင်း) (အ.ထ.က 5 ဒဂုံမြို့သစ်(အရှေ့ပိုင်း))),BEHS,East Dagon,MMR013024,Yangon Region,MMR013,township,Ward (133),"Hanthawaddy St., Ward (133),, East Dagon Township, Yangon , Myanmar",09-458262775,Yangon,active,,https://www.edge.com.mm/listing/east-dagon-b-e-h-s-5-l10419.html
MMR013024-BEMS01,Basic Education Middle School No. 1 East Dagon (အမှတ် (1) အခြေခံပညာအလယ်တန်းကျောင်း ဒဂုံမြို့သစ်(အရှေ့ပိုင်း) (အ.လ.က 1 ဒဂုံမြို့သစ်(အရှေ့ပိုင်း))),BEMS,East Dagon,MMR013024,Yangon Region,MMR013,township,Ward (12),"Saw Mahar St., Ward (12),, East Dagon Township, Yangon , Myanmar",09-450020562,Yangon,active,,https://www.edge.com.mm/listing/east-dagon-b-e-m-s-1-l10442.html
MMR013024-BEMS02,Basic Education Middle School No. 2 East Dagon (အမှတ် (2) အခြေခံပညာအလယ်တန်းကျောင်း ဒဂုံမြို့သစ်(အရှေ့ပိုင်း) (အ.လ.က 2 ဒဂုံမြို့သစ်(အရှေ့ပိုင်း))),BEMS,East Dagon,MMR013024,Yangon Region,MMR013,township,Ward (13),"Sel Myaung St., Ward (13),, East Dagon Township, Yangon , Myanmar",09-400003519,Yangon,active,,https://www.edge.com.mm/listing/east-dagon-b-e-m-s-2-l10423.html
MMR013024-PV06,East Dagon B.E.P.P.S [11],PV,East Dagon,MMR013024,Yangon Region,MMR013,township,,"Ward (52),, East Dagon Township, Yangon , Myanmar",09-401601914,Yangon,active,,https://www.edge.com.mm/listing/east-dagon-b-e-p-p-s-11-l10444.html
MMR013024-PV07,East Dagon B.E.P.P.S [12],PV,East Dagon,MMR013024,Yangon Region,MMR013,township,Sit Pin (South) Ward,"Sit Pin (South) Ward,, East Dagon Township, Yangon , Myanmar",09-795500905,Yangon,active,,https://www.edge.com.mm/listing/east-dagon-b-e-p-p-s-12-l10445.html
MMR013024-PV08,East Dagon B.E.P.P.S [20],PV,East Dagon,MMR013024,Yangon Region,MMR013,township,Ward (164),"No.(7) Main Rd., Mental Health Hospital Compound, Ward (164),, East Dagon Township, Yangon , Myanmar",09-795666250,Yangon,active,,https://www.edge.com.mm/listing/east-dagon-b-e-p-p-s-20-l00316065.html
MMR013024-PV09,East Dagon B.E.P.P.S [6],PV,East Dagon,MMR013024,Yangon Region,MMR013,township,Ward (7),"Bo Myint Aung St., Ward (7),, East Dagon Township, Yangon , Myanmar",09-259501859,Yangon,active,,https://www.edge.com.mm/listing/east-dagon-b-e-p-p-s-6-l10429.html
MMR013024-BEPS10,Basic Education Primary School No. 10 East Dagon (အမှတ် (10) အခြေခံပညာမူလတန်းကျောင်း ဒဂုံမြို့သစ်(အရှေ့ပိုင်း) (အ.မ.က 10 ဒဂုံမြို့သစ်(အရှေ့ပိုင်း))),BEPS,East Dagon,MMR013024,Yangon Region,MMR013,township,Ward (6),"Pin Ya St., Corner of Yan Gyi Aung St., Ward (6),, East Dagon Township, Yangon , Myanmar",09-420156375,Yangon,active,,https://www.edge.com.mm/listing/east-dagon-b-e-p-s-10-l10443.html
MMR013024-BEPS13,Basic Education Primary School No. 13 East Dagon (အမှတ် (13) အခြေခံပညာမူလတန်းကျောင်း ဒဂုံမြို့သစ်(အရှေ့ပိုင်း) (အ.မ.က 13 ဒဂုံမြို့သစ်(အရှေ့ပိုင်း))),BEPS,East Dagon,MMR013024,Yangon Region,MMR013,township,Sit Pin (South) Ward,"Sit Pin (South) Ward,, East Dagon Township, Yangon , Myanmar",09-448300159,Yangon,active,,https://www.edge.com.mm/listing/east-dagon-b-e-p-s-13-l10446.html
MMR013024-BEPS14,Basic Education Primary School No. 14 East Dagon (အမှတ် (14) အခြေခံပညာမူလတန်းကျောင်း ဒဂုံမြို့သစ်(အရှေ့ပိုင်း) (အ.မ.က 14 ဒဂုံမြို့သစ်(အရှေ့ပိုင်း))),BEPS,East Dagon,MMR013024,Yangon Region,MMR013,township,Htaung Talote Ward,"Htaung Talote Ward,, East Dagon Township, Yangon , Myanmar",09-793836020,Yangon,active,,https://www.edge.com.mm/listing/east-dagon-b-e-p-s-14-l10447.html
MMR013024-BEPS15,Basic Education Primary School No. 15 East Dagon (အမှတ် (15) အခြေခံပညာမူလတန်းကျောင်း ဒဂုံမြို့သစ်(အရှေ့ပိုင်း) (အ.မ.က 15 ဒဂုံမြို့သစ်(အရှေ့ပိုင်း))),BEPS,East Dagon,MMR013024,Yangon Region,MMR013,township,Ma Lit (East) Village,"Ma Lit (East) Village,, East Dagon Township, Yangon , Myanmar",09-777180185,Yangon,active,,https://www.edge.com.mm/listing/east-dagon-b-e-p-s-15-l10448.html
MMR013024-BEPS16,Basic Education Primary School No. 16 East Dagon (အမှတ် (16) အခြေခံပညာမူလတန်းကျောင်း ဒဂုံမြို့သစ်(အရှေ့ပိုင်း) (အ.မ.က 16 ဒဂုံမြို့သစ်(အရှေ့ပိုင်း))),BEPS,East Dagon,MMR013024,Yangon Region,MMR013,township,Ma Lit (East) Village,"Ma Lit (East) Village,, East Dagon Township, Yangon , Myanmar",09-420627953,Yangon,active,,https://www.edge.com.mm/listing/east-dagon-b-e-p-s-16-l10449.html
MMR013024-BEPS17,Basic Education Primary School No. 17 East Dagon (အမှတ် (17) အခြေခံပညာမူလတန်းကျောင်း ဒဂုံမြို့သစ်(အရှေ့ပိုင်း) (အ.မ.က 17 ဒဂုံမြို့သစ်(အရှေ့ပိုင်း))),BEPS,East Dagon,MMR013024,Yangon Region,MMR013,township,Ah Wine Shae Village,"Ah Wine Shae Village,, East Dagon Township, Yangon , Myanmar",09-421100609,Yangon,active,,https://www.edge.com.mm/listing/east-dagon-b-e-p-s-17-l10450.html
MMR013024-BEPS18,Basic Education Primary School No. 18 East Dagon (အမှတ် (18) အခြေခံပညာမူလတန်းကျောင်း ဒဂုံမြို့သစ်(အရှေ့ပိုင်း) (အ.မ.က 18 ဒဂုံမြို့သစ်(အရှေ့ပိုင်း))),BEPS,East Dagon,MMR013024,Yangon Region,MMR013,township,Shan Tè Gyi Ward,"Shan Tè Gyi Ward,, East Dagon Township, Yangon , Myanmar","09-448025534, 09-448042636",Yangon,active,,https://www.edge.com.mm/listing/east-dagon-b-e-p-s-18-l10452.html
MMR013024-BEPS19,Basic Education Primary School No. 19 East Dagon (အမှတ် (19) အခြေခံပညာမူလတန်းကျောင်း ဒဂုံမြို့သစ်(အရှေ့ပိုင်း) (အ.မ.က 19 ဒဂုံမြို့သစ်(အရှေ့ပိုင်း))),BEPS,East Dagon,MMR013024,Yangon Region,MMR013,township,Ward (133),"Sagaing St., Ward (133),, East Dagon Township, Yangon , Myanmar",09-263850358,Yangon,active,,https://www.edge.com.mm/listing/east-dagon-b-e-p-s-19-l10453.html
MMR013024-BEPS01,Basic Education Primary School No. 1 East Dagon (အမှတ် (1) အခြေခံပညာမူလတန်းကျောင်း ဒဂုံမြို့သစ်(အရှေ့ပိုင်း) (အ.မ.က 1 ဒဂုံမြို့သစ်(အရှေ့ပိုင်း))),BEPS,East Dagon,MMR013024,Yangon Region,MMR013,township,Ward (4),"Anawrahta Rd., Ward (4),, East Dagon Township, Yangon , Myanmar",09-425013221,Yangon,active,,https://www.edge.com.mm/listing/east-dagon-b-e-p-s-1-l10421.html
MMR013024-BEPS21,Basic Education Primary School No. 21 East Dagon (အမှတ် (21) အခြေခံပညာမူလတန်းကျောင်း ဒဂုံမြို့သစ်(အရှေ့ပိုင်း) (အ.မ.က 21 ဒဂုံမြို့သစ်(အရှေ့ပိုင်း))),BEPS,East Dagon,MMR013024,Yangon Region,MMR013,township,Ward (125),"Mya Sabei St., Ward (125),, East Dagon Township, Yangon , Myanmar",09-420156416,Yangon,active,,https://www.edge.com.mm/listing/east-dagon-b-e-p-s-21-l95723.html
MMR013024-BEPS22,Basic Education Primary School No. 22 East Dagon (အမှတ် (22) အခြေခံပညာမူလတန်းကျောင်း ဒဂုံမြို့သစ်(အရှေ့ပိုင်း) (အ.မ.က 22 ဒဂုံမြို့သစ်(အရှေ့ပိုင်း))),BEPS,East Dagon,MMR013024,Yangon Region,MMR013,township,Ward (156),"Seikta Thukha St., Ward (156),, East Dagon Township, Yangon , Myanmar","09-5125580, 09-781431460",Yangon,active,,https://www.edge.com.mm/listing/east-dagon-b-e-p-s-22-l95722.html
MMR013024-BEPS23,Basic Education Primary School No. 23 East Dagon (အမှတ် (23) အခြေခံပညာမူလတန်းကျောင်း ဒဂုံမြို့သစ်(အရှေ့ပိုင်း) (အ.မ.က 23 ဒဂုံမြို့သစ်(အရှေ့ပိုင်း))),BEPS,East Dagon,MMR013024,Yangon Region,MMR013,township,Ward (155),"Yadanar St., Ward (155),, East Dagon Township, Yangon , Myanmar",09-796119787,Yangon,active,,https://www.edge.com.mm/listing/east-dagon-b-e-p-s-23-l95721.html
MMR013024-BEPS24,Basic Education Primary School No. 24 East Dagon (အမှတ် (24) အခြေခံပညာမူလတန်းကျောင်း ဒဂုံမြို့သစ်(အရှေ့ပိုင်း) (အ.မ.က 24 ဒဂုံမြို့သစ်(အရှေ့ပိုင်း))),BEPS,East Dagon,MMR013024,Yangon Region,MMR013,township,Ward (15),"Khattar St., Ward (15),, East Dagon Township, Yangon , Myanmar",09-799797748,Yangon,active,,https://www.edge.com.mm/listing/east-dagon-b-e-p-s-24-l190197.html
MMR013024-BEPS02,Basic Education Primary School No. 2 East Dagon (အမှတ် (2) အခြေခံပညာမူလတန်းကျောင်း ဒဂုံမြို့သစ်(အရှေ့ပိုင်း) (အ.မ.က 2 ဒဂုံမြို့သစ်(အရှေ့ပိုင်း))),BEPS,East Dagon,MMR013024,Yangon Region,MMR013,township,Ward (3),"Thaharya St., Ward (3),, East Dagon Township, Yangon , Myanmar",09-31867281,Yangon,active,,https://www.edge.com.mm/listing/east-dagon-b-e-p-s-2-l10422.html
MMR013024-BEPS04,Basic Education Primary School No. 4 East Dagon (အမှတ် (4) အခြေခံပညာမူလတန်းကျောင်း ဒဂုံမြို့သစ်(အရှေ့ပိုင်း) (အ.မ.က 4 ဒဂုံမြို့သစ်(အရှေ့ပိုင်း))),BEPS,East Dagon,MMR013024,Yangon Region,MMR013,township,Ward (1),"Nyaung Oo Phee St., Ward (1),, East Dagon Township, Yangon , Myanmar",09-420038351,Yangon,active,,https://www.edge.com.mm/listing/east-dagon-b-e-p-s-4-l10427.html
MMR013024-BEPS05,Basic Education Primary School No. 5 East Dagon (အမှတ် (5) အခြေခံပညာမူလတန်းကျောင်း ဒဂုံမြို့သစ်(အရှေ့ပိုင်း) (အ.မ.က 5 ဒဂုံမြို့သစ်(အရှေ့ပိုင်း))),BEPS,East Dagon,MMR013024,Yangon Region,MMR013,township,Ward (5),"Bo Oat Tama St., Ward (5),, East Dagon Township, Yangon , Myanmar","09-250079460, 09-799607002",Yangon,active,,https://www.edge.com.mm/listing/east-dagon-b-e-p-s-5-l10428.html
MMR013024-BEPS08,Basic Education Primary School No. 8 East Dagon (အမှတ် (8) အခြေခံပညာမူလတန်းကျောင်း ဒဂုံမြို့သစ်(အရှေ့ပိုင်း) (အ.မ.က 8 ဒဂုံမြို့သစ်(အရှေ့ပိုင်း))),BEPS,East Dagon,MMR013024,Yangon Region,MMR013,township,Ward (11),"Thakhin San Shwe St., Ward (11),, East Dagon Township, Yangon , Myanmar",09-793604590,Yangon,active,,https://www.edge.com.mm/listing/east-dagon-b-e-p-s-8-l10435.html
MMR013024-BEHS-BR04,Basic Education High School (Branch) No. 4 East Dagon (အမှတ် (4) အခြေခံပညာအထက်တန်းကျောင်း (ခွဲ) ဒဂုံမြို့သစ်(အရှေ့ပိုင်း) (အ.ထ.က (ခွဲ) 4 ဒဂုံမြို့သစ်(အရှေ့ပိုင်း))),BEHS-BR,East Dagon,MMR013024,Yangon Region,MMR013,township,Ywar Thar Gyi Ward,"No.(2) Main Rd., Ywar Thar Gyi Butar, Ywar Thar Gyi Ward,, East Dagon Township, Yangon , Myanmar",09-5156904,Yangon,active,,https://www.edge.com.mm/listing/east-dagon-b-e-m-s-4-b-e-h-s-branch-l10420.html
MMR013024-BEMS-BR07,Basic Education Middle School (Branch) No. 7 East Dagon (အမှတ် (7) အခြေခံပညာအလယ်တန်းကျောင်း (ခွဲ) ဒဂုံမြို့သစ်(အရှေ့ပိုင်း) (အ.လ.က (ခွဲ) 7 ဒဂုံမြို့သစ်(အရှေ့ပိုင်း))),BEMS-BR,East Dagon,MMR013024,Yangon Region,MMR013,township,Ward (8),"Bo Moe Kyoe St., Ward (8),, East Dagon Township, Yangon , Myanmar",09-420025886,Yangon,active,,https://www.edge.com.mm/listing/east-dagon-b-e-p-s-7-b-e-m-s-branch-l10430.html
MMR013026-PV17,Gone Htoo U Htoo Aung,PV,Hlaingtharya,MMR013026,Yangon Region,MMR013,township,Ward (16),"1220/B, Taung Ngu St., Ward (16),, Hlaing Thar Yar, Yangon , Myanmar","09-421019463, 09-73138308, 09-421707025, 09-421707024",Yangon,active,,https://www.edge.com.mm/listing/gone-htoo-u-htoo-aung-l119009.html
MMR003001-PV01,Government Pre School,PV,Hpa-An,MMR003001,Kayin State,MMR003,township,Ward(3),"Tan Myint Kyaung St., Ward(3),, Hpa-An Township, Kayin State , Myanmar",058-21186,Kayin State,active,,https://www.edge.com.mm/listing/government-pre-school-l00253492.html
MMR013006-BEHS01,Basic Education High School No. 1 Hlaing (အမှတ် (1) အခြေခံပညာအထက်တန်းကျောင်း လှိုင် (အ.ထ.က 1 လှိုင်)),BEHS,Hlaing,MMR013006,Yangon Region,MMR013,township,Ward (6),"Butar Yon St., Ward (6),, Hlaing Township, Yangon , Myanmar",09-421017706,Yangon,active,,https://www.edge.com.mm/listing/hlaing-b-e-h-s-1-l10658.html
MMR013006-BEHS02,Basic Education High School No. 2 Hlaing (အမှတ် (2) အခြေခံပညာအထက်တန်းကျောင်း လှိုင် (အ.ထ.က 2 လှိုင်)),BEHS,Hlaing,MMR013006,Yangon Region,MMR013,township,Ward (8),"U Cho St., Thukha Yeikthar, Ward (8),, Hlaing Township, Yangon , Myanmar",09-799856267,Yangon,active,,https://www.edge.com.mm/listing/hlaing-b-e-h-s-2-l10660.html
MMR013006-BEHS03,Basic Education High School No. 3 Hlaing (အမှတ် (3) အခြေခံပညာအထက်တန်းကျောင်း လှိုင် (အ.ထ.က 3 လှိုင်)),BEHS,Hlaing,MMR013006,Yangon Region,MMR013,township,Ward (13),"Thiri Myaing St., Ward (13),, Hlaing Township, Yangon , Myanmar","09-797877689, 09-453737001",Yangon,active,,https://www.edge.com.mm/listing/hlaing-b-e-h-s-3-l00317407.html
MMR013006-BEHS04,Basic Education High School No. 4 Hlaing (အမှတ် (4) အခြေခံပညာအထက်တန်းကျောင်း လှိုင် (အ.ထ.က 4 လှိုင်)),BEHS,Hlaing,MMR013006,Yangon Region,MMR013,township,Ward (10),"Kan St., Ward (10),, Hlaing Township, Yangon , Myanmar",09-420053631,Yangon,active,,https://www.edge.com.mm/listing/hlaing-b-e-h-s-4-l10662.html
MMR013006-BEMS10,Basic Education Middle School No. 10 Hlaing (အမှတ် (10) အခြေခံပညာအလယ်တန်းကျောင်း လှိုင် (အ.လ.က 10 လှိုင်)),BEMS,Hlaing,MMR013006,Yangon Region,MMR013,township,Ward (11),"Pyay Rd., 6½ Mile, Ward (11),, Hlaing Township, Yangon , Myanmar",01-537602,Yangon,active,,https://www.edge.com.mm/listing/hlaing-b-e-m-s-10-l10568.html
MMR013006-BEMS01,Basic Education Middle School No. 1 Hlaing (အမှတ် (1) အခြေခံပညာအလယ်တန်းကျောင်း လှိုင် (အ.လ.က 1 လှိုင်)),BEMS,Hlaing,MMR013006,Yangon Region,MMR013,township,Ward (2),"Thiri 7th St., Ward (2),, Hlaing Township, Yangon , Myanmar",09-43174538,Yangon,active,,https://www.edge.com.mm/listing/hlaing-b-e-m-s-1-l00317416.html
MMR013006-BEMS03,Basic Education Middle School No. 3 Hlaing (အမှတ် (3) အခြေခံပညာအလယ်တန်းကျောင်း လှိုင် (အ.လ.က 3 လှိုင်)),BEMS,Hlaing,MMR013006,Yangon Region,MMR013,township,Set Hmu Yeik Thar Compound,"Yangon-Insein Rd., Set Hmu Yeik Thar Compound, Bartar Bus Stop, Ward (12),, Hlaing Township, Yangon , Myanmar",09-791919302,Yangon,active,,https://www.edge.com.mm/listing/hlaing-b-e-m-s-3-l10538.html
MMR013006-BEMS04,Basic Education Middle School No. 4 Hlaing (အမှတ် (4) အခြေခံပညာအလယ်တန်းကျောင်း လှိုင် (အ.လ.က 4 လှိုင်)),BEMS,Hlaing,MMR013006,Yangon Region,MMR013,township,Ward (6),"53rd St., Thukha Yeikthar, Ward (6),, Hlaing Township, Yangon , Myanmar",09-795370522,Yangon,active,,https://www.edge.com.mm/listing/hlaing-b-e-m-s-4-l10664.html
MMR013006-BEMS05,Basic Education Middle School No. 5 Hlaing (အမှတ် (5) အခြေခံပညာအလယ်တန်းကျောင်း လှိုင် (အ.လ.က 5 လှိုင်)),BEMS,Hlaing,MMR013006,Yangon Region,MMR013,township,Ward (15),"Oakkyin Butar Yon St., Ward (15),, Hlaing Township, Yangon , Myanmar","09-250172455, 09-73172384",Yangon,active,,https://www.edge.com.mm/listing/hlaing-b-e-m-s-5-l10665.html
MMR013006-BEMS06,Basic Education Middle School No. 6 Hlaing (အမှတ် (6) အခြေခံပညာအလယ်တန်းကျောင်း လှိုင် (အ.လ.က 6 လှိုင်)),BEMS,Hlaing,MMR013006,Yangon Region,MMR013,township,Ward (16),"Parami Rd., Ward (16),, Hlaing Township, Yangon , Myanmar",09-421103502,Yangon,active,,https://www.edge.com.mm/listing/hlaing-b-e-m-s-6-l10666.html
MMR013006-BEMS07,Basic Education Middle School No. 7 Hlaing (အမှတ် (7) အခြေခံပညာအလယ်တန်းကျောင်း လှိုင် (အ.လ.က 7 လှိုင်)),BEMS,Hlaing,MMR013006,Yangon Region,MMR013,township,Ward (13),"Pan Chan Kyaung St., Ward (13),, Hlaing Township, Yangon , Myanmar",09-252199735,Yangon,active,,https://www.edge.com.mm/listing/hlaing-b-e-m-s-7-l00317427.html
MMR013006-BEMS08,Basic Education Middle School No. 8 Hlaing (အမှတ် (8) အခြေခံပညာအလယ်တန်းကျောင်း လှိုင် (အ.လ.က 8 လှိုင်)),BEMS,Hlaing,MMR013006,Yangon Region,MMR013,township,Ward (4),"Bayint Naung Rd., Padauk Chaung, Ward (4),, Hlaing Township, Yangon , Myanmar",09-31124868,Yangon,active,,https://www.edge.com.mm/listing/hlaing-b-e-m-s-8-l10545.html
MMR013006-BEPS11,Basic Education Primary School No. 11 Hlaing (အမှတ် (11) အခြေခံပညာမူလတန်းကျောင်း လှိုင် (အ.မ.က 11 လှိုင်)),BEPS,Hlaing,MMR013006,Yangon Region,MMR013,township,Ward (13),"Thiri Myaing St., Ward (13),, Hlaing Township, Yangon , Myanmar",09-31125138,Yangon,active,,https://www.edge.com.mm/listing/hlaing-b-e-p-s-11-l10569.html
MMR013006-BEPS12,Basic Education Primary School No. 12 Hlaing (အမှတ် (12) အခြေခံပညာမူလတန်းကျောင်း လှိုင် (အ.မ.က 12 လှိုင်)),BEPS,Hlaing,MMR013006,Yangon Region,MMR013,township,Ward (11),"Dhamar Yon St., Ward (11),, Hlaing Township, Yangon , Myanmar",09-420139877,Yangon,active,,https://www.edge.com.mm/listing/hlaing-b-e-p-s-12-l10570.html
MMR013006-BEPS13,Basic Education Primary School No. 13 Hlaing (အမှတ် (13) အခြေခံပညာမူလတန်းကျောင်း လှိုင် (အ.မ.က 13 လှိုင်)),BEPS,Hlaing,MMR013006,Yangon Region,MMR013,township,Ward (1),"Butar Yon St., Hlaing Market, Ward (1),, Hlaing Township, Yangon , Myanmar","09-420162094, 09-30351533",Yangon,active,,https://www.edge.com.mm/listing/hlaing-b-e-p-s-13-l10571.html
MMR013006-BEPS14,Basic Education Primary School No. 14 Hlaing (အမှတ် (14) အခြေခံပညာမူလတန်းကျောင်း လှိုင် (အ.မ.က 14 လှိုင်)),BEPS,Hlaing,MMR013006,Yangon Region,MMR013,township,Ward (5),"Ngu Wah St., Ward (5),, Hlaing Township, Yangon , Myanmar",09-73012509,Yangon,active,,https://www.edge.com.mm/listing/hlaing-b-e-p-s-14-l10576.html
MMR013006-BEPS15,Basic Education Primary School No. 15 Hlaing (အမှတ် (15) အခြေခံပညာမူလတန်းကျောင်း လှိုင် (အ.မ.က 15 လှိုင်)),BEPS,Hlaing,MMR013006,Yangon Region,MMR013,township,Ward (13),"Thiri Myaing 3rd St., Ward (13),, Hlaing Township, Yangon , Myanmar",09-31581893,Yangon,active,,https://www.edge.com.mm/listing/hlaing-b-e-p-s-15-l10582.html
MMR013006-BEPS17,Basic Education Primary School No. 17 Hlaing (အမှတ် (17) အခြေခံပညာမူလတန်းကျောင်း လှိုင် (အ.မ.က 17 လှိုင်)),BEPS,Hlaing,MMR013006,Yangon Region,MMR013,township,Ward (16),"Pagoda St., Thamine Gone, Ward (16),, Hlaing Township, Yangon , Myanmar",09-253510113,Yangon,active,,https://www.edge.com.mm/listing/hlaing-b-e-p-s-17-l10583.html
MMR013006-BEPS18,Basic Education Primary School No. 18 Hlaing (အမှတ် (18) အခြေခံပညာမူလတန်းကျောင်း လှိုင် (အ.မ.က 18 လှိုင်)),BEPS,Hlaing,MMR013006,Yangon Region,MMR013,township,Aung Dhama Yeik Thar St.,"Aung Dhama Yeik Thar St., Corner of Parami Rd., Ward (12),, Hlaing Township, Yangon , Myanmar",09-457762530,Yangon,active,,https://www.edge.com.mm/listing/hlaing-b-e-p-s-18-l00317228.html
MMR013006-BEPS19,Basic Education Primary School No. 19 Hlaing (အမှတ် (19) အခြေခံပညာမူလတန်းကျောင်း လှိုင် (အ.မ.က 19 လှိုင်)),BEPS,Hlaing,MMR013006,Yangon Region,MMR013,township,Ward (9),"Yangon-Insein Rd., Ward (9),, Hlaing Township, Yangon , Myanmar",09-43063946,Yangon,active,,https://www.edge.com.mm/listing/hlaing-b-e-p-s-19-l10589.html
MMR013006-BEPS01,Basic Education Primary School No. 1 Hlaing (အမှတ် (1) အခြေခံပညာမူလတန်းကျောင်း လှိုင် (အ.မ.က 1 လှိုင်)),BEPS,Hlaing,MMR013006,Yangon Region,MMR013,township,Ward (10),"Shan Su 2nd St., Ward (10),, Hlaing Township, Yangon , Myanmar","09-425286576, 09-263949322",Yangon,active,,https://www.edge.com.mm/listing/hlaing-b-e-p-s-1-l10546.html
MMR013006-BEPS20,Basic Education Primary School No. 20 Hlaing (အမှတ် (20) အခြေခံပညာမူလတန်းကျောင်း လှိုင် (အ.မ.က 20 လှိုင်)),BEPS,Hlaing,MMR013006,Yangon Region,MMR013,township,Ward (3),"Yadanar Mon 5th St., Ward (3),, Hlaing Township, Yangon , Myanmar",09-73012509,Yangon,active,,https://www.edge.com.mm/listing/hlaing-b-e-p-s-20-l10595.html
MMR013006-BEPS21,Basic Education Primary School No. 21 Hlaing (အမှတ် (21) အခြေခံပညာမူလတန်းကျောင်း လှိုင် (အ.မ.က 21 လှိုင်)),BEPS,Hlaing,MMR013006,Yangon Region,MMR013,township,Ward (5),"Mya Kan Thar St., Ward (5),, Hlaing Township, Yangon , Myanmar",09-5501728,Yangon,active,,https://www.edge.com.mm/listing/hlaing-b-e-p-s-21-l00317249.html
MMR013006-BEPS22,Basic Education Primary School No. 22 Hlaing (အမှတ် (22) အခြေခံပညာမူလတန်းကျောင်း လှိုင် (အ.မ.က 22 လှိုင်)),BEPS,Hlaing,MMR013006,Yangon Region,MMR013,township,Ward (7),"Than St., Ward (7),, Hlaing Township, Yangon , Myanmar",09-794293115,Yangon,active,,https://www.edge.com.mm/listing/hlaing-b-e-p-s-22-l10597.html
MMR013006-BEPS23,Basic Education Primary School No. 23 Hlaing (အမှတ် (23) အခြေခံပညာမူလတန်းကျောင်း လှိုင် (အ.မ.က 23 လှိုင်)),BEPS,Hlaing,MMR013006,Yangon Region,MMR013,township,Ward (16),"Marlar Myaing 3rd St., Ward (16),, Hlaing Township, Yangon , Myanmar",09-73059223,Yangon,active,,https://www.edge.com.mm/listing/hlaing-b-e-p-s-23-l10603.html
MMR013006-BEPS24,Basic Education Primary School No. 24 Hlaing (အမှတ် (24) အခြေခံပညာမူလတန်းကျောင်း လှိုင် (အ.မ.က 24 လှိုင်)),BEPS,Hlaing,MMR013006,Yangon Region,MMR013,township,Ward (1),"Zeya Theiddi 3rd St., Ward (1),, Hlaing Township, Yangon , Myanmar",09-253071398,Yangon,active,,https://www.edge.com.mm/listing/hlaing-b-e-p-s-24-l10611.html
MMR013006-BEPS25,Basic Education Primary School No. 25 Hlaing (အမှတ် (25) အခြေခံပညာမူလတန်းကျောင်း လှိုင် (အ.မ.က 25 လှိုင်)),BEPS,Hlaing,MMR013006,Yangon Region,MMR013,township,Ward (4),"Yadanar Mon Lane, Tri Ya Ta Na Nons School, Ward (4),, Hlaing Township, Yangon , Myanmar",09-799407657,Yangon,active,,https://www.edge.com.mm/listing/hlaing-b-e-p-s-25-l10618.html
MMR013006-BEPS26,Basic Education Primary School No. 26 Hlaing (အမှတ် (26) အခြေခံပညာမူလတန်းကျောင်း လှိုင် (အ.မ.က 26 လှိုင်)),BEPS,Hlaing,MMR013006,Yangon Region,MMR013,township,Ward (5),"Mya Kan Thar St., Ward (5),, Hlaing Township, Yangon , Myanmar",09-254345598,Yangon,active,,https://www.edge.com.mm/listing/hlaing-b-e-p-s-26-l00317308.html
MMR013006-BEPS27,Basic Education Primary School No. 27 Hlaing (အမှတ် (27) အခြေခံပညာမူလတန်းကျောင်း လှိုင် (အ.မ.က 27 လှိုင်)),BEPS,Hlaing,MMR013006,Yangon Region,MMR013,township,Ward (3),"Yadanar Mon 4th St., Corner of Aye Yeik Mon 1st St., Ward (3),, Hlaing Township, Yangon , Myanmar",09-73174795,Yangon,active,,https://www.edge.com.mm/listing/hlaing-b-e-p-s-27-l10620.html
MMR013006-BEPS29,Basic Education Primary School No. 29 Hlaing (အမှတ် (29) အခြေခံပညာမူလတန်းကျောင်း လှိုင် (အ.မ.က 29 လှိုင်)),BEPS,Hlaing,MMR013006,Yangon Region,MMR013,township,Ward (4),"Yuzana St., Ward (4),, Hlaing Township, Yangon , Myanmar",09-31584826,Yangon,active,,https://www.edge.com.mm/listing/hlaing-b-e-p-s-29-l00317314.html
MMR013006-BEPS02,Basic Education Primary School No. 2 Hlaing (အမှတ် (2) အခြေခံပညာမူလတန်းကျောင်း လှိုင် (အ.မ.က 2 လှိုင်)),BEPS,Hlaing,MMR013006,Yangon Region,MMR013,township,Ward (9),"Yangon-Insein Rd., Ward (9),, Hlaing Township, Yangon , Myanmar",09-73035961,Yangon,active,,https://www.edge.com.mm/listing/hlaing-b-e-p-s-2-l10547.html
MMR013006-BEPS30,Basic Education Primary School No. 30 Hlaing (အမှတ် (30) အခြေခံပညာမူလတန်းကျောင်း လှိုင် (အ.မ.က 30 လှိုင်)),BEPS,Hlaing,MMR013006,Yangon Region,MMR013,township,Hlaing Myint Moh Housing,"Kan St., Hlaing Myint Moh Housing,, Hlaing Township, Yangon , Myanmar",09-5501715,Yangon,active,,https://www.edge.com.mm/listing/hlaing-b-e-p-s-30-l10626.html
MMR013006-BEPS03,Basic Education Primary School No. 3 Hlaing (အမှတ် (3) အခြေခံပညာမူလတန်းကျောင်း လှိုင် (အ.မ.က 3 လှိုင်)),BEPS,Hlaing,MMR013006,Yangon Region,MMR013,township,Ward (14),"Mya Nandar St., Ward (14),, Hlaing Township, Yangon , Myanmar",09-254570003,Yangon,active,,https://www.edge.com.mm/listing/hlaing-b-e-p-s-3-l10548.html
MMR013006-BEPS04,Basic Education Primary School No. 4 Hlaing (အမှတ် (4) အခြေခံပညာမူလတန်းကျောင်း လှိုင် (အ.မ.က 4 လှိုင်)),BEPS,Hlaing,MMR013006,Yangon Region,MMR013,township,Ward (2),"Bayint Naung Rd., Ywar Ma Curve, Ward (2),, Hlaing Township, Yangon , Myanmar",09-420146191,Yangon,active,,https://www.edge.com.mm/listing/hlaing-b-e-p-s-4-l00317163.html
MMR013006-BEPS05,Basic Education Primary School No. 5 Hlaing (အမှတ် (5) အခြေခံပညာမူလတန်းကျောင်း လှိုင် (အ.မ.က 5 လှိုင်)),BEPS,Hlaing,MMR013006,Yangon Region,MMR013,township,Ward (2),"Bayint Naung Rd., Chaung Wa Bus Stop, Ward (2),, Hlaing Township, Yangon , Myanmar",09-450015891,Yangon,active,,https://www.edge.com.mm/listing/hlaing-b-e-p-s-5-l10554.html
MMR013006-BEPS06,Basic Education Primary School No. 6 Hlaing (အမှတ် (6) အခြေခံပညာမူလတန်းကျောင်း လှိုင် (အ.မ.က 6 လှိုင်)),BEPS,Hlaing,MMR013006,Yangon Region,MMR013,township,Ward (7),"Than St., Ward (7),, Hlaing Township, Yangon , Myanmar",09-448003739,Yangon,active,,https://www.edge.com.mm/listing/hlaing-b-e-p-s-6-l10560.html
MMR013006-BEPS07,Basic Education Primary School No. 7 Hlaing (အမှတ် (7) အခြေခံပညာမူလတန်းကျောင်း လှိုင် (အ.မ.က 7 လှိုင်)),BEPS,Hlaing,MMR013006,Yangon Region,MMR013,township,Ward (10),"Thukha St., Ward (10),, Hlaing Township, Yangon , Myanmar","09-43163926, 09-250077315",Yangon,active,,https://www.edge.com.mm/listing/hlaing-b-e-p-s-7-l10561.html
MMR013006-BEPS09,Basic Education Primary School No. 9 Hlaing (အမှတ် (9) အခြေခံပညာမူလတန်းကျောင်း လှိုင် (အ.မ.က 9 လှိုင်)),BEPS,Hlaing,MMR013006,Yangon Region,MMR013,township,Ward (6),"51st St., Thukha Yeikthar, Ward (6),, Hlaing Township, Yangon , Myanmar",09-780082286,Yangon,active,,https://www.edge.com.mm/listing/hlaing-b-e-p-s-9-l10691.html
MMR013026-BEHS01,Basic Education High School No. 1 Hlaingtharya (အမှတ် (1) အခြေခံပညာအထက်တန်းကျောင်း လှိုင်သာယာ (အ.ထ.က 1 လှိုင်သာယာ)),BEHS,Hlaingtharya,MMR013026,Yangon Region,MMR013,township,Ward (2),"Ta Pin Shwe Htee St., Corner of Anawrahta Rd., Ward (2),, Hlaing Thar Yar, Yangon , Myanmar",09-782373100,Yangon,active,,https://www.edge.com.mm/listing/hlaing-thar-yar-b-e-h-s-1-l13000.html
MMR013026-BEHS02,Basic Education High School No. 2 Hlaingtharya (အမှတ် (2) အခြေခံပညာအထက်တန်းကျောင်း လှိုင်သာယာ (အ.ထ.က 2 လှိုင်သာယာ)),BEHS,Hlaingtharya,MMR013026,Yangon Region,MMR013,township,Ward (12),"Thakhin Mya St., Ward (12),, Hlaing Thar Yar, Yangon , Myanmar",09-43141017,Yangon,active,,https://www.edge.com.mm/listing/hlaing-thar-yar-b-e-h-s-2-l11961.html
MMR013026-BEHS03,Basic Education High School No. 3 Hlaingtharya (အမှတ် (3) အခြေခံပညာအထက်တန်းကျောင်း လှိုင်သာယာ (အ.ထ.က 3 လှိုင်သာယာ)),BEHS,Hlaingtharya,MMR013026,Yangon Region,MMR013,township,,"Bo Aung Kyaw St.,Industrial Zone (5), Hlaing Thar Yar, Yangon , Myanmar",09-73172434,Yangon,active,,https://www.edge.com.mm/listing/hlaing-thar-yar-b-e-h-s-3-l12782.html
MMR013026-BEHS04,Basic Education High School No. 4 Hlaingtharya (အမှတ် (4) အခြေခံပညာအထက်တန်းကျောင်း လှိုင်သာယာ (အ.ထ.က 4 လှိုင်သာယာ)),BEHS,Hlaingtharya,MMR013026,Yangon Region,MMR013,township,Ward (5),"Tapin Shwe Htee St., Ward (5),, Hlaing Thar Yar, Yangon , Myanmar",09-421723486,Yangon,active,,https://www.edge.com.mm/listing/hlaing-thar-yar-b-e-h-s-4-l12806.html
MMR013026-BEHS05,Basic Education High School No. 5 Hlaingtharya (အမှတ် (5) အခြေခံပညာအထက်တန်းကျောင်း လှိုင်သာယာ (အ.ထ.က 5 လှိုင်သာယာ)),BEHS,Hlaingtharya,MMR013026,Yangon Region,MMR013,township,Ward (7),"Tay Oo Yin 3rd St., Ward (7),, Hlaing Thar Yar, Yangon , Myanmar",09-420110528,Yangon,active,,https://www.edge.com.mm/listing/hlaing-thar-yar-b-e-h-s-5-l13035.html
MMR013026-BEHS06,Basic Education High School No. 6 Hlaingtharya (အမှတ် (6) အခြေခံပညာအထက်တန်းကျောင်း လှိုင်သာယာ (အ.ထ.က 6 လှိုင်သာယာ)),BEHS,Hlaingtharya,MMR013026,Yangon Region,MMR013,township,Yay Oakkan Village,"Kyauk St., Yay Oakkan Village,, Hlaing Thar Yar, Yangon , Myanmar",09-420136141,Yangon,active,,https://www.edge.com.mm/listing/hlaing-thar-yar-b-e-h-s-6-l11962.html
MMR013026-BEHS07,Basic Education High School No. 7 Hlaingtharya (အမှတ် (7) အခြေခံပညာအထက်တန်းကျောင်း လှိုင်သာယာ (အ.ထ.က 7 လှိုင်သာယာ)),BEHS,Hlaingtharya,MMR013026,Yangon Region,MMR013,township,Ward (16),"Thar Si St., Ward (16),, Hlaing Thar Yar, Yangon , Myanmar",09-5066063,Yangon,active,,https://www.edge.com.mm/listing/hlaing-thar-yar-b-e-h-s-7-l13072.html
MMR013026-BEHS08,Basic Education High School No. 8 Hlaingtharya (အမှတ် (8) အခြေခံပညာအထက်တန်းကျောင်း လှိုင်သာယာ (အ.ထ.က 8 လှိုင်သာယာ)),BEHS,Hlaingtharya,MMR013026,Yangon Region,MMR013,township,Ward (20),"Anawrahta Rd., Ward (20),, Hlaing Thar Yar, Yangon , Myanmar",09-794155136,Yangon,active,,https://www.edge.com.mm/listing/hlaing-thar-yar-b-e-h-s-8-l13560.html
MMR013026-BEMS10,Basic Education Middle School No. 10 Hlaingtharya (အမှတ် (10) အခြေခံပညာအလယ်တန်းကျောင်း လှိုင်သာယာ (အ.လ.က 10 လှိုင်သာယာ)),BEMS,Hlaingtharya,MMR013026,Yangon Region,MMR013,township,Ward (9),"Min Boo St., Ward (9),, Hlaing Thar Yar, Yangon , Myanmar",09-795592361,Yangon,active,,https://www.edge.com.mm/listing/hlaing-thar-yar-b-e-m-s-10-l163252.html
MMR013026-BEMS11,Basic Education Middle School No. 11 Hlaingtharya (အမှတ် (11) အခြေခံပညာအလယ်တန်းကျောင်း လှိုင်သာယာ (အ.လ.က 11 လှိုင်သာယာ)),BEMS,Hlaingtharya,MMR013026,Yangon Region,MMR013,township,Ward (12),"Paw San Hmwe 4th St., Ward (12),, Hlaing Thar Yar, Yangon , Myanmar",09-795817189,Yangon,active,,https://www.edge.com.mm/listing/hlaing-thar-yar-b-e-m-s-11-l147121.html
MMR013026-BEMS12,Basic Education Middle School No. 12 Hlaingtharya (အမှတ် (12) အခြေခံပညာအလယ်တန်းကျောင်း လှိုင်သာယာ (အ.လ.က 12 လှိုင်သာယာ)),BEMS,Hlaingtharya,MMR013026,Yangon Region,MMR013,township,Ward (18),"Bo Aung Kyaw St., Ward (18),, Hlaing Thar Yar, Yangon , Myanmar",09-451733382,Yangon,active,,https://www.edge.com.mm/listing/hlaing-thar-yar-b-e-m-s-12-l13071.html
MMR013026-BEMS13,Basic Education Middle School No. 13 Hlaingtharya (အမှတ် (13) အခြေခံပညာအလယ်တန်းကျောင်း လှိုင်သာယာ (အ.လ.က 13 လှိုင်သာယာ)),BEMS,Hlaingtharya,MMR013026,Yangon Region,MMR013,township,Ward (15),"Myat Lay St., Ward (15),, Hlaing Thar Yar, Yangon , Myanmar","09-420151832, 09-423742832",Yangon,active,,https://www.edge.com.mm/listing/hlaing-thar-yar-b-e-m-s-13-l13037.html
MMR013026-BEMS14,Basic Education Middle School No. 14 Hlaingtharya (အမှတ် (14) အခြေခံပညာအလယ်တန်းကျောင်း လှိုင်သာယာ (အ.လ.က 14 လှိုင်သာယာ)),BEMS,Hlaingtharya,MMR013026,Yangon Region,MMR013,township,Ward (14),"Yuzana St., Ward (14),, Hlaing Thar Yar, Yangon , Myanmar",09-784613973,Yangon,active,,https://www.edge.com.mm/listing/hlaing-thar-yar-b-e-m-s-14-l11958.html
MMR013026-BEMS15,Basic Education Middle School No. 15 Hlaingtharya (အမှတ် (15) အခြေခံပညာအလယ်တန်းကျောင်း လှိုင်သာယာ (အ.လ.က 15 လှိုင်သာယာ)),BEMS,Hlaingtharya,MMR013026,Yangon Region,MMR013,township,Ward (13),"Thu Mingalar St., Ward (13),, Hlaing Thar Yar, Yangon , Myanmar","09-260032266, 09-31585628",Yangon,active,,https://www.edge.com.mm/listing/hlaing-thar-yar-b-e-m-s-15-l11855.html
MMR013026-BEMS16,Basic Education Middle School No. 16 Hlaingtharya (အမှတ် (16) အခြေခံပညာအလယ်တန်းကျောင်း လှိုင်သာယာ (အ.လ.က 16 လှိုင်သာယာ)),BEMS,Hlaingtharya,MMR013026,Yangon Region,MMR013,township,Ward (11),"Mya Khwar Nyo St., Ward (11),, Hlaing Thar Yar, Yangon , Myanmar",09-440553646,Yangon,active,,https://www.edge.com.mm/listing/hlaing-thar-yar-b-e-m-s-16-l11759.html
MMR013026-BEMS17,Basic Education Middle School No. 17 Hlaingtharya (အမှတ် (17) အခြေခံပညာအလယ်တန်းကျောင်း လှိုင်သာယာ (အ.လ.က 17 လှိုင်သာယာ)),BEMS,Hlaingtharya,MMR013026,Yangon Region,MMR013,township,Ward (7),"U Pu Nya St., Ward (7),, Hlaing Thar Yar, Yangon , Myanmar",09-250172955,Yangon,active,,https://www.edge.com.mm/listing/hlaing-thar-yar-b-e-m-s-17-l13559.html
MMR013026-BEMS18,Basic Education Middle School No. 18 Hlaingtharya (အမှတ် (18) အခြေခံပညာအလယ်တန်းကျောင်း လှိုင်သာယာ (အ.လ.က 18 လှိုင်သာယာ)),BEMS,Hlaingtharya,MMR013026,Yangon Region,MMR013,township,Ward (11),"Zawtika St., Ward (11),, Hlaing Thar Yar, Yangon , Myanmar",09-448053814,Yangon,active,,https://www.edge.com.mm/listing/hlaing-thar-yar-b-e-m-s-18-l00217100.html
MMR013026-BEMS01,Basic Education Middle School No. 1 Hlaingtharya (အမှတ် (1) အခြေခံပညာအလယ်တန်းကျောင်း လှိုင်သာယာ (အ.လ.က 1 လှိုင်သာယာ)),BEMS,Hlaingtharya,MMR013026,Yangon Region,MMR013,township,Kyan Sit Thar Housing,"Yay Tamar St., Kyan Sit Thar Housing,, Hlaing Thar Yar, Yangon , Myanmar",09-250043684,Yangon,active,,https://www.edge.com.mm/listing/hlaing-thar-yar-b-e-m-s-1-l00217063.html
MMR013026-BEMS02,Basic Education Middle School No. 2 Hlaingtharya (အမှတ် (2) အခြေခံပညာအလယ်တန်းကျောင်း လှိုင်သာယာ (အ.လ.က 2 လှိုင်သာယာ)),BEMS,Hlaingtharya,MMR013026,Yangon Region,MMR013,township,Nyaung Village,"Padauk St., Nyaung Village,, Hlaing Thar Yar, Yangon , Myanmar",09-784379190,Yangon,active,,https://www.edge.com.mm/listing/hlaing-thar-yar-b-e-m-s-2-l12008.html
MMR013026-BEMS03,Basic Education Middle School No. 3 Hlaingtharya (အမှတ် (3) အခြေခံပညာအလယ်တန်းကျောင်း လှိုင်သာယာ (အ.လ.က 3 လှိုင်သာယာ)),BEMS,Hlaingtharya,MMR013026,Yangon Region,MMR013,township,Die Su Village,"Seik Kan Thar St., Die Su Village,, Hlaing Thar Yar, Yangon , Myanmar",09-777606644,Yangon,active,,https://www.edge.com.mm/listing/hlaing-thar-yar-b-e-m-s-3-l12761.html
MMR013026-BEMS04,Basic Education Middle School No. 4 Hlaingtharya (အမှတ် (4) အခြေခံပညာအလယ်တန်းကျောင်း လှိုင်သာယာ (အ.လ.က 4 လှိုင်သာယာ)),BEMS,Hlaingtharya,MMR013026,Yangon Region,MMR013,township,Ward (6),"Aung Myay Thar Yar Pagoda St., Corner of Thiri Mingalar St., Ward (6),, Hlaing Thar Yar, Yangon , Myanmar",09-250076172,Yangon,active,,https://www.edge.com.mm/listing/hlaing-thar-yar-b-e-m-s-4-l11960.html
MMR013026-BEMS05,Basic Education Middle School No. 5 Hlaingtharya (အမှတ် (5) အခြေခံပညာအလယ်တန်းကျောင်း လှိုင်သာယာ (အ.လ.က 5 လှိုင်သာယာ)),BEMS,Hlaingtharya,MMR013026,Yangon Region,MMR013,township,Ward (3),"Bogyoke Aung San St., Ward (3),, Hlaing Thar Yar, Yangon , Myanmar",09-795244204,Yangon,active,,https://www.edge.com.mm/listing/hlaing-thar-yar-b-e-m-s-5-l13034.html
MMR013026-BEMS06,Basic Education Middle School No. 6 Hlaingtharya (အမှတ် (6) အခြေခံပညာအလယ်တန်းကျောင်း လှိုင်သာယာ (အ.လ.က 6 လှိုင်သာယာ)),BEMS,Hlaingtharya,MMR013026,Yangon Region,MMR013,township,Ward (10),"Taung Twin Gyi St., Ward (10),, Hlaing Thar Yar, Yangon , Myanmar",09-420039715,Yangon,active,,https://www.edge.com.mm/listing/hlaing-thar-yar-b-e-m-s-6-l13033.html
MMR013026-BEMS07,Basic Education Middle School No. 7 Hlaingtharya (အမှတ် (7) အခြေခံပညာအလယ်တန်းကျောင်း လှိုင်သာယာ (အ.လ.က 7 လှိုင်သာယာ)),BEMS,Hlaingtharya,MMR013026,Yangon Region,MMR013,township,Ah Twinn Padan Village,"Anawrahta Rd., Ah Twinn Padan Village,, Hlaing Thar Yar, Yangon , Myanmar",09-420252184,Yangon,active,,https://www.edge.com.mm/listing/hlaing-thar-yar-b-e-m-s-7-l60496.html
MMR013026-BEMS08,Basic Education Middle School No. 8 Hlaingtharya (အမှတ် (8) အခြေခံပညာအလယ်တန်းကျောင်း လှိုင်သာယာ (အ.လ.က 8 လှိုင်သာယာ)),BEMS,Hlaingtharya,MMR013026,Yangon Region,MMR013,township,Ward (18),"Shwe Yin Aye Pagoda St., Ward (18),, Hlaing Thar Yar, Yangon , Myanmar",09-785097923,Yangon,active,,https://www.edge.com.mm/listing/hlaing-thar-yar-b-e-m-s-8-l21251.html
MMR013026-BEMS09,Basic Education Middle School No. 9 Hlaingtharya (အမှတ် (9) အခြေခံပညာအလယ်တန်းကျောင်း လှိုင်သာယာ (အ.လ.က 9 လှိုင်သာယာ)),BEMS,Hlaingtharya,MMR013026,Yangon Region,MMR013,township,Shwe Lin Bann Village,"Kyan Sit Thar St., Shwe Lin Bann Village, Ward (26),, Hlaing Thar Yar, Yangon , Myanmar","09-250078746, 09-254262665",Yangon,active,,https://www.edge.com.mm/listing/hlaing-thar-yar-b-e-m-s-9-l12769.html
MMR013026-BEPS11,Basic Education Primary School No. 11 Hlaingtharya (အမှတ် (11) အခြေခံပညာမူလတန်းကျောင်း လှိုင်သာယာ (အ.မ.က 11 လှိုင်သာယာ)),BEPS,Hlaingtharya,MMR013026,Yangon Region,MMR013,township,Ah Twinn Padan Village,"Kyaung St., Ah Twinn Padan Village,, Hlaing Thar Yar, Yangon , Myanmar","09-73163342, 09-780453414",Yangon,active,,https://www.edge.com.mm/listing/hlaing-thar-yar-b-e-p-s-11-l10792.html
MMR013026-BEPS12,Basic Education Primary School No. 12 Hlaingtharya (အမှတ် (12) အခြေခံပညာမူလတန်းကျောင်း လှိုင်သာယာ (အ.မ.က 12 လှိုင်သာယာ)),BEPS,Hlaingtharya,MMR013026,Yangon Region,MMR013,township,Ah Twinn Padan Village,"Ah Twinn Padan Village,, Hlaing Thar Yar, Yangon , Myanmar",09-420153917,Yangon,active,,https://www.edge.com.mm/listing/hlaing-thar-yar-b-e-p-s-12-l10808.html
MMR013026-BEPS13,Basic Education Primary School No. 13 Hlaingtharya (အမှတ် (13) အခြေခံပညာမူလတန်းကျောင်း လှိုင်သာယာ (အ.မ.က 13 လှိုင်သာယာ)),BEPS,Hlaingtharya,MMR013026,Yangon Region,MMR013,township,Kyun Gyi Village,"Kyun Gyi Village,, Hlaing Thar Yar, Yangon , Myanmar",09-420023799,Yangon,active,,https://www.edge.com.mm/listing/hlaing-thar-yar-b-e-p-s-13-l10955.html
MMR013026-BEPS14,Basic Education Primary School No. 14 Hlaingtharya (အမှတ် (14) အခြေခံပညာမူလတန်းကျောင်း လှိုင်သာယာ (အ.မ.က 14 လှိုင်သာယာ)),BEPS,Hlaingtharya,MMR013026,Yangon Region,MMR013,township,Ah Pyin Padan Village,"Seik Kan Thar St., Ah Pyin Padan Village,, Hlaing Thar Yar, Yangon , Myanmar",09-420154315,Yangon,active,,https://www.edge.com.mm/listing/hlaing-thar-yar-b-e-p-s-14-l10956.html
MMR013026-BEPS15,Basic Education Primary School No. 15 Hlaingtharya (အမှတ် (15) အခြေခံပညာမူလတန်းကျောင်း လှိုင်သာယာ (အ.မ.က 15 လှိုင်သာယာ)),BEPS,Hlaingtharya,MMR013026,Yangon Region,MMR013,township,Ward (7),"Tay Ou Yin St., Ward (7),, Hlaing Thar Yar, Yangon , Myanmar",09-250077417,Yangon,active,,https://www.edge.com.mm/listing/hlaing-thar-yar-b-e-p-s-15-l11040.html
MMR013026-BEPS16,Basic Education Primary School No. 16 Hlaingtharya (အမှတ် (16) အခြေခံပညာမူလတန်းကျောင်း လှိုင်သာယာ (အ.မ.က 16 လှိုင်သာယာ)),BEPS,Hlaingtharya,MMR013026,Yangon Region,MMR013,township,Yay Oakkan Village,"Kyan Sit Thar St., Yay Oakkan Village,, Hlaing Thar Yar, Yangon , Myanmar",09-796557904,Yangon,active,,https://www.edge.com.mm/listing/hlaing-thar-yar-b-e-p-s-16-l11071.html
MMR013026-BEPS17,Basic Education Primary School No. 17 Hlaingtharya (အမှတ် (17) အခြေခံပညာမူလတန်းကျောင်း လှိုင်သာယာ (အ.မ.က 17 လှိုင်သာယာ)),BEPS,Hlaingtharya,MMR013026,Yangon Region,MMR013,township,Ward (7),"U Pu Nya St., Ward (7),, Hlaing Thar Yar, Yangon , Myanmar",09-768707272,Yangon,active,,https://www.edge.com.mm/listing/hlaing-thar-yar-b-e-p-s-17-l21249.html
MMR013026-BEPS18,Basic Education Primary School No. 18 Hlaingtharya (အမှတ် (18) အခြေခံပညာမူလတန်းကျောင်း လှိုင်သာယာ (အ.မ.က 18 လှိုင်သာယာ)),BEPS,Hlaingtharya,MMR013026,Yangon Region,MMR013,township,Ward (3),"Nat Shin Naung St., Ward (3),, Hlaing Thar Yar, Yangon , Myanmar",09-420077611,Yangon,active,,https://www.edge.com.mm/listing/hlaing-thar-yar-b-e-p-s-18-l21248.html
MMR013026-BEPS19,Basic Education Primary School No. 19 Hlaingtharya (အမှတ် (19) အခြေခံပညာမူလတန်းကျောင်း လှိုင်သာယာ (အ.မ.က 19 လှိုင်သာယာ)),BEPS,Hlaingtharya,MMR013026,Yangon Region,MMR013,township,Ward (2),"Bo Ba Htoo 10th St., Ward (2),, Hlaing Thar Yar, Yangon , Myanmar",09-799958533,Yangon,active,,https://www.edge.com.mm/listing/hlaing-thar-yar-b-e-p-s-19-l21257.html
MMR013026-BEPS01,Basic Education Primary School No. 1 Hlaingtharya (အမှတ် (1) အခြေခံပညာမူလတန်းကျောင်း လှိုင်သာယာ (အ.မ.က 1 လှိုင်သာယာ)),BEPS,Hlaingtharya,MMR013026,Yangon Region,MMR013,township,Ah Lel Village,"Ah Lel Village,, Hlaing Thar Yar, Yangon , Myanmar","09-451378310, 09-799571635",Yangon,active,,https://www.edge.com.mm/listing/hlaing-thar-yar-b-e-p-s-1-l12009.html
MMR013026-BEPS20,Basic Education Primary School No. 20 Hlaingtharya (အမှတ် (20) အခြေခံပညာမူလတန်းကျောင်း လှိုင်သာယာ (အ.မ.က 20 လှိုင်သာယာ)),BEPS,Hlaingtharya,MMR013026,Yangon Region,MMR013,township,,"Ta Pin Shwe Htee St.,Shwe Linban Industrial Zone, Hlaing Thar Yar, Yangon , Myanmar",09-459421230,Yangon,active,,https://www.edge.com.mm/listing/hlaing-thar-yar-b-e-p-s-20-l11127.html
MMR013026-BEPS21,Basic Education Primary School No. 21 Hlaingtharya (အမှတ် (21) အခြေခံပညာမူလတန်းကျောင်း လှိုင်သာယာ (အ.မ.က 21 လှိုင်သာယာ)),BEPS,Hlaingtharya,MMR013026,Yangon Region,MMR013,township,Ward (7),"Tay Ou Yin St., Ward (7),, Hlaing Thar Yar, Yangon , Myanmar","09-420153945, 09-421057576",Yangon,active,,https://www.edge.com.mm/listing/hlaing-thar-yar-b-e-p-s-21-l21247.html
MMR013026-BEPS22,Basic Education Primary School No. 22 Hlaingtharya (အမှတ် (22) အခြေခံပညာမူလတန်းကျောင်း လှိုင်သာယာ (အ.မ.က 22 လှိုင်သာယာ)),BEPS,Hlaingtharya,MMR013026,Yangon Region,MMR013,township,Ward (7),"Bo Aung Kyaw St., Ward (7),, Hlaing Thar Yar, Yangon , Myanmar",09-789471713,Yangon,active,,https://www.edge.com.mm/listing/hlaing-thar-yar-b-e-p-s-22-l13002.html
MMR013026-BEPS23,Basic Education Primary School No. 23 Hlaingtharya (အမှတ် (23) အခြေခံပညာမူလတန်းကျောင်း လှိုင်သာယာ (အ.မ.က 23 လှိုင်သာယာ)),BEPS,Hlaingtharya,MMR013026,Yangon Region,MMR013,township,Ward (10),"Hlaing Thazin St., Ward (10),, Hlaing Thar Yar, Yangon , Myanmar","09-43085268, 09-795233188",Yangon,active,,https://www.edge.com.mm/listing/hlaing-thar-yar-b-e-p-s-23-l11134.html
MMR013026-BEMS-BR26,Basic Education Middle School (Branch) No. 26 Hlaingtharya (အမှတ် (26) အခြေခံပညာအလယ်တန်းကျောင်း (ခွဲ) လှိုင်သာယာ (အ.လ.က (ခွဲ) 26 လှိုင်သာယာ)),BEMS-BR,Hlaingtharya,MMR013026,Yangon Region,MMR013,township,Ward (9),"Min Boo St., Ward (9),, Hlaing Thar Yar, Yangon , Myanmar","09-250173039, 09-799521413",Yangon,active,,https://www.edge.com.mm/listing/hlaing-thar-yar-b-e-p-s-26-b-e-m-s-branch-l21250.html
MMR013026-BEPS27,Basic Education Primary School No. 27 Hlaingtharya (အမှတ် (27) အခြေခံပညာမူလတန်းကျောင်း လှိုင်သာယာ (အ.မ.က 27 လှိုင်သာယာ)),BEPS,Hlaingtharya,MMR013026,Yangon Region,MMR013,township,Ward (13),"Yan Lone Aung St., Ward (13),, Hlaing Thar Yar, Yangon , Myanmar",09-448046781,Yangon,active,,https://www.edge.com.mm/listing/hlaing-thar-yar-b-e-p-s-27-l11742.html
MMR013026-BEPS28,Basic Education Primary School No. 28 Hlaingtharya (အမှတ် (28) အခြေခံပညာမူလတန်းကျောင်း လှိုင်သာယာ (အ.မ.က 28 လှိုင်သာယာ)),BEPS,Hlaingtharya,MMR013026,Yangon Region,MMR013,township,Ward (13),"Bo Min Yaung St., Ward (13),, Hlaing Thar Yar, Yangon , Myanmar","09-445768678, 09-778577996",Yangon,active,,https://www.edge.com.mm/listing/hlaing-thar-yar-b-e-p-s-28-l11757.html
MMR013026-BEPS02,Basic Education Primary School No. 2 Hlaingtharya (အမှတ် (2) အခြေခံပညာမူလတန်းကျောင်း လှိုင်သာယာ (အ.မ.က 2 လှိုင်သာယာ)),BEPS,Hlaingtharya,MMR013026,Yangon Region,MMR013,township,Ka Sin Village,"Shwe Ou Daung St., Ka Sin Village,, Hlaing Thar Yar, Yangon , Myanmar",09-250076046,Yangon,active,,https://www.edge.com.mm/listing/hlaing-thar-yar-b-e-p-s-2-l12513.html
MMR013026-BEPS33,Basic Education Primary School No. 33 Hlaingtharya (အမှတ် (33) အခြေခံပညာမူလတန်းကျောင်း လှိုင်သာယာ (အ.မ.က 33 လှိုင်သာယာ)),BEPS,Hlaingtharya,MMR013026,Yangon Region,MMR013,township,Ward (14),"Malikha St., Ward (14),, Hlaing Thar Yar, Yangon , Myanmar",09-799123830,Yangon,active,,https://www.edge.com.mm/listing/hlaing-thar-yar-b-e-p-s-33-l11895.html
MMR013026-BEPS35,Basic Education Primary School No. 35 Hlaingtharya (အမှတ် (35) အခြေခံပညာမူလတန်းကျောင်း လှိုင်သာယာ (အ.မ.က 35 လှိုင်သာယာ)),BEPS,Hlaingtharya,MMR013026,Yangon Region,MMR013,township,Ward (18),"Myawaddy Min Gyi Rd., Ward (18),, Hlaing Thar Yar, Yangon , Myanmar","09-957458849, 09-453278745",Yangon,active,,https://www.edge.com.mm/listing/hlaing-thar-yar-b-e-p-s-35-l21256.html
MMR013026-BEPS37,Basic Education Primary School No. 37 Hlaingtharya (အမှတ် (37) အခြေခံပညာမူလတန်းကျောင်း လှိုင်သာယာ (အ.မ.က 37 လှိုင်သာယာ)),BEPS,Hlaingtharya,MMR013026,Yangon Region,MMR013,township,Ward (19),"Aung Tagon St., Ward (19),, Hlaing Thar Yar, Yangon , Myanmar",09-448046722,Yangon,active,,https://www.edge.com.mm/listing/hlaing-thar-yar-b-e-p-s-37-l11896.html
MMR013026-BEPS39,Basic Education Primary School No. 39 Hlaingtharya (အမှတ် (39) အခြေခံပညာမူလတန်းကျောင်း လှိုင်သာယာ (အ.မ.က 39 လှိုင်သာယာ)),BEPS,Hlaingtharya,MMR013026,Yangon Region,MMR013,township,Ward (16),"Htun Thiri St., Ward (16),, Hlaing Thar Yar, Yangon , Myanmar",09-788296692,Yangon,active,,https://www.edge.com.mm/listing/hlaing-thar-yar-b-e-p-s-39-l11957.html
MMR013026-BEPS03,Basic Education Primary School No. 3 Hlaingtharya (အမှတ် (3) အခြေခံပညာမူလတန်းကျောင်း လှိုင်သာယာ (အ.မ.က 3 လှိုင်သာယာ)),BEPS,Hlaingtharya,MMR013026,Yangon Region,MMR013,township,Ward (1),"Aung Thar Yar St., Ward (1),, Hlaing Thar Yar, Yangon , Myanmar",09-250173699,Yangon,active,,https://www.edge.com.mm/listing/hlaing-thar-yar-b-e-p-s-3-l12542.html
MMR013026-BEPS42,Basic Education Primary School No. 42 Hlaingtharya (အမှတ် (42) အခြေခံပညာမူလတန်းကျောင်း လှိုင်သာယာ (အ.မ.က 42 လှိုင်သာယာ)),BEPS,Hlaingtharya,MMR013026,Yangon Region,MMR013,township,Ward (1),"Padauk St., Ward (1),, Hlaing Thar Yar, Yangon , Myanmar",09-420310554,Yangon,active,,https://www.edge.com.mm/listing/hlaing-thar-yar-b-e-p-s-42-l13038.html
MMR013026-BEPS43,Basic Education Primary School No. 43 Hlaingtharya (အမှတ် (43) အခြေခံပညာမူလတန်းကျောင်း လှိုင်သာယာ (အ.မ.က 43 လှိုင်သာယာ)),BEPS,Hlaingtharya,MMR013026,Yangon Region,MMR013,township,Ward (3),"Min Ye Kyaw Swar St., Ward (3),, Hlaing Thar Yar, Yangon , Myanmar",09-43064581,Yangon,active,,https://www.edge.com.mm/listing/hlaing-thar-yar-b-e-p-s-43-l11959.html
MMR013026-BEPS45,Basic Education Primary School No. 45 Hlaingtharya (အမှတ် (45) အခြေခံပညာမူလတန်းကျောင်း လှိုင်သာယာ (အ.မ.က 45 လှိုင်သာယာ)),BEPS,Hlaingtharya,MMR013026,Yangon Region,MMR013,township,Ward (5),"P Moe Ninn St., Ward (5),, Hlaing Thar Yar, Yangon , Myanmar",09-448046862,Yangon,active,,https://www.edge.com.mm/listing/hlaing-thar-yar-b-e-p-s-45-l12783.html
MMR013026-BEPS47,Basic Education Primary School No. 47 Hlaingtharya (အမှတ် (47) အခြေခံပညာမူလတန်းကျောင်း လှိုင်သာယာ (အ.မ.က 47 လှိုင်သာယာ)),BEPS,Hlaingtharya,MMR013026,Yangon Region,MMR013,township,,"Shwe Bon Thar St., Shwe Linban Industrial Zone,, Hlaing Thar Yar, Yangon , Myanmar",09-43139402,Yangon,active,,https://www.edge.com.mm/listing/hlaing-thar-yar-b-e-p-s-47-l13036.html
MMR013026-BEPS48,Basic Education Primary School No. 48 Hlaingtharya (အမှတ် (48) အခြေခံပညာမူလတန်းကျောင်း လှိုင်သာယာ (အ.မ.က 48 လှိုင်သာယာ)),BEPS,Hlaingtharya,MMR013026,Yangon Region,MMR013,township,Ward (19),"Danya Waddy St., Corner of Danya Waddy 1st St., Near Ohn Taw Monestary, Ward (19),, Hlaing Thar Yar, Yangon , Myanmar",09-448046826,Yangon,active,,https://www.edge.com.mm/listing/hlaing-thar-yar-b-e-p-s-48-l21363.html
MMR013026-BEPS04,Basic Education Primary School No. 4 Hlaingtharya (အမှတ် (4) အခြေခံပညာမူလတန်းကျောင်း လှိုင်သာယာ (အ.မ.က 4 လှိုင်သာယာ)),BEPS,Hlaingtharya,MMR013026,Yangon Region,MMR013,township,Shan Chaung Village,"Shan Chaung Village,, Hlaing Thar Yar, Yangon , Myanmar",09-448046722,Yangon,active,,https://www.edge.com.mm/listing/hlaing-thar-yar-b-e-p-s-4-l12543.html
MMR013026-BEPS07,Basic Education Primary School No. 7 Hlaingtharya (အမှတ် (7) အခြေခံပညာမူလတန်းကျောင်း လှိုင်သာယာ (အ.မ.က 7 လှိုင်သာယာ)),BEPS,Hlaingtharya,MMR013026,Yangon Region,MMR013,township,Kyone Su Village,"Shwe Yin Aye Pagoda St., Kyone Su Village,, Hlaing Thar Yar, Yangon , Myanmar",09-254723763,Yangon,active,,https://www.edge.com.mm/listing/hlaing-thar-yar-b-e-p-s-7-l13032.html
MMR013026-BEPS08,Basic Education Primary School No. 8 Hlaingtharya (အမှတ် (8) အခြေခံပညာမူလတန်းကျောင်း လှိုင်သာယာ (အ.မ.က 8 လှိုင်သာယာ)),BEPS,Hlaingtharya,MMR013026,Yangon Region,MMR013,township,Kala Kyi Su Ward,"Kyaung St., Kala Kyi Su Ward,, Hlaing Thar Yar, Yangon , Myanmar",09-951851336,Yangon,active,,https://www.edge.com.mm/listing/hlaing-thar-yar-b-e-p-s-8-l00217147.html
MMR013026-BEPS09,Basic Education Primary School No. 9 Hlaingtharya (အမှတ် (9) အခြေခံပညာမူလတန်းကျောင်း လှိုင်သာယာ (အ.မ.က 9 လှိုင်သာယာ)),BEPS,Hlaingtharya,MMR013026,Yangon Region,MMR013,township,Kan Hla Village,"Kan Tharyar St., Kan Hla Village,, Hlaing Thar Yar, Yangon , Myanmar",09-420100635,Yangon,active,,https://www.edge.com.mm/listing/hlaing-thar-yar-b-e-p-s-9-l11699.html
MMR013026-BEPS05,Basic Education Primary School Hlaingtharya (အခြေခံပညာမူလတန်းကျောင်း လှိုင်သာယာ),BEPS,Hlaingtharya,MMR013026,Yangon Region,MMR013,township,,"Kyan Sit Thar St., Shwe Linban Industrial Zone,, Hlaing Thar Yar, Yangon , Myanmar",09-420153905,Yangon,active,,https://www.edge.com.mm/listing/hlaing-thar-yar-b-e-p-s-day-care-centre-l21259.html
MMR013026-BEPS01-1,Basic Education Primary School No. 1 Hlaingtharya (အမှတ် (1) အခြေခံပညာမူလတန်းကျောင်း လှိုင်သာယာ (အ.မ.က 1 လှိုင်သာယာ)),BEPS,Hlaingtharya,MMR013026,Yangon Region,MMR013,township,Ward (2),"63/B, Bo Ba Htoo St., Ward (2),, Hlaing Thar Yar, Yangon , Myanmar","09-73119458, 09-796596572",Yangon,active,,https://www.edge.com.mm/listing/hlaing-thar-yar-1-pre-primary-school-l4886.html
MMR013026-BEPS02-1,Basic Education Primary School No. 2 Hlaingtharya (အမှတ် (2) အခြေခံပညာမူလတန်းကျောင်း လှိုင်သာယာ (အ.မ.က 2 လှိုင်သာယာ)),BEPS,Hlaingtharya,MMR013026,Yangon Region,MMR013,township,Ward (14),"2, Bo Aung Kyaw St., No.(6) Co-operative Bus Stop, Ward (14),, Hlaing Thar Yar, Yangon , Myanmar","09-73119459, 09-420147965",Yangon,active,,https://www.edge.com.mm/listing/hlaing-thar-yar-2-pre-primary-school-l6444.html
MMR013035-BEPS11,Basic Education Primary School No. 11 Hlegu (အမှတ် (11) အခြေခံပညာမူလတန်းကျောင်း လှည်းကူး (အ.မ.က 11 လှည်းကူး)),BEPS,Hlegu,MMR013035,Yangon Region,MMR013,township,Aung Mingalar Ward,"Thidar Aye 1st St., Corner of Thidar Aye Kyaung St., Aung Mingalar Ward,, Hlegu Township, Yangon , Myanmar",09-448052106,Yangon,active,,https://www.edge.com.mm/listing/hlegu-b-e-p-s-11-thidar-aye-l45579.html
MMR003001-BEHS01,Basic Education High School No. 1 Hpa-An (အမှတ် (1) အခြေခံပညာအထက်တန်းကျောင်း ဘားအံ (အ.ထ.က 1 ဘားအံ)),BEHS,Hpa-An,MMR003001,Kayin State,MMR003,township,Ward(3),"Tan Myint Kyaung St., Ward(3),, Hpa-An Township, Kayin State , Myanmar",058-21055,Kayin State,active,,https://www.edge.com.mm/listing/hpa-an-b-e-h-s-1-l00253450.html
MMR003001-BEHS02,Basic Education High School No. 2 Hpa-An (အမှတ် (2) အခြေခံပညာအထက်တန်းကျောင်း ဘားအံ (အ.ထ.က 2 ဘားအံ)),BEHS,Hpa-An,MMR003001,Kayin State,MMR003,township,Ward(4),"Nan Lone Kyaing St., Ward(4),, Hpa-An Township, Kayin State , Myanmar",058-21144,Kayin State,active,,https://www.edge.com.mm/listing/hpa-an-b-e-h-s-2-l00253454.html
MMR003001-BEHS03,Basic Education High School No. 3 Hpa-An (အမှတ် (3) အခြေခံပညာအထက်တန်းကျောင်း ဘားအံ (အ.ထ.က 3 ဘားအံ)),BEHS,Hpa-An,MMR003001,Kayin State,MMR003,township,Ward(5),"Bogyoke Rd., Ward(5),, Hpa-An Township, Kayin State , Myanmar",058-21465,Kayin State,active,,https://www.edge.com.mm/listing/hpa-an-b-e-h-s-3-l00253456.html
MMR003001-BEHS04,Basic Education High School No. 4 Hpa-An (အမှတ် (4) အခြေခံပညာအထက်တန်းကျောင်း ဘားအံ (အ.ထ.က 4 ဘားအံ)),BEHS,Hpa-An,MMR003001,Kayin State,MMR003,township,Ward(4),"B.E.H.S (4) St., Corner of Zwe Ka Pin St., Ward(4),, Hpa-An Township, Kayin State , Myanmar",058-21576,Kayin State,active,,https://www.edge.com.mm/listing/hpa-an-b-e-h-s-4-l00253459.html
MMR003001-BEMS01,Basic Education Middle School No. 1 Hpa-An (အမှတ် (1) အခြေခံပညာအလယ်တန်းကျောင်း ဘားအံ (အ.လ.က 1 ဘားအံ)),BEMS,Hpa-An,MMR003001,Kayin State,MMR003,township,Ward(2),"Min Tan St., Ward(2),, Hpa-An Township, Kayin State , Myanmar",058-22271,Kayin State,active,,https://www.edge.com.mm/listing/hpa-an-b-e-m-s-1-l00253448.html
MMR003001-BEMS03,Basic Education Middle School No. 3 Hpa-An (အမှတ် (3) အခြေခံပညာအလယ်တန်းကျောင်း ဘားအံ (အ.လ.က 3 ဘားအံ)),BEMS,Hpa-An,MMR003001,Kayin State,MMR003,township,Ward(5),"Aung Nan 1st St., Corner of Ohn Mote Sein St., Ward(5),, Hpa-An Township, Kayin State , Myanmar",09-73760300,Kayin State,active,,https://www.edge.com.mm/listing/hpa-an-b-e-m-s-3-l68919.html
MMR003001-PV02,Hpa-An B.E.P.P.S [9],PV,Hpa-An,MMR003001,Kayin State,MMR003,township,Ward(5),"Aung Nan Mingalar St., Corner of Aung Nan 1st St., Ward(5),, Hpa-An Township, Kayin State , Myanmar","09-425028972, 09-31416413",Kayin State,active,,https://www.edge.com.mm/listing/hpa-an-b-e-p-p-s-9-l68888.html
MMR009001-PV03,Htoo Myat Choon,PV,Aungmyethazan,MMR009001,Mandalay Region,MMR009,township,,"Bet; 19 St. and 20 St. & Bet; 89 St. and 90 St., Minde Ei King,, Aung Myay Thar Zan Township, Mandalay , Myanmar","09-797233622, 09-402579216",Mandalay,active,,https://www.edge.com.mm/listing/htoo-myat-choon-u251601.html
MMR013010-BEHS01,Basic Education High School No. 1 Insein (အမှတ် (1) အခြေခံပညာအထက်တန်းကျောင်း အင်းစိန် (အ.ထ.က 1 အင်းစိန်)),BEHS,Insein,MMR013010,Yangon Region,MMR013,township,Nant Thar Gone Ward,"Min Gyi Rd., Nant Thar Gone Ward,, Insein Township, Yangon , Myanmar","01-3640043, 09-401600542",Yangon,active,,https://www.edge.com.mm/listing/insein-b-e-h-s-1-l23011.html
MMR013010-BEHS02,Basic Education High School No. 2 Insein (အမှတ် (2) အခြေခံပညာအထက်တန်းကျောင်း အင်းစိန် (အ.ထ.က 2 အင်းစိန်)),BEHS,Insein,MMR013010,Yangon Region,MMR013,township,Nant Thar Gone Ward,"Thar Yar Gone St., BOC Curve, Nant Thar Gone Ward,, Insein Township, Yangon , Myanmar","01-640273, 09-445046675, 09-404465612",Yangon,active,,https://www.edge.com.mm/listing/insein-b-e-h-s-2-l23048.html
MMR013010-BEHS03,Basic Education High School No. 3 Insein (အမှတ် (3) အခြေခံပညာအထက်တန်းကျောင်း အင်းစိန် (အ.ထ.က 3 အင်းစိန်)),BEHS,Insein,MMR013010,Yangon Region,MMR013,township,Aung San Ward,"Lower Mingalardon Rd., Aung San Ward,, Insein Township, Yangon , Myanmar","01-3640452, 09-254777556, 09-420151582",Yangon,active,,https://www.edge.com.mm/listing/insein-b-e-h-s-3-l23049.html
MMR013010-BEHS04,Basic Education High School No. 4 Insein (အမှတ် (4) အခြေခံပညာအထက်တန်းကျောင်း အင်းစိန် (အ.ထ.က 4 အင်းစိန်)),BEHS,Insein,MMR013010,Yangon Region,MMR013,township,Pauk Taw Ward,"Ou Yin St., Pauk Taw Ward,, Insein Township, Yangon , Myanmar","09-261025982, 01-3640214",Yangon,active,,https://www.edge.com.mm/listing/insein-b-e-h-s-4-l23050.html
MMR013010-BEHS05,Basic Education High School No. 5 Insein (အမှတ် (5) အခြေခံပညာအထက်တန်းကျောင်း အင်းစိန် (အ.ထ.က 5 အင်းစိန်)),BEHS,Insein,MMR013010,Yangon Region,MMR013,township,Pein Nel Gone Ward,"Thiri St., Pein Nel Gone Ward,, Insein Township, Yangon , Myanmar","01-3641336, 09-5184302",Yangon,active,,https://www.edge.com.mm/listing/insein-b-e-h-s-5-l24379.html
MMR013010-BEHS06,Basic Education High School No. 6 Insein (အမှတ် (6) အခြေခံပညာအထက်တန်းကျောင်း အင်းစိန် (အ.ထ.က 6 အင်းစိန်)),BEHS,Insein,MMR013010,Yangon Region,MMR013,township,Ywar Ma (Mid) Ward,"Bayint Naung Rd., Ywar Ma (Mid) Ward,, Insein Township, Yangon , Myanmar","01-3647820, 09-253663668, 09-420151672",Yangon,active,,https://www.edge.com.mm/listing/insein-b-e-h-s-6-l137474.html
MMR013010-BEHS07,Basic Education High School No. 7 Insein (အမှတ် (7) အခြေခံပညာအထက်တန်းကျောင်း အင်းစိန် (အ.ထ.က 7 အင်းစိန်)),BEHS,Insein,MMR013010,Yangon Region,MMR013,township,Danyin Gone Ward,"Myat Eain Yar Lane (2), Danyin Gone Ward,, Insein Township, Yangon , Myanmar","01-618282, 09-253670638",Yangon,active,,https://www.edge.com.mm/listing/insein-b-e-h-s-7-l24442.html
MMR013010-BEHS08,Basic Education High School No. 8 Insein (အမှတ် (8) အခြေခံပညာအထက်တန်းကျောင်း အင်းစိန် (အ.ထ.က 8 အင်းစိန်)),BEHS,Insein,MMR013010,Yangon Region,MMR013,township,Saw Bwar Gyi Gone Ward,"Pyay Rd., 10 Mile, Saw Bwar Gyi Gone Ward,, Insein Township, Yangon , Myanmar",09-957354514,Yangon,active,,https://www.edge.com.mm/listing/insein-b-e-h-s-8-l23051.html
MMR013010-BEMS10,Basic Education Middle School No. 10 Insein (အမှတ် (10) အခြေခံပညာအလယ်တန်းကျောင်း အင်းစိန် (အ.လ.က 10 အင်းစိန်)),BEMS,Insein,MMR013010,Yangon Region,MMR013,township,Ywar Ma (West) Ward,"Bayint Naung Rd., Ywar Ma (West) Ward,, Insein Township, Yangon , Myanmar","01-3645974, 09-420151565",Yangon,active,,https://www.edge.com.mm/listing/insein-b-e-m-s-10-l26124.html
MMR013010-BEMS11,Basic Education Middle School No. 11 Insein (အမှတ် (11) အခြေခံပညာအလယ်တန်းကျောင်း အင်းစိန် (အ.လ.က 11 အင်းစိန်)),BEMS,Insein,MMR013010,Yangon Region,MMR013,township,Phawh Kan Ward,"Wah Oo 4th St., Phawh Kan Ward,, Insein Township, Yangon , Myanmar","01-3641803, 09-401560533, 09-254721552",Yangon,active,,https://www.edge.com.mm/listing/insein-b-e-m-s-11-l24437.html
MMR013010-BEMS13,Basic Education Middle School No. 13 Insein (အမှတ် (13) အခြေခံပညာအလယ်တန်းကျောင်း အင်းစိန် (အ.လ.က 13 အင်းစိန်)),BEMS,Insein,MMR013010,Yangon Region,MMR013,township,Ywar Ma (Mid) Ward,"Hlaing River Rd., Central Jail Compound, Ywar Ma (Mid) Ward,, Insein Township, Yangon , Myanmar","01-3642485, 09-420106359, 09-971037941",Yangon,active,,https://www.edge.com.mm/listing/insein-b-e-m-s-13-l137479.html
MMR013010-BEMS01-1,Basic Education Middle School No. 1 Insein (အမှတ် (1) အခြေခံပညာအလယ်တန်းကျောင်း အင်းစိန် (အ.လ.က 1 အင်းစိန်)),BEMS,Insein,MMR013010,Yangon Region,MMR013,township,Taung Thu Gone Ward,"Taung Thu Kone St., Taung Thu Gone Ward,, Insein Township, Yangon , Myanmar","01-3641858, 09-254032970",Yangon,active,,https://www.edge.com.mm/listing/insein-b-e-m-s-1-l24414.html
MMR013010-BEMS02,Basic Education Middle School No. 2 Insein (အမှတ် (2) အခြေခံပညာအလယ်တန်းကျောင်း အင်းစိန် (အ.လ.က 2 အင်းစိန်)),BEMS,Insein,MMR013010,Yangon Region,MMR013,township,Ywar Ma (East) Ward,"Dawna St., Ywar Ma (East) Ward,, Insein Township, Yangon , Myanmar","09-43089753, 01-3640025",Yangon,active,,https://www.edge.com.mm/listing/insein-b-e-m-s-2-l23052.html
MMR013010-BEMS03,Basic Education Middle School No. 3 Insein (အမှတ် (3) အခြေခံပညာအလယ်တန်းကျောင်း အင်းစိန် (အ.လ.က 3 အင်းစိန်)),BEMS,Insein,MMR013010,Yangon Region,MMR013,township,Taung Thu Gone Ward,"Thar Yar Aye 2nd St., Taung Thu Gone Ward,, Insein Township, Yangon , Myanmar","09-448042934, 01-3641873",Yangon,active,,https://www.edge.com.mm/listing/insein-b-e-m-s-3-l24419.html
MMR013010-BEMS04,Basic Education Middle School No. 4 Insein (အမှတ် (4) အခြေခံပညာအလယ်တန်းကျောင်း အင်းစိန် (အ.လ.က 4 အင်းစိန်)),BEMS,Insein,MMR013010,Yangon Region,MMR013,township,Gyoh Gone (East) Ward,"Maha Thukhitar St., Gyoh Gone (East) Ward,, Insein Township, Yangon , Myanmar","01-3641621, 09-43161978",Yangon,active,,https://www.edge.com.mm/listing/insein-b-e-m-s-4-l23308.html
MMR013010-BEMS05,Basic Education Middle School No. 5 Insein (အမှတ် (5) အခြေခံပညာအလယ်တန်းကျောင်း အင်းစိန် (အ.လ.က 5 အင်းစိန်)),BEMS,Insein,MMR013010,Yangon Region,MMR013,township,Aung San Ward,"Lower Mingalardon Rd., Kha-Ma-Ya (305), Aung San Ward,, Insein Township, Yangon , Myanmar","01-3642283, 09-797194622",Yangon,active,,https://www.edge.com.mm/listing/insein-b-e-m-s-5-l24424.html
MMR013010-BEMS06,Basic Education Middle School No. 6 Insein (အမှတ် (6) အခြေခံပညာအလယ်တန်းကျောင်း အင်းစိန် (အ.လ.က 6 အင်းစိန်)),BEMS,Insein,MMR013010,Yangon Region,MMR013,township,Pein Nel Gone Ward,"Thiri St., Pein Nel Gone Ward,, Insein Township, Yangon , Myanmar","01-3640646, 09-785506328, 09-974490186",Yangon,active,,https://www.edge.com.mm/listing/insein-b-e-m-s-6-l23309.html
MMR013010-BEMS08,Basic Education Middle School No. 8 Insein (အမှတ် (8) အခြေခံပညာအလယ်တန်းကျောင်း အင်းစိန် (အ.လ.က 8 အင်းစိန်)),BEMS,Insein,MMR013010,Yangon Region,MMR013,township,Kannar (Mid) Ward,"Hlaing River Rd., Kannar (Mid) Ward,, Insein Township, Yangon , Myanmar","09-422488927, 01-3640847, 09-43165741",Yangon,active,,https://www.edge.com.mm/listing/insein-b-e-m-s-8-l23310.html
MMR013010-BEMS09,Basic Education Middle School No. 9 Insein (အမှတ် (9) အခြေခံပညာအလယ်တန်းကျောင်း အင်းစိန် (အ.လ.က 9 အင်းစိန်)),BEMS,Insein,MMR013010,Yangon Region,MMR013,township,Saw Bwar Gyi Gone Ward,"Pyay Rd., Htan Pin Gone, Saw Bwar Gyi Gone Ward,, Insein Township, Yangon , Myanmar","01-3640169, 09-448052604",Yangon,active,,https://www.edge.com.mm/listing/insein-b-e-m-s-9-l24431.html
MMR013010-BEPS10,Basic Education Primary School No. 10 Insein (အမှတ် (10) အခြေခံပညာမူလတန်းကျောင်း အင်းစိန် (အ.မ.က 10 အင်းစိန်)),BEPS,Insein,MMR013010,Yangon Region,MMR013,township,Saw Bwar Gyi Gone Ward,"Sabei St., Htan Pin Gone, Saw Bwar Gyi Gone Ward,, Insein Township, Yangon , Myanmar",09-450002178,Yangon,active,,https://www.edge.com.mm/listing/insein-b-e-p-s-10-l25692.html
MMR013010-BEPS11,Basic Education Primary School No. 11 Insein (အမှတ် (11) အခြေခံပညာမူလတန်းကျောင်း အင်းစိန် (အ.မ.က 11 အင်းစိန်)),BEPS,Insein,MMR013010,Yangon Region,MMR013,township,Kannar (Mid) Ward,"Hlaing River Rd., Kannar (Mid) Ward,, Insein Township, Yangon , Myanmar",09-795847720,Yangon,active,,https://www.edge.com.mm/listing/insein-b-e-p-s-11-l25693.html
MMR013010-BEPS12,Basic Education Primary School No. 12 Insein (အမှတ် (12) အခြေခံပညာမူလတန်းကျောင်း အင်းစိန် (အ.မ.က 12 အင်းစိန်)),BEPS,Insein,MMR013010,Yangon Region,MMR013,township,Kwet Thit Ward,"Hlaing River Rd., Kwet Thit Ward,, Insein Township, Yangon , Myanmar","01-3643059, 09-785092274",Yangon,active,,https://www.edge.com.mm/listing/insein-b-e-p-s-12-l25939.html
MMR013010-BEPS13,Basic Education Primary School No. 13 Insein (အမှတ် (13) အခြေခံပညာမူလတန်းကျောင်း အင်းစိန် (အ.မ.က 13 အင်းစိန်)),BEPS,Insein,MMR013010,Yangon Region,MMR013,township,Pein Nel Gone Ward,"Kyae Taing Su 1st St., Pein Nel Gone Ward,, Insein Township, Yangon , Myanmar",09-782473786,Yangon,active,,https://www.edge.com.mm/listing/insein-b-e-p-s-13-l26093.html
MMR013010-BEPS14,Basic Education Primary School No. 14 Insein (အမှတ် (14) အခြေခံပညာမူလတန်းကျောင်း အင်းစိန် (အ.မ.က 14 အင်းစိန်)),BEPS,Insein,MMR013010,Yangon Region,MMR013,township,Toe Chei Yeik Thar St.,"Tharaphi St., Toe Chei Yeik Thar St., Myo Thit (Ka/Kha) Ward,, Insein Township, Yangon , Myanmar",09-420026226,Yangon,active,,https://www.edge.com.mm/listing/insein-b-e-p-s-14-l26114.html
MMR013010-BEPS15,Basic Education Primary School No. 15 Insein (အမှတ် (15) အခြေခံပညာမူလတန်းကျောင်း အင်းစိန် (အ.မ.က 15 အင်းစိန်)),BEPS,Insein,MMR013010,Yangon Region,MMR013,township,Myo Thit (Ga-Nge) Ward,"Bayint Naung Rd., Myo Thit (Ga-Nge) Ward,, Insein Township, Yangon , Myanmar","09-448174633, 09-799793611, 09-43125962",Yangon,active,,https://www.edge.com.mm/listing/insein-b-e-p-s-15-l26119.html
MMR013010-BEPS16,Basic Education Primary School No. 16 Insein (အမှတ် (16) အခြေခံပညာမူလတန်းကျောင်း အင်းစိန် (အ.မ.က 16 အင်းစိန်)),BEPS,Insein,MMR013010,Yangon Region,MMR013,township,Ywar Ma (West) Ward,"Phwe Nu Oil Mill St., Ywar Ma (West) Ward,, Insein Township, Yangon , Myanmar",09-43187619,Yangon,active,,https://www.edge.com.mm/listing/insein-b-e-p-s-16-l26120.html
MMR013010-BEPS17,Basic Education Primary School No. 17 Insein (အမှတ် (17) အခြေခံပညာမူလတန်းကျောင်း အင်းစိန် (အ.မ.က 17 အင်းစိန်)),BEPS,Insein,MMR013010,Yangon Region,MMR013,township,Gyoh Gone (West) Ward,"Kannar St., Gyoh Gone (West) Ward,, Insein Township, Yangon , Myanmar","09-73247298, 09-767034294",Yangon,active,,https://www.edge.com.mm/listing/insein-b-e-p-s-17-l26121.html
MMR013010-BEPS18,Basic Education Primary School No. 18 Insein (အမှတ် (18) အခြေခံပညာမူလတန်းကျောင်း အင်းစိန် (အ.မ.က 18 အင်းစိန်)),BEPS,Insein,MMR013010,Yangon Region,MMR013,township,Ywar Ma (West) Ward,"Pearl St., Ywar Ma (West) Ward,, Insein Township, Yangon , Myanmar",09-73098825,Yangon,active,,https://www.edge.com.mm/listing/insein-b-e-p-s-18-l00239705.html
MMR013010-BEPS01-1,Basic Education Primary School No. 1 Insein (အမှတ် (1) အခြေခံပညာမူလတန်းကျောင်း အင်းစိန် (အ.မ.က 1 အင်းစိန်)),BEPS,Insein,MMR013010,Yangon Region,MMR013,township,Ywar Ma (East) Ward,"Lower Mingalardon Rd., Hino Car Gate Bus Stop, Ywar Ma (East) Ward,, Insein Township, Yangon , Myanmar","01-3640648, 09-5057327, 09-775799500, 09-459481899, 09-448041828",Yangon,active,,https://www.edge.com.mm/listing/insein-b-e-p-s-1-l24443.html
MMR013010-BEPS23,Basic Education Primary School No. 23 Insein (အမှတ် (23) အခြေခံပညာမူလတန်းကျောင်း အင်းစိန် (အ.မ.က 23 အင်းစိန်)),BEPS,Insein,MMR013010,Yangon Region,MMR013,township,Danyin Gone Ward,"Lower Mingalardon Rd., Danyin Gone Ward,, Insein Township, Yangon , Myanmar",09-420139862,Yangon,active,,https://www.edge.com.mm/listing/insein-b-e-p-s-23-l26122.html
MMR013010-BEPS26,Basic Education Primary School No. 26 Insein (အမှတ် (26) အခြေခံပညာမူလတန်းကျောင်း အင်းစိန် (အ.မ.က 26 အင်းစိန်)),BEPS,Insein,MMR013010,Yangon Region,MMR013,township,Phawh Kan Ward,"Lower Mingalardon Rd., Phawh Kan Ward,, Insein Township, Yangon , Myanmar",09-420206411,Yangon,active,,https://www.edge.com.mm/listing/insein-b-e-p-s-26-l26126.html
MMR013010-BEPS27,Basic Education Primary School No. 27 Insein (အမှတ် (27) အခြေခံပညာမူလတန်းကျောင်း အင်းစိန် (အ.မ.က 27 အင်းစိန်)),BEPS,Insein,MMR013010,Yangon Region,MMR013,township,Phawh Kan Ward,"Thidar St., Phawh Kan Ward,, Insein Township, Yangon , Myanmar","09-251043573, 09-250078309, 09-450040194",Yangon,active,,https://www.edge.com.mm/listing/insein-b-e-p-s-27-l26129.html
MMR013010-BEPS28,Basic Education Primary School No. 28 Insein (အမှတ် (28) အခြေခံပညာမူလတန်းကျောင်း အင်းစိန် (အ.မ.က 28 အင်းစိန်)),BEPS,Insein,MMR013010,Yangon Region,MMR013,township,Aung San Ward,"Lower Mingalardon Rd., Aung San Ward,, Insein Township, Yangon , Myanmar",09-43131292,Yangon,active,,https://www.edge.com.mm/listing/insein-b-e-p-s-28-l26130.html
MMR013010-BEPS29,Basic Education Primary School No. 29 Insein (အမှတ် (29) အခြေခံပညာမူလတန်းကျောင်း အင်းစိန် (အ.မ.က 29 အင်းစိန်)),BEPS,Insein,MMR013010,Yangon Region,MMR013,township,Sint Ngu Ward,"Htan Ta Pin Kyaung St., Sint Ngu Ward,, Insein Township, Yangon , Myanmar","09-420148191, 09-972353981",Yangon,active,,https://www.edge.com.mm/listing/insein-b-e-p-s-29-l26131.html
MMR013010-BEPS02,Basic Education Primary School No. 2 Insein (အမှတ် (2) အခြေခံပညာမူလတန်းကျောင်း အင်းစိန် (အ.မ.က 2 အင်းစိန်)),BEPS,Insein,MMR013010,Yangon Region,MMR013,township,Pein Nel Gone Ward,"Hlaing River Rd., Railways Station Compound, Pein Nel Gone Ward,, Insein Township, Yangon , Myanmar",09-423659928,Yangon,active,,https://www.edge.com.mm/listing/insein-b-e-p-s-2-l24449.html
MMR013010-BEPS38,Basic Education Primary School No. 38 Insein (အမှတ် (38) အခြေခံပညာမူလတန်းကျောင်း အင်းစိန် (အ.မ.က 38 အင်းစိန်)),BEPS,Insein,MMR013010,Yangon Region,MMR013,township,Gyoh Gone (West) Ward,"Baho Rd., Gyoh Gone (West) Ward,, Insein Township, Yangon , Myanmar",09-421094429,Yangon,active,,https://www.edge.com.mm/listing/insein-b-e-p-s-38-l26212.html
MMR013010-BEPS39,Basic Education Primary School No. 39 Insein (အမှတ် (39) အခြေခံပညာမူလတန်းကျောင်း အင်းစိန် (အ.မ.က 39 အင်းစိန်)),BEPS,Insein,MMR013010,Yangon Region,MMR013,township,Pein Nel Gone Ward,"Thiri St., Pein Nel Gone Ward,, Insein Township, Yangon , Myanmar",09-31125648,Yangon,active,,https://www.edge.com.mm/listing/insein-b-e-p-s-39-l26231.html
MMR013010-BEPS03,Basic Education Primary School No. 3 Insein (အမှတ် (3) အခြေခံပညာမူလတန်းကျောင်း အင်းစိန် (အ.မ.က 3 အင်းစိန်)),BEPS,Insein,MMR013010,Yangon Region,MMR013,township,Ywar Ma (East) Ward,"Baho Rd., Da Nyin Gone, Ywar Ma (East) Ward,, Insein Township, Yangon , Myanmar",09-261393630,Yangon,active,,https://www.edge.com.mm/listing/insein-b-e-p-s-3-l24450.html
MMR013010-BEPS40,Basic Education Primary School No. 40 Insein (အမှတ် (40) အခြေခံပညာမူလတန်းကျောင်း အင်းစိန် (အ.မ.က 40 အင်းစိန်)),BEPS,Insein,MMR013010,Yangon Region,MMR013,township,Ywar Ma (East) Ward,"Thiri Mingalar Rd., Ywama, Ywar Ma (East) Ward,, Insein Township, Yangon , Myanmar",09-420169225,Yangon,active,,https://www.edge.com.mm/listing/insein-b-e-p-s-40-l26232.html
MMR013010-BEPS41,Basic Education Primary School No. 41 Insein (အမှတ် (41) အခြေခံပညာမူလတန်းကျောင်း အင်းစိန် (အ.မ.က 41 အင်းစိန်)),BEPS,Insein,MMR013010,Yangon Region,MMR013,township,Sint Ngu Ward,"Sint Ngu St., Sint Ngu Ward,, Insein Township, Yangon , Myanmar",09-254386715,Yangon,active,,https://www.edge.com.mm/listing/insein-b-e-p-s-41-l26233.html
MMR013010-BEPS43,Basic Education Primary School No. 43 Insein (အမှတ် (43) အခြေခံပညာမူလတန်းကျောင်း အင်းစိန် (အ.မ.က 43 အင်းစိန်)),BEPS,Insein,MMR013010,Yangon Region,MMR013,township,Myo Thit (Ka/Kha) Ward,"Bayint Naung Rd.,Myo Thit (Ka/Kha) Ward, Insein Township, Yangon , Myanmar",09-775506697,Yangon,active,,https://www.edge.com.mm/listing/insein-b-e-p-s-43-l26234.html
MMR013010-BEPS44,Basic Education Primary School No. 44 Insein (အမှတ် (44) အခြေခံပညာမူလတန်းကျောင်း အင်းစိန် (အ.မ.က 44 အင်းစိန်)),BEPS,Insein,MMR013010,Yangon Region,MMR013,township,Pauk Taw Ward,"Ou Yin St., Pauk Taw Ward,, Insein Township, Yangon , Myanmar",09-450003848,Yangon,active,,https://www.edge.com.mm/listing/insein-b-e-p-s-44-l26346.html
MMR013010-BEPS49,Basic Education Primary School No. 49 Insein (အမှတ် (49) အခြေခံပညာမူလတန်းကျောင်း အင်းစိန် (အ.မ.က 49 အင်းစိန်)),BEPS,Insein,MMR013010,Yangon Region,MMR013,township,Taung Thu Gone Ward,"Maha Thon Thara Kyaung St., Taung Thu Gone Ward,, Insein Township, Yangon , Myanmar",09-254441509,Yangon,active,,https://www.edge.com.mm/listing/insein-b-e-p-s-49-l26347.html
MMR013010-BEPS04,Basic Education Primary School No. 4 Insein (အမှတ် (4) အခြေခံပညာမူလတန်းကျောင်း အင်းစိန် (အ.မ.က 4 အင်းစိန်)),BEPS,Insein,MMR013010,Yangon Region,MMR013,township,Ywar Ma (East) Ward,"Aye Theiddi St., Ywar Ma (East) Ward,, Insein Township, Yangon , Myanmar",09-420035768,Yangon,active,,https://www.edge.com.mm/listing/insein-b-e-p-s-4-l24451.html
MMR013010-BEPS52,Basic Education Primary School No. 52 Insein (အမှတ် (52) အခြေခံပညာမူလတန်းကျောင်း အင်းစိန် (အ.မ.က 52 အင်းစိန်)),BEPS,Insein,MMR013010,Yangon Region,MMR013,township,Phawh Kan Ward,"Wah Oo St., Phawh Kan Ward,, Insein Township, Yangon , Myanmar",09-420139755,Yangon,active,,https://www.edge.com.mm/listing/insein-b-e-p-s-52-l26348.html
MMR013010-BEPS05,Basic Education Primary School No. 5 Insein (အမှတ် (5) အခြေခံပညာမူလတန်းကျောင်း အင်းစိန် (အ.မ.က 5 အင်းစိန်)),BEPS,Insein,MMR013010,Yangon Region,MMR013,township,Nant Thar Gone Ward,"Butar Yon St., BOC Curve, Nant Thar Gone Ward,, Insein Township, Yangon , Myanmar",09-420137711,Yangon,active,,https://www.edge.com.mm/listing/insein-b-e-p-s-5-l24452.html
MMR013010-BEPS06,Basic Education Primary School No. 6 Insein (အမှတ် (6) အခြေခံပညာမူလတန်းကျောင်း အင်းစိန် (အ.မ.က 6 အင်းစိန်)),BEPS,Insein,MMR013010,Yangon Region,MMR013,township,Nant Thar Gone Ward,"Zee Ohn Gone St., Nant Thar Gone Ward,, Insein Township, Yangon , Myanmar",09-250662247,Yangon,active,,https://www.edge.com.mm/listing/insein-b-e-p-s-6-l24453.html
MMR013010-BEPS07,Basic Education Primary School No. 7 Insein (အမှတ် (7) အခြေခံပညာမူလတန်းကျောင်း အင်းစိန် (အ.မ.က 7 အင်းစိန်)),BEPS,Insein,MMR013010,Yangon Region,MMR013,township,Saw Bwar Gyi Gone Ward,"Kyaung St., 10 Mile Gone, Saw Bwar Gyi Gone Ward,, Insein Township, Yangon , Myanmar",09-31123111,Yangon,active,,https://www.edge.com.mm/listing/insein-b-e-p-s-7-l25486.html
MMR013010-BEPS08,Basic Education Primary School No. 8 Insein (အမှတ် (8) အခြေခံပညာမူလတန်းကျောင်း အင်းစိန် (အ.မ.က 8 အင်းစိန်)),BEPS,Insein,MMR013010,Yangon Region,MMR013,township,Gyoh Gone (East) Ward,"Tayoke Kone St., Gyoh Gone (East) Ward,, Insein Township, Yangon , Myanmar",09-32442686,Yangon,active,,https://www.edge.com.mm/listing/insein-b-e-p-s-8-l25487.html
MMR013010-BEPS09,Basic Education Primary School No. 9 Insein (အမှတ် (9) အခြေခံပညာမူလတန်းကျောင်း အင်းစိန် (အ.မ.က 9 အင်းစိန်)),BEPS,Insein,MMR013010,Yangon Region,MMR013,township,Gyoh Gone (East) Ward,"Yangon-Insein Rd., YTU Compound, Gyoh Gone (East) Ward,, Insein Township, Yangon , Myanmar","09-450001808, 09-799912167",Yangon,active,,https://www.edge.com.mm/listing/insein-b-e-p-s-9-l25488.html
MMR013003-BEHS01-1,Basic Education High School No. 1 Kamayut (အမှတ် (1) အခြေခံပညာအထက်တန်းကျောင်း ကမာရွတ် (အ.ထ.က 1 ကမာရွတ်)),BEHS,Kamayut,MMR013003,Yangon Region,MMR013,township,Ward (10),"312, U Wisara Rd., Ward (10),, Kamaryut Township, Yangon , Myanmar",01-535910,Yangon,active,,https://www.edge.com.mm/listing/kamayut-b-e-h-s-1-l13898.html
MMR013003-BEHS02,Basic Education High School No. 2 Kamayut (အမှတ် (2) အခြေခံပညာအထက်တန်းကျောင်း ကမာရွတ် (အ.ထ.က 2 ကမာရွတ်)),BEHS,Kamayut,MMR013003,Yangon Region,MMR013,township,Ward (10),"64/B, Inya Rd., Ward (10),, Kamaryut Township, Yangon , Myanmar",01-534670,Yangon,active,,https://www.edge.com.mm/listing/kamayut-b-e-h-s-2-l13899.html
MMR013003-BEHS03,Basic Education High School No. 3 Kamayut (အမှတ် (3) အခြေခံပညာအထက်တန်းကျောင်း ကမာရွတ် (အ.ထ.က 3 ကမာရွတ်)),BEHS,Kamayut,MMR013003,Yangon Region,MMR013,township,Ward (6),"Nar Nat Taw Rd., Ward (6),, Kamaryut Township, Yangon , Myanmar",01-535994,Yangon,active,,https://www.edge.com.mm/listing/kamayut-b-e-h-s-3-l13900.html
MMR013003-BEHS04,Basic Education High School No. 4 Kamayut (အမှတ် (4) အခြေခံပညာအထက်တန်းကျောင်း ကမာရွတ် (အ.ထ.က 4 ကမာရွတ်)),BEHS,Kamayut,MMR013003,Yangon Region,MMR013,township,Ward (2),"Mya Kan Thar St., Ward (2),, Kamaryut Township, Yangon , Myanmar",01-536010,Yangon,active,,https://www.edge.com.mm/listing/kamayut-b-e-h-s-4-l13901.html
MMR013003-BEHS05,Basic Education High School No. 5 Kamayut (အမှတ် (5) အခြေခံပညာအထက်တန်းကျောင်း ကမာရွတ် (အ.ထ.က 5 ကမာရွတ်)),BEHS,Kamayut,MMR013003,Yangon Region,MMR013,township,Ward (3),"Hledan Rd., Ward (3),, Kamaryut Township, Yangon , Myanmar",01-534711,Yangon,active,,https://www.edge.com.mm/listing/kamayut-b-e-h-s-5-l13902.html
MMR013003-BEHS06,Basic Education High School Kamayut (အခြေခံပညာအထက်တန်းကျောင်း ကမာရွတ်),BEHS,Kamayut,MMR013003,Yangon Region,MMR013,township,Ward (9),"Pyay Rd., Ward (9),, Kamaryut Township, Yangon , Myanmar","01-534332, 01-505610",Yangon,active,,https://www.edge.com.mm/listing/kamayut-b-e-h-s-t-t-c-l13874.html
MMR013003-BEMS02,Basic Education Middle School No. 2 Kamayut (အမှတ် (2) အခြေခံပညာအလယ်တန်းကျောင်း ကမာရွတ် (အ.လ.က 2 ကမာရွတ်)),BEMS,Kamayut,MMR013003,Yangon Region,MMR013,township,Ward (1),"Shwe Nagar Oil Mill St., Ward (1),, Kamaryut Township, Yangon , Myanmar",01-525885,Yangon,active,,https://www.edge.com.mm/listing/kamayut-b-e-m-s-2-l00274982.html
MMR013003-BEPS10,Basic Education Primary School No. 10 Kamayut (အမှတ် (10) အခြေခံပညာမူလတန်းကျောင်း ကမာရွတ် (အ.မ.က 10 ကမာရွတ်)),BEPS,Kamayut,MMR013003,Yangon Region,MMR013,township,Ward (5),"73/75, Hanthawaddy Rd., Ward (5),, Kamaryut Township, Yangon , Myanmar",09-795395752,Yangon,active,,https://www.edge.com.mm/listing/kamayut-b-e-p-s-10-l13924.html
MMR013003-BEPS11,Basic Education Primary School No. 11 Kamayut (အမှတ် (11) အခြေခံပညာမူလတန်းကျောင်း ကမာရွတ် (အ.မ.က 11 ကမာရွတ်)),BEPS,Kamayut,MMR013003,Yangon Region,MMR013,township,Ward (1),"206, Padamyar St., Ward (1),, Kamaryut Township, Yangon , Myanmar","09-73075365, 09-31123371",Yangon,active,,https://www.edge.com.mm/listing/kamayut-b-e-p-s-11-l13925.html
MMR013003-BEPS14,Basic Education Primary School No. 14 Kamayut (အမှတ် (14) အခြေခံပညာမူလတန်းကျောင်း ကမာရွတ် (အ.မ.က 14 ကမာရွတ်)),BEPS,Kamayut,MMR013003,Yangon Region,MMR013,township,Ward (7),"Nar Nat Taw Rd., Corner of Baho Rd., Ward (7),, Kamaryut Township, Yangon , Myanmar",09-73120959,Yangon,active,,https://www.edge.com.mm/listing/kamayut-b-e-p-s-14-l13926.html
MMR013003-BEPS15,Basic Education Primary School No. 15 Kamayut (အမှတ် (15) အခြေခံပညာမူလတန်းကျောင်း ကမာရွတ် (အ.မ.က 15 ကမာရွတ်)),BEPS,Kamayut,MMR013003,Yangon Region,MMR013,township,Ward (3),"Baho Rd., Ward (3),, Kamaryut Township, Yangon , Myanmar",09-250075347,Yangon,active,,https://www.edge.com.mm/listing/kamayut-b-e-p-s-15-l13928.html
MMR013003-BEPS01,Basic Education Primary School No. 1 Kamayut (အမှတ် (1) အခြေခံပညာမူလတန်းကျောင်း ကမာရွတ် (အ.မ.က 1 ကမာရွတ်)),BEPS,Kamayut,MMR013003,Yangon Region,MMR013,township,Ward (2),"San Yeik Nyein 1st St., Ward (2),, Kamaryut Township, Yangon , Myanmar",09-43016193,Yangon,active,,https://www.edge.com.mm/listing/kamayut-b-e-p-s-1-l13917.html
MMR013003-BEPS02,Basic Education Primary School No. 2 Kamayut (အမှတ် (2) အခြေခံပညာမူလတန်းကျောင်း ကမာရွတ် (အ.မ.က 2 ကမာရွတ်)),BEPS,Kamayut,MMR013003,Yangon Region,MMR013,township,Ward (9),"Ahdipati Rd., Ward (9),, Kamaryut Township, Yangon , Myanmar",01-505947,Yangon,active,,https://www.edge.com.mm/listing/kamayut-b-e-p-s-2-l13918.html
MMR013003-BEPS04,Basic Education Primary School No. 4 Kamayut (အမှတ် (4) အခြေခံပညာမူလတန်းကျောင်း ကမာရွတ် (အ.မ.က 4 ကမာရွတ်)),BEPS,Kamayut,MMR013003,Yangon Region,MMR013,township,Aung Myay Tharsi Housing,"Htan Ta Pin St., Aung Myay Tharsi Housing,Sin Yay Twin, Ward (1),, Kamaryut Township, Yangon , Myanmar",09-43074291,Yangon,active,,https://www.edge.com.mm/listing/kamayut-b-e-p-s-4-l13919.html
MMR013003-BEPS06,Basic Education Primary School No. 6 Kamayut (အမှတ် (6) အခြေခံပညာမူလတန်းကျောင်း ကမာရွတ် (အ.မ.က 6 ကမာရွတ်)),BEPS,Kamayut,MMR013003,Yangon Region,MMR013,township,Ward (10),"Ou Yin St., Ward (10),, Kamaryut Township, Yangon , Myanmar",09-420162093,Yangon,active,,https://www.edge.com.mm/listing/kamayut-b-e-p-s-6-l13920.html
MMR013003-BEPS07,Basic Education Primary School No. 7 Kamayut (အမှတ် (7) အခြေခံပညာမူလတန်းကျောင်း ကမာရွတ် (အ.မ.က 7 ကမာရွတ်)),BEPS,Kamayut,MMR013003,Yangon Region,MMR013,township,Pyi Yeik Mon Housing,"Nar Nat Taw Rd., Pyi Yeik Mon Housing,, Kamaryut Township, Yangon , Myanmar",09-450014143,Yangon,active,,https://www.edge.com.mm/listing/kamayut-b-e-p-s-7-l13921.html
MMR013003-BEPS08,Basic Education Primary School No. 8 Kamayut (အမှတ် (8) အခြေခံပညာမူလတန်းကျောင်း ကမာရွတ် (အ.မ.က 8 ကမာရွတ်)),BEPS,Kamayut,MMR013003,Yangon Region,MMR013,township,Ward (8),"Mingalar St., Corner of Hledan Rd., Ward (8),, Kamaryut Township, Yangon , Myanmar",09-73158197,Yangon,active,,https://www.edge.com.mm/listing/kamayut-b-e-p-s-8-l13922.html
MMR013003-BEPS09,Basic Education Primary School No. 9 Kamayut (အမှတ် (9) အခြေခံပညာမူလတန်းကျောင်း ကမာရွတ် (အ.မ.က 9 ကမာရွတ်)),BEPS,Kamayut,MMR013003,Yangon Region,MMR013,township,Ward (4),"Kun Chan 7th St., Ward (4),, Kamaryut Township, Yangon , Myanmar",09-43051436,Yangon,active,,https://www.edge.com.mm/listing/kamayut-b-e-p-s-9-l13923.html
MMR009003-PV01,Kan Tet Kone Monastic Education School,PV,Mahaaungmyay,MMR009003,Mandalay Region,MMR009,township,,"55th St., Between 40th St. and 41th St., Ye Mon Taung,, Maha Aung Myay Township, Mandalay , Myanmar","09-2051370, 09-420718093, 09-401561495, 09-441027573",Mandalay,active,,https://www.edge.com.mm/listing/kan-tet-kone-monastic-education-school-u242201.html
MMR003002-BEHS01,Basic Education High School No. 1 Kawkareik (အမှတ် (1) အခြေခံပညာအထက်တန်းကျောင်း ကော့ကရိတ် (အ.ထ.က 1 ကော့ကရိတ်)),BEHS,Kawkareik,MMR003002,Kayin State,MMR003,township,Ward (3),"Theik Pan St., Corner of Maha Bone Monastery St., Ward (3),, Kawkareik Township, Kayin State , Myanmar",058-40216,Kayin State,active,,https://www.edge.com.mm/listing/kawt-kareik-b-e-h-s-1-l00252625.html
MMR003002-BEHS02,Basic Education High School No. 2 Kawkareik (အမှတ် (2) အခြေခံပညာအထက်တန်းကျောင်း ကော့ကရိတ် (အ.ထ.က 2 ကော့ကရိတ်)),BEHS,Kawkareik,MMR003002,Kayin State,MMR003,township,Ward (6),"Bogyoke Rd., Ward (6),, Kawkareik Township, Kayin State , Myanmar",058-40453,Kayin State,active,,https://www.edge.com.mm/listing/kawt-kareik-b-e-h-s-2-l00252627.html
MMR003002-BEHS03,Basic Education High School Kawkareik (အခြေခံပညာအထက်တန်းကျောင်း ကော့ကရိတ်),BEHS,Kawkareik,MMR003002,Kayin State,MMR003,township,Ward (1),"Shwe Kyat Min Pagoda St., Ward (1),, Kawkareik Township, Kayin State , Myanmar","058-40309, 09-781063245",Kayin State,active,,https://www.edge.com.mm/listing/kawt-kareik-b-e-h-s-chaung-thaung-l69926.html
MMR003002-BEHS04,Basic Education High School Kawkareik (အခြေခံပညာအထက်တန်းကျောင်း ကော့ကရိတ်),BEHS,Kawkareik,MMR003002,Kayin State,MMR003,township,Ward (7),"Padauk St., Ward (7),, Kawkareik Township, Kayin State , Myanmar",058-40217,Kayin State,active,,https://www.edge.com.mm/listing/kawt-kareik-b-e-h-s-taung-paw-yat-l00252644.html
MMR003002-BEPS12,Basic Education Primary School No. 12 Kawkareik (အမှတ် (12) အခြေခံပညာမူလတန်းကျောင်း ကော့ကရိတ် (အ.မ.က 12 ကော့ကရိတ်)),BEPS,Kawkareik,MMR003002,Kayin State,MMR003,township,Ward (1),"Shwe Kyat Min Pagoda St., Ward (1),, Kawkareik Township, Kayin State , Myanmar",09-763621673,Kayin State,active,,https://www.edge.com.mm/listing/kawt-kareik-b-e-p-s-12-l69863.html
MMR003002-BEPS13,Basic Education Primary School No. 13 Kawkareik (အမှတ် (13) အခြေခံပညာမူလတန်းကျောင်း ကော့ကရိတ် (အ.မ.က 13 ကော့ကရိတ်)),BEPS,Kawkareik,MMR003002,Kayin State,MMR003,township,Ward (1),"Shwe Kyat Min Pagoda St., Ward (1),, Kawkareik Township, Kayin State , Myanmar",09-799517369,Kayin State,active,,https://www.edge.com.mm/listing/kawt-kareik-b-e-p-s-13-l69894.html
MMR003002-BEPS02,Basic Education Primary School No. 2 Kawkareik (အမှတ် (2) အခြေခံပညာမူလတန်းကျောင်း ကော့ကရိတ် (အ.မ.က 2 ကော့ကရိတ်)),BEPS,Kawkareik,MMR003002,Kayin State,MMR003,township,Ward (2),"Bayint Naung St., Ward (2) ,, Kawkareik Township, Kayin State , Myanmar",09-425050285,Kayin State,active,,https://www.edge.com.mm/listing/kawt-kareik-b-e-p-s-2-l69770.html
MMR003002-BEPS08,Basic Education Primary School No. 8 Kawkareik (အမှတ် (8) အခြေခံပညာမူလတန်းကျောင်း ကော့ကရိတ် (အ.မ.က 8 ကော့ကရိတ်)),BEPS,Kawkareik,MMR003002,Kayin State,MMR003,township,Ward (5),"Yadanar St., Ward (5),, Kawkareik Township, Kayin State , Myanmar",09-255724039,Kayin State,active,,https://www.edge.com.mm/listing/kawt-kareik-b-e-p-s-8-l69930.html
MMR010003-BEHS01,Basic Education High School No. 1 Kyaikto (အမှတ် (1) အခြေခံပညာအထက်တန်းကျောင်း ကျိုက်ထို (အ.ထ.က 1 ကျိုက်ထို)),BEHS,Kyaikto,MMR010003,Mon State,MMR010,township,Kant Kaw Ward,"Bogyoke Rd., Kant Kaw Ward,, Kyaikhto Township, Mon State , Myanmar",057-60031,Mon State,active,,https://www.edge.com.mm/listing/kyaik-hto-b-e-h-s-1-l62245.html
MMR010003-BEHS02,Basic Education High School No. 2 Kyaikto (အမှတ် (2) အခြေခံပညာအထက်တန်းကျောင်း ကျိုက်ထို (အ.ထ.က 2 ကျိုက်ထို)),BEHS,Kyaikto,MMR010003,Mon State,MMR010,township,Kawt San Naing Ward,"Bogyoke Rd., Kawt San Naing Ward,, Kyaikhto Township, Mon State , Myanmar",057-60056,Mon State,active,,https://www.edge.com.mm/listing/kyaik-hto-b-e-h-s-2-l62246.html
MMR010003-BEHS-BR01,Basic Education High School (Branch) Kyaikto (အခြေခံပညာအထက်တန်းကျောင်း (ခွဲ) ကျိုက်ထို),BEHS-BR,Kyaikto,MMR010003,Mon State,MMR010,township,,"Yangon-Mawlamyine Rd.,, Kyaikhto Township, Mon State , Myanmar",,Mon State,active,,https://www.edge.com.mm/listing/kyaik-hto-b-e-h-s-ka-mon-chaung-branch-l00254531.html
MMR010003-BEHS03,Basic Education High School Kyaikto (အခြေခံပညာအထက်တန်းကျောင်း ကျိုက်ထို),BEHS,Kyaikto,MMR010003,Mon State,MMR010,township,Kyu Chaung Village,"Yangon-Mawlamyine Rd., Kyu Chaung Village,, Kyaikhto Township, Mon State , Myanmar",09-425289370,Mon State,active,,https://www.edge.com.mm/listing/kyaik-hto-b-e-h-s-kyu-chaung-l00254483.html
MMR010003-BEHS-BR02,Basic Education High School (Branch) Kyaikto (အခြေခံပညာအထက်တန်းကျောင်း (ခွဲ) ကျိုက်ထို),BEHS-BR,Kyaikto,MMR010003,Mon State,MMR010,township,Mote Kha Mu Village,"Yangon-Mawlamyine Rd., Mote Kha Mu Village,, Kyaikhto Township, Mon State , Myanmar",09-793199632,Mon State,active,,https://www.edge.com.mm/listing/kyaik-hto-b-e-h-s-mote-kha-mu-branch-l00254536.html
MMR010003-BEHS-BR03,Basic Education High School (Branch) Kyaikto (အခြေခံပညာအထက်တန်းကျောင်း (ခွဲ) ကျိုက်ထို),BEHS-BR,Kyaikto,MMR010003,Mon State,MMR010,township,Myaing Thit (2) Ward,"Yangon-Mawlamyine Rd., Myaing Thit (2) Ward, Mote Palin Village,, Kyaikhto Township, Mon State , Myanmar","09-786552704, 09-452352774",Mon State,active,,https://www.edge.com.mm/listing/kyaik-hto-b-e-h-s-mote-palin-branch-l00254543.html
MMR010003-BEHS04,Basic Education High School Kyaikto (အခြေခံပညာအထက်တန်းကျောင်း ကျိုက်ထို),BEHS,Kyaikto,MMR010003,Mon State,MMR010,township,,"Full Address, Kyaikhto Township, Mon State , Myanmar",057-60060,Mon State,active,,https://www.edge.com.mm/listing/kyaik-hto-b-e-h-s-sit-taung-l00254487.html
MMR010003-BEHS05,Basic Education High School Kyaikto (အခြေခံပညာအထက်တန်းကျောင်း ကျိုက်ထို),BEHS,Kyaikto,MMR010003,Mon State,MMR010,township,Nawarat Ward,"Say Yone St., Nawarat Ward,, Kyaikhto Township, Mon State , Myanmar",057-62137,Mon State,active,,https://www.edge.com.mm/listing/kyaik-hto-b-e-h-s-thein-zayet-l00254476.html
MMR010003-BEMS04,Basic Education Middle School No. 4 Kyaikto (အမှတ် (4) အခြေခံပညာအလယ်တန်းကျောင်း ကျိုက်ထို (အ.လ.က 4 ကျိုက်ထို)),BEMS,Kyaikto,MMR010003,Mon State,MMR010,township,Shwe Hlwar Oo Ward,"Thein Zayet, Shwe Hlwar Oo Ward,, Kyaikhto Township, Mon State , Myanmar",09-423667823,Mon State,active,,https://www.edge.com.mm/listing/kyaik-hto-b-e-m-s-4-l00254560.html
MMR010003-BEMS01,Basic Education Middle School Kyaikto (အခြေခံပညာအလယ်တန်းကျောင်း ကျိုက်ထို),BEMS,Kyaikto,MMR010003,Mon State,MMR010,township,Aung San Ward,"Shwe Oak Aww St., Aung San Ward,, Kyaikhto Township, Mon State , Myanmar",09-425281289,Mon State,active,,https://www.edge.com.mm/listing/kyaik-hto-b-e-m-s-shwe-oak-aww-l00254557.html
MMR017004-BEHS02,Basic Education High School No. 2 Kyaiklat (အမှတ် (2) အခြေခံပညာအထက်တန်းကျောင်း ကျိုက်လတ် (အ.ထ.က 2 ကျိုက်လတ်)),BEHS,Kyaiklat,MMR017004,Ayeyarwady Region,MMR017,township,Ward(4),"9th St., Ward(4),, Kyaik Latt Township, Ayeyawady , Myanmar",045-48248,Ayeyawady,active,,https://www.edge.com.mm/listing/kyaik-latt-b-e-h-s-2-l73288.html
MMR017004-BEMS01,Basic Education Middle School Kyaiklat (အခြေခံပညာအလယ်တန်းကျောင်း ကျိုက်လတ်),BEMS,Kyaiklat,MMR017004,Ayeyarwady Region,MMR017,township,Ward(4),"U Pyone Cho St., Ward(4),, Kyaik Latt Township, Ayeyawady , Myanmar",045-48493,Ayeyawady,active,,https://www.edge.com.mm/listing/kyaik-latt-b-e-m-s-l73259.html
MMR017004-BEPS06,Basic Education Primary School No. 6 Kyaiklat (အမှတ် (6) အခြေခံပညာမူလတန်းကျောင်း ကျိုက်လတ် (အ.မ.က 6 ကျိုက်လတ်)),BEPS,Kyaiklat,MMR017004,Ayeyarwady Region,MMR017,township,Ward(3),"10th St., Ward(3),, Kyaik Latt Township, Ayeyawady , Myanmar",,Ayeyawady,active,,https://www.edge.com.mm/listing/kyaik-latt-b-e-p-s-6-l73228.html
MMR017004-BEPS04,Basic Education Primary School No. 4 Kyaiklat (အမှတ် (4) အခြေခံပညာမူလတန်းကျောင်း ကျိုက်လတ် (အ.မ.က 4 ကျိုက်လတ်)),BEPS,Kyaiklat,MMR017004,Ayeyarwady Region,MMR017,township,Ward(3),"U Sandar St., Between 7th St. and 8th St., Ward(3),, Kyaik Latt Township, Ayeyawady , Myanmar",09-792569027,Ayeyawady,active,,https://www.edge.com.mm/listing/kyaiklat-b-e-p-s-4-l00303534.html
MMR010004-BEHS01,Basic Education High School Kyaikmaraw (အခြေခံပညာအထက်တန်းကျောင်း ကျိုက်မရော),BEHS,Kyaikmaraw,MMR010004,Mon State,MMR010,township,Yan Myo Aung Ward,"Kyaik Ma Yaw Rd., Yan Myo Aung Ward,, Kyaikmaraw Township, Mon State , Myanmar",057-86047,Mon State,active,,https://www.edge.com.mm/listing/kyaikmaraw-b-e-h-s-l00253164.html
MMR011003-BEHS01,Basic Education High School No. 1 Kyaukpyu (အမှတ် (1) အခြေခံပညာအထက်တန်းကျောင်း ကျောက်ဖြူ (အ.ထ.က 1 ကျောက်ဖြူ)),BEHS,Kyaukpyu,MMR011003,Rakhine State,MMR011,township,Taung Yin Ward,"Taung Yin Ward,, Kyauk Phyu Township, Rakhine State , Myanmar","043-46043, 09-421722922",Rakhine State,active,,https://www.edge.com.mm/listing/kyauk-phyu-b-e-h-s-1-l00256956.html
MMR011003-BEHS02,Basic Education High School No. 2 Kyaukpyu (အမှတ် (2) အခြေခံပညာအထက်တန်းကျောင်း ကျောက်ဖြူ (အ.ထ.က 2 ကျောက်ဖြူ)),BEHS,Kyaukpyu,MMR011003,Rakhine State,MMR011,township,Rakhine Pike Seik Ward,"Yone Tet St., Rakhine Pike Seik Ward,, Kyauk Phyu Township, Rakhine State , Myanmar","043-46047, 09-49322828",Rakhine State,active,,https://www.edge.com.mm/listing/kyauk-phyu-b-e-h-s-2-l00256965.html
MMR011003-BEHS03,Basic Education High School No. 3 Kyaukpyu (အမှတ် (3) အခြေခံပညာအထက်တန်းကျောင်း ကျောက်ဖြူ (အ.ထ.က 3 ကျောက်ဖြူ)),BEHS,Kyaukpyu,MMR011003,Rakhine State,MMR011,township,Ah Soe Ya Ward,"Bogyoke Rd., Ah Soe Ya Ward,, Kyauk Phyu Township, Rakhine State , Myanmar",09-250757675,Rakhine State,active,,https://www.edge.com.mm/listing/kyauk-phyu-b-e-h-s-3-l00256976.html
MMR011003-BEMS02,Basic Education Middle School No. 2 Kyaukpyu (အမှတ် (2) အခြေခံပညာအလယ်တန်းကျောင်း ကျောက်ဖြူ (အ.လ.က 2 ကျောက်ဖြူ)),BEMS,Kyaukpyu,MMR011003,Rakhine State,MMR011,township,Ah Lel Paing Ward,"Bogyoke Rd., Ah Lel Paing Ward,, Kyauk Phyu Township, Rakhine State , Myanmar","09-421758253, 09-964758253",Rakhine State,active,,https://www.edge.com.mm/listing/kyauk-phyu-b-e-m-s-2-l00256968.html
MMR011003-BEMS04,Basic Education Middle School No. 4 Kyaukpyu (အမှတ် (4) အခြေခံပညာအလယ်တန်းကျောင်း ကျောက်ဖြူ (အ.လ.က 4 ကျောက်ဖြူ)),BEMS,Kyaukpyu,MMR011003,Rakhine State,MMR011,township,Ah Soe Ya Ward,"Bogyoke Rd., Ah Soe Ya Ward,, Kyauk Phyu Township, Rakhine State , Myanmar",09-421729943,Rakhine State,active,,https://www.edge.com.mm/listing/kyauk-phyu-b-e-m-s-4-l00256972.html
MMR013038-BEHS01,Basic Education High School No. 1 Kyauktan (အမှတ် (1) အခြေခံပညာအထက်တန်းကျောင်း ကျောက်တန်း (အ.ထ.က 1 ကျောက်တန်း)),BEHS,Kyauktan,MMR013038,Yangon Region,MMR013,township,,"Shwe Nyaung Pin St., San Chain Hmi,, Kyauk Tan Township, Yangon , Myanmar",056-25368,Yangon,active,,https://www.edge.com.mm/listing/kyauk-tan-b-e-h-s-1-l00254339.html
MMR013038-BEHS02,Basic Education High School No. 2 Kyauktan (အမှတ် (2) အခြေခံပညာအထက်တန်းကျောင်း ကျောက်တန်း (အ.ထ.က 2 ကျောက်တန်း)),BEHS,Kyauktan,MMR013038,Yangon Region,MMR013,township,Sin Kan Ward,"Sin Kan St., Sin Kan Ward,, Kyauk Tan Township, Yangon , Myanmar",056-25365,Yangon,active,,https://www.edge.com.mm/listing/kyauk-tan-b-e-h-s-2-l00254342.html
MMR013038-BEMS01,Basic Education Middle School Kyauktan (အခြေခံပညာအလယ်တန်းကျောင်း ကျောက်တန်း),BEMS,Kyauktan,MMR013038,Yangon Region,MMR013,township,Ah Lel Pine Ward,"Min Kyaung St., Ah Lel Pine Ward,, Kyauk Tan Township, Yangon , Myanmar",056-25360,Yangon,active,,https://www.edge.com.mm/listing/kyauk-tan-b-e-m-s-myoma-l00254347.html
MMR011004-BEHS01,Basic Education High School Kyauktaw (အခြေခံပညာအထက်တန်းကျောင်း ကျောက်တော်),BEHS,Kyauktaw,MMR011004,Rakhine State,MMR011,township,Pyi Taw Thar Ward,"Mahar Pyin Nyar Kyaw St., Pyi Taw Thar Ward,, Kyauk Taw Township, Rakhine State , Myanmar",043-70134,Rakhine State,active,,https://www.edge.com.mm/listing/kyauk-taw-b-e-h-s-l00257129.html
MMR011004-BEMS01,Basic Education Middle School Kyauktaw (အခြေခံပညာအလယ်တန်းကျောင်း ကျောက်တော်),BEMS,Kyauktaw,MMR011004,Rakhine State,MMR011,township,Myoh Thit Ward,"U Aung Zan Wai St., Myoh Thit Ward,, Kyauk Taw Township, Rakhine State , Myanmar",,Rakhine State,active,,https://www.edge.com.mm/listing/kyauk-taw-b-e-m-s-l00257130.html
MMR013004-BEHS01,Basic Education High School Kyauktada (အခြေခံပညာအထက်တန်းကျောင်း ကျောက်တံတား),BEHS,Kyauktada,MMR013004,Yangon Region,MMR013,township,,"281/283, Bogyoke Aung San Rd.,, Kyauktada Township, Yangon , Myanmar",01-376710,Yangon,active,,https://www.edge.com.mm/listing/kyauktada-b-e-h-s-l52846.html
MMR013004-BEMS01,Basic Education Middle School Kyauktada (အခြေခံပညာအလယ်တန်းကျောင်း ကျောက်တံတား),BEMS,Kyauktada,MMR013004,Yangon Region,MMR013,township,,"153/A, 39th St., Upper Middle Block,, Kyauktada Township, Yangon , Myanmar","01-382721, 09-689741753",Yangon,active,,https://www.edge.com.mm/listing/kyauktada-b-e-m-s-l52847.html
MMR013004-BEPS01,Basic Education Primary School No. 1 Kyauktada (အမှတ် (1) အခြေခံပညာမူလတန်းကျောင်း ကျောက်တံတား (အ.မ.က 1 ကျောက်တံတား)),BEPS,Kyauktada,MMR013004,Yangon Region,MMR013,township,,"192/194, Maha Bandoola Garden St., Upper Middle Block,, Kyauktada Township, Yangon , Myanmar",09-448043292,Yangon,active,,https://www.edge.com.mm/listing/kyauktada-b-e-p-s-1-l00323809.html
MMR013004-BEPS02,Basic Education Primary School No. 2 Kyauktada (အမှတ် (2) အခြေခံပညာမူလတန်းကျောင်း ကျောက်တံတား (အ.မ.က 2 ကျောက်တံတား)),BEPS,Kyauktada,MMR013004,Yangon Region,MMR013,township,,"255/257/266/261, Seik Kan Thar St., Upper Block,, Kyauktada Township, Yangon , Myanmar",09-799886360,Yangon,active,,https://www.edge.com.mm/listing/kyauktada-b-e-p-s-2-l00323810.html
MMR013004-BEPS04,Basic Education Primary School No. 4 Kyauktada (အမှတ် (4) အခြေခံပညာမူလတန်းကျောင်း ကျောက်တံတား (အ.မ.က 4 ကျောက်တံတား)),BEPS,Kyauktada,MMR013004,Yangon Region,MMR013,township,,"301/304, Maha Bandoola Garden St., Upper Block,, Kyauktada Township, Yangon , Myanmar","01-375660, 09-421039919",Yangon,active,,https://www.edge.com.mm/listing/kyauktada-b-e-p-s-4-l52861.html
MMR013004-BEPS05,Basic Education Primary School No. 5 Kyauktada (အမှတ် (5) အခြေခံပညာမူလတန်းကျောင်း ကျောက်တံတား (အ.မ.က 5 ကျောက်တံတား)),BEPS,Kyauktada,MMR013004,Yangon Region,MMR013,township,,"200/204, Pansoedan St., Upper Middle Block,, Kyauktada Township, Yangon , Myanmar","01-381713, 09-250080594",Yangon,active,,https://www.edge.com.mm/listing/kyauktada-b-e-p-s-5-l52862.html
MMR013004-BEPS06,Basic Education Primary School No. 6 Kyauktada (အမှတ် (6) အခြေခံပညာမူလတန်းကျောင်း ကျောက်တံတား (အ.မ.က 6 ကျောက်တံတား)),BEPS,Kyauktada,MMR013004,Yangon Region,MMR013,township,,"197, Pansoedan St., Upper Middle Block,, Kyauktada Township, Yangon , Myanmar","01-379084, 09-254326572",Yangon,active,,https://www.edge.com.mm/listing/kyauktada-b-e-p-s-6-l00323812.html
MMR013030-BEHS01,Basic Education High School No. 1 Kyimyindaing (အမှတ် (1) အခြေခံပညာအထက်တန်းကျောင်း ကြည့်မြင်တိုင် (အ.ထ.က 1 ကြည့်မြင်တိုင်)),BEHS,Kyimyindaing,MMR013030,Yangon Region,MMR013,township,Bawga Ward,"60, Bargayar Rd., Bawga Ward,, Kyeemyindaing Township, Yangon , Myanmar","01-220362, 09-448050164",Yangon,active,,https://www.edge.com.mm/listing/kyee-myin-daing-b-e-h-s-1-l28577.html
MMR013030-BEHS02,Basic Education High School No. 2 Kyimyindaing (အမှတ် (2) အခြေခံပညာအထက်တန်းကျောင်း ကြည့်မြင်တိုင် (အ.ထ.က 2 ကြည့်မြင်တိုင်)),BEHS,Kyimyindaing,MMR013030,Yangon Region,MMR013,township,Say Yoe Dan/Nyein Chan Yae Ward,"40, Htee Dan St., Say Yoe Dan/Nyein Chan Yae Ward,, Kyeemyindaing Township, Yangon , Myanmar","01-220431, 09-785038254",Yangon,active,,https://www.edge.com.mm/listing/kyee-myin-daing-b-e-h-s-2-l00328831.html
MMR013030-BEHS03,Basic Education High School No. 3 Kyimyindaing (အမှတ် (3) အခြေခံပညာအထက်တန်းကျောင်း ကြည့်မြင်တိုင် (အ.ထ.က 3 ကြည့်မြင်တိုင်)),BEHS,Kyimyindaing,MMR013030,Yangon Region,MMR013,township,Thida Ward,"Lower Kyee Myin Daing Rd., Thida Ward,, Kyeemyindaing Township, Yangon , Myanmar","01-220380, 09-30356861, 09-420150450",Yangon,active,,https://www.edge.com.mm/listing/kyee-myin-daing-b-e-h-s-3-l28579.html
MMR013030-BEHS04,Basic Education High School No. 4 Kyimyindaing (အမှတ် (4) အခြေခံပညာအထက်တန်းကျောင်း ကြည့်မြင်တိုင် (အ.ထ.က 4 ကြည့်မြင်တိုင်)),BEHS,Kyimyindaing,MMR013030,Yangon Region,MMR013,township,Kayin Ah Myoe Thar Ward,"19, U Kyaw Dun Zan St., Kayin Ah Myoe Thar Ward,, Kyeemyindaing Township, Yangon , Myanmar","01-220408, 09-454822828",Yangon,active,,https://www.edge.com.mm/listing/kyee-myin-daing-b-e-h-s-4-l00328916.html
MMR013030-BEHS05,Basic Education High School No. 5 Kyimyindaing (အမှတ် (5) အခြေခံပညာအထက်တန်းကျောင်း ကြည့်မြင်တိုင် (အ.ထ.က 5 ကြည့်မြင်တိုင်)),BEHS,Kyimyindaing,MMR013030,Yangon Region,MMR013,township,Ma Gyee Dan (North-East) Ward,"Upper Kyee Myin Daing Rd., Corner of Nat Sin St., Ma Gyee Dan (North-East) Ward,, Kyeemyindaing Township, Yangon , Myanmar","09-795285385, 01-93170848",Yangon,active,,https://www.edge.com.mm/listing/kyee-myin-daing-b-e-h-s-5-l28769.html
MMR013030-BEHS06,Basic Education High School No. 6 Kyimyindaing (အမှတ် (6) အခြေခံပညာအထက်တန်းကျောင်း ကြည့်မြင်တိုင် (အ.ထ.က 6 ကြည့်မြင်တိုင်)),BEHS,Kyimyindaing,MMR013030,Yangon Region,MMR013,township,Aye Ywar Balote Nyunt Set Kalay Ward,"Shwe Wah Phuu St., Aye Ywar Balote Nyunt Set Kalay Ward,, Kyeemyindaing Township, Yangon , Myanmar","09-795372547, 09-5070326",Yangon,active,,https://www.edge.com.mm/listing/kyee-myin-daing-b-e-h-s-6-l29963.html
MMR013030-BEMS01,Basic Education Middle School No. 1 Kyimyindaing (အမှတ် (1) အခြေခံပညာအလယ်တန်းကျောင်း ကြည့်မြင်တိုင် (အ.လ.က 1 ကြည့်မြင်တိုင်)),BEMS,Kyimyindaing,MMR013030,Yangon Region,MMR013,township,Seik Gyi/U Mya/Nga Sin Ward,"Thura St., Seik Gyi/U Mya/Nga Sin Ward,, Kyeemyindaing Township, Yangon , Myanmar",09-761924090,Yangon,active,,https://www.edge.com.mm/listing/kyee-myin-daing-b-e-m-s-1-l29962.html
MMR013030-BEMS02,Basic Education Middle School No. 2 Kyimyindaing (အမှတ် (2) အခြေခံပညာအလယ်တန်းကျောင်း ကြည့်မြင်တိုင် (အ.လ.က 2 ကြည့်မြင်တိုင်)),BEMS,Kyimyindaing,MMR013030,Yangon Region,MMR013,township,Thar Du (West) Ward,"39/41, Thardu St., Thar Du (West) Ward,, Kyeemyindaing Township, Yangon , Myanmar","01-536862, 09-420523177",Yangon,active,,https://www.edge.com.mm/listing/kyee-myin-daing-b-e-m-s-2-l28770.html
MMR013030-BEMS03,Basic Education Middle School No. 3 Kyimyindaing (အမှတ် (3) အခြေခံပညာအလယ်တန်းကျောင်း ကြည့်မြင်တိုင် (အ.လ.က 3 ကြည့်မြင်တိုင်)),BEMS,Kyimyindaing,MMR013030,Yangon Region,MMR013,township,Set Sann Auk Yon Ahlat Chaung Ward,"Thiha Bala St., Set Sann Auk Yon Ahlat Chaung Ward,, Kyeemyindaing Township, Yangon , Myanmar","09-5057103, 09-795295468",Yangon,active,,https://www.edge.com.mm/listing/kyee-myin-daing-b-e-m-s-3-l00271661.html
MMR013030-BEMS03-1,Basic Education Middle School No. 3 Kyimyindaing (အမှတ် (3) အခြေခံပညာအလယ်တန်းကျောင်း ကြည့်မြင်တိုင် (အ.လ.က 3 ကြည့်မြင်တိုင်)),BEMS,Kyimyindaing,MMR013030,Yangon Region,MMR013,township,Set Sann Auk Yon Ahlat Chaung Ward,"Kyaung St., Set Sann Auk Yon Ahlat Chaung Ward,, Kyeemyindaing Township, Yangon , Myanmar","09-5057103, 09-795295468",Yangon,active,,https://www.edge.com.mm/listing/kyee-myin-daing-b-e-m-s-3-l29927.html
MMR013030-BEMS04,Basic Education Middle School No. 4 Kyimyindaing (အမှတ် (4) အခြေခံပညာအလယ်တန်းကျောင်း ကြည့်မြင်တိုင် (အ.လ.က 4 ကြည့်မြင်တိုင်)),BEMS,Kyimyindaing,MMR013030,Yangon Region,MMR013,township,Zay Gyi (East) Ward,"100, Upper Kyee Myin Daing Rd., Corner of Zay Gyi St., Zay Gyi (East) Ward,, Kyeemyindaing Township, Yangon , Myanmar","01-525047, 09-250063881, 09-979657873",Yangon,active,,https://www.edge.com.mm/listing/kyee-myin-daing-b-e-m-s-4-l28796.html
MMR013030-BEMS-BR01,Basic Education Middle School (Branch) Kyimyindaing (အခြေခံပညာအလယ်တန်းကျောင်း (ခွဲ) ကြည့်မြင်တိုင်),BEMS-BR,Kyimyindaing,MMR013030,Yangon Region,MMR013,township,Wah Yon Seik/Aye Ywar (West) Ward,"Wah Yon Seik/Aye Ywar (West) Ward,, Kyeemyindaing Township, Yangon , Myanmar","09-788477227, 09-779877859",Yangon,active,,https://www.edge.com.mm/listing/kyee-myin-daing-b-e-m-s-wah-yon-seik-branch-l92145.html
MMR013030-BEPS10,Basic Education Primary School No. 10 Kyimyindaing (အမှတ် (10) အခြေခံပညာမူလတန်းကျောင်း ကြည့်မြင်တိုင် (အ.မ.က 10 ကြည့်မြင်တိုင်)),BEPS,Kyimyindaing,MMR013030,Yangon Region,MMR013,township,Pann Hlaing Housing,"Pan Hlaing St., Pann Hlaing Housing, Pann Hlaing Ward,, Kyeemyindaing Township, Yangon , Myanmar","09-5173025, 09-690606952",Yangon,active,,https://www.edge.com.mm/listing/kyee-myin-daing-b-e-p-s-10-l29920.html
MMR013030-BEPS13,Basic Education Primary School No. 13 Kyimyindaing (အမှတ် (13) အခြေခံပညာမူလတန်းကျောင်း ကြည့်မြင်တိုင် (အ.မ.က 13 ကြည့်မြင်တိုင်)),BEPS,Kyimyindaing,MMR013030,Yangon Region,MMR013,township,Aye Ywar Balote Nyunt Set Kalay Ward,"U Maung Maung St., Aye Ywar Balote Nyunt Set Kalay Ward,, Kyeemyindaing Township, Yangon , Myanmar",09-5412971,Yangon,active,,https://www.edge.com.mm/listing/kyee-myin-daing-b-e-p-s-13-l29921.html
MMR013030-BEPS14,Basic Education Primary School No. 14 Kyimyindaing (အမှတ် (14) အခြေခံပညာမူလတန်းကျောင်း ကြည့်မြင်တိုင် (အ.မ.က 14 ကြည့်မြင်တိုင်)),BEPS,Kyimyindaing,MMR013030,Yangon Region,MMR013,township,Aye Ywar Balote Nyunt Set Kalay Ward,"Thandar St., Aye Ywar Balote Nyunt Set Kalay Ward,, Kyeemyindaing Township, Yangon , Myanmar","09-799328288, 09-775639769",Yangon,active,,https://www.edge.com.mm/listing/kyee-myin-daing-b-e-p-s-14-l29926.html
MMR013030-BEPS16,Basic Education Primary School No. 16 Kyimyindaing (အမှတ် (16) အခြေခံပညာမူလတန်းကျောင်း ကြည့်မြင်တိုင် (အ.မ.က 16 ကြည့်မြင်တိုင်)),BEPS,Kyimyindaing,MMR013030,Yangon Region,MMR013,township,Seik Gyi/U Mya/Nga Sin Ward,"Myintzu St., Seik Gyi/U Mya/Nga Sin Ward,, Kyeemyindaing Township, Yangon , Myanmar","09-788222763, 09-683376016",Yangon,active,,https://www.edge.com.mm/listing/kyee-myin-daing-b-e-p-s-16-l29928.html
MMR013030-BEPS17,Basic Education Primary School No. 17 Kyimyindaing (အမှတ် (17) အခြေခံပညာမူလတန်းကျောင်း ကြည့်မြင်တိုင် (အ.မ.က 17 ကြည့်မြင်တိုင်)),BEPS,Kyimyindaing,MMR013030,Yangon Region,MMR013,township,Set Sann Auk Yon Ahlat Chaung Ward,"Min Mahaw St., Set Sann Auk Yon Ahlat Chaung Ward,, Kyeemyindaing Township, Yangon , Myanmar",09-799328288,Yangon,active,,https://www.edge.com.mm/listing/kyee-myin-daing-b-e-p-s-17-l29943.html
MMR013030-BEPS01,Basic Education Primary School No. 1 Kyimyindaing (အမှတ် (1) အခြေခံပညာမူလတန်းကျောင်း ကြည့်မြင်တိုင် (အ.မ.က 1 ကြည့်မြင်တိုင်)),BEPS,Kyimyindaing,MMR013030,Yangon Region,MMR013,township,Thayet Taw (North) Ward,"46/56, Hanthawaddy Rd., Thayet Taw (North) Ward,, Kyeemyindaing Township, Yangon , Myanmar","09-252859714, 01-537543, 09-788474227",Yangon,active,,https://www.edge.com.mm/listing/kyee-myin-daing-b-e-p-s-1-l28797.html
MMR013030-BEPS02,Basic Education Primary School No. 2 Kyimyindaing (အမှတ် (2) အခြေခံပညာမူလတန်းကျောင်း ကြည့်မြင်တိုင် (အ.မ.က 2 ကြည့်မြင်တိုင်)),BEPS,Kyimyindaing,MMR013030,Yangon Region,MMR013,township,Thayet Taw (South) Ward,"62, Thayet Taw 2nd St., Thayet Taw (South) Ward,, Kyeemyindaing Township, Yangon , Myanmar","01-537863, 09-792821373, 09-420097527",Yangon,active,,https://www.edge.com.mm/listing/kyee-myin-daing-b-e-p-s-2-l28798.html
MMR013030-BEPS04,Basic Education Primary School No. 4 Kyimyindaing (အမှတ် (4) အခြေခံပညာမူလတန်းကျောင်း ကြည့်မြင်တိုင် (အ.မ.က 4 ကြည့်မြင်တိုင်)),BEPS,Kyimyindaing,MMR013030,Yangon Region,MMR013,township,Ma Gyee Dan (North-West) Ward,"Nat Sin St., Infront Of Baho San Pya Fish Market, Ma Gyee Dan (North-West) Ward,, Kyeemyindaing Township, Yangon , Myanmar","01-537962, 09-773169296",Yangon,active,,https://www.edge.com.mm/listing/kyee-myin-daing-b-e-p-s-4-l00329239.html
MMR013030-BEPS05,Basic Education Primary School No. 5 Kyimyindaing (အမှတ် (5) အခြေခံပညာမူလတန်းကျောင်း ကြည့်မြင်တိုင် (အ.မ.က 5 ကြည့်မြင်တိုင်)),BEPS,Kyimyindaing,MMR013030,Yangon Region,MMR013,township,Ma Gyee Dan (South-West) Ward,"20/23, U Kywel Hoe St., Ma Gyee Dan (South-West) Ward,, Kyeemyindaing Township, Yangon , Myanmar","09-799684866, 01-9317722, 09-777334546",Yangon,active,,https://www.edge.com.mm/listing/kyee-myin-daing-b-e-p-s-5-l29454.html
MMR013030-BEPS06,Basic Education Primary School No. 6 Kyimyindaing (အမှတ် (6) အခြေခံပညာမူလတန်းကျောင်း ကြည့်မြင်တိုင် (အ.မ.က 6 ကြည့်မြင်တိုင်)),BEPS,Kyimyindaing,MMR013030,Yangon Region,MMR013,township,Oh Bo Ward,"Tasaung Gyee St., Oh Bo Ward,, Kyeemyindaing Township, Yangon , Myanmar","01-9317723, 09-264557788",Yangon,active,,https://www.edge.com.mm/listing/kyee-myin-daing-b-e-p-s-6-l29455.html
MMR013030-BEPS07,Basic Education Primary School No. 7 Kyimyindaing (အမှတ် (7) အခြေခံပညာမူလတန်းကျောင်း ကြည့်မြင်တိုင် (အ.မ.က 7 ကြည့်မြင်တိုင်)),BEPS,Kyimyindaing,MMR013030,Yangon Region,MMR013,township,Set Sann Auk Yon Ahlat Chaung Ward,"Min Mahaw St., Set Sann Auk Yon Ahlat Chaung Ward,, Kyeemyindaing Township, Yangon , Myanmar","09-5082725, 09-795037830",Yangon,active,,https://www.edge.com.mm/listing/kyee-myin-daing-b-e-p-s-7-l29635.html
MMR013030-BEPS09,Basic Education Primary School No. 9 Kyimyindaing (အမှတ် (9) အခြေခံပညာမူလတန်းကျောင်း ကြည့်မြင်တိုင် (အ.မ.က 9 ကြည့်မြင်တိုင်)),BEPS,Kyimyindaing,MMR013030,Yangon Region,MMR013,township,Pann Hlaing Ward,"109, Htee Dan St., Pann Hlaing Ward,, Kyeemyindaing Township, Yangon , Myanmar",09-448041520,Yangon,active,,https://www.edge.com.mm/listing/kyee-myin-daing-b-e-p-s-9-l29919.html
MMR007004-BEHS01,Basic Education High School Gyobingauk (အခြေခံပညာအထက်တန်းကျောင်း ကြို့ပင်ကောက်),BEHS,Gyobingauk,MMR007004,Bago Region,MMR007,township,Zay Cho South Ward,"Min Khaung Kyaung St., Zay Cho South Ward,, Gyobingauk Township, Bago , Myanmar",053-50325,Bago,active,,https://www.edge.com.mm/listing/kyoe-pin-kauk-b-e-h-s-l00253299.html
MMR007004-BEHS02,Basic Education High School Gyobingauk (အခြေခံပညာအထက်တန်းကျောင်း ကြို့ပင်ကောက်),BEHS,Gyobingauk,MMR007004,Bago Region,MMR007,township,West North Ward,"Bayint Naung St., West North Ward,, Gyobingauk Township, Bago , Myanmar",053-50481,Bago,active,,https://www.edge.com.mm/listing/kyoe-pin-kauk-b-e-h-s-bayint-naung-l00253305.html
MMR010006-BEHS03,Basic Education High School No. 3 Thaton (အမှတ် (3) အခြေခံပညာအထက်တန်းကျောင်း သထုံ (အ.ထ.က 3 သထုံ)),BEHS,Thaton,MMR010006,Mon State,MMR010,township,Out Kyin Ward,"Butar St., Out Kyin Ward,, Tha Hton Township, Mon State , Myanmar",057-40410,Mon State,active,,https://www.edge.com.mm/listing/kyone-pyaw-b-e-h-s-3-l00254132.html
MMR017005-BEHS01,Basic Education High School No. 1 Labutta (အမှတ် (1) အခြေခံပညာအထက်တန်းကျောင်း လပွတ္တာ (အ.ထ.က 1 လပွတ္တာ)),BEHS,Labutta,MMR017005,Ayeyarwady Region,MMR017,township,Ward(5),"Thate Pan St., Ward(5),, Labutta Township, Ayeyawady , Myanmar","042-80606, 09-263759615, 09-773419676",Ayeyawady,active,,https://www.edge.com.mm/listing/labutta-b-e-h-s-1-l00254679.html
MMR017005-BEHS02,Basic Education High School No. 2 Labutta (အမှတ် (2) အခြေခံပညာအထက်တန်းကျောင်း လပွတ္တာ (အ.ထ.က 2 လပွတ္တာ)),BEHS,Labutta,MMR017005,Ayeyarwady Region,MMR017,township,Ward(6),"Pagoda St., Ward(6),, Labutta Township, Ayeyawady , Myanmar","042-80607, 09-766429062",Ayeyawady,active,,https://www.edge.com.mm/listing/labutta-b-e-h-s-2-l00254682.html
MMR017005-BEHS-BR01,Basic Education High School (Branch) Labutta (အခြေခံပညာအထက်တန်းကျောင်း (ခွဲ) လပွတ္တာ),BEHS-BR,Labutta,MMR017005,Ayeyarwady Region,MMR017,township,Ward(3),"Gandamar St., Ward(3),, Labutta Township, Ayeyawady , Myanmar",042-80686,Ayeyawady,active,,https://www.edge.com.mm/listing/labutta-b-e-h-s-branch-l00254689.html
MMR017005-BEHS-BR02,Basic Education High School (Branch) Labutta (အခြေခံပညာအထက်တန်းကျောင်း (ခွဲ) လပွတ္တာ),BEHS-BR,Labutta,MMR017005,Ayeyarwady Region,MMR017,township,,"Thapyay St. , 3 Miles Myoe Thit,, Labutta Township, Ayeyawady , Myanmar",09-250447544,Ayeyawady,active,,https://www.edge.com.mm/listing/labutta-b-e-h-s-branch-thone-mile-l00254686.html
MMR017005-BEHS03,Basic Education High School Labutta (အခြေခံပညာအထက်တန်းကျောင်း လပွတ္တာ),BEHS,Labutta,MMR017005,Ayeyarwady Region,MMR017,township,Kan Bat Village,"Kan Bat Village,, Labutta Township, Ayeyawady , Myanmar",09-782194063,Ayeyawady,active,,https://www.edge.com.mm/listing/labutta-b-e-h-s-kanbat-l00254690.html
MMR017005-BEMS-BR09,Basic Education Middle School (Branch) No. 9 Labutta (အမှတ် (9) အခြေခံပညာအလယ်တန်းကျောင်း (ခွဲ) လပွတ္တာ (အ.လ.က (ခွဲ) 9 လပွတ္တာ)),BEMS-BR,Labutta,MMR017005,Ayeyarwady Region,MMR017,township,Ward(9),"Aung Theikdi St., Ward(9),, Labutta Township, Ayeyawady , Myanmar",042-80709,Ayeyawady,active,,https://www.edge.com.mm/listing/labutta-b-e-m-s-branch-9-l00254706.html
MMR017005-PV01,Labutta B.E.P.P.S [10],PV,Labutta,MMR017005,Ayeyarwady Region,MMR017,township,Ward(8),"Laputta-Myaung Mya St., Ward(8),, Labutta Township, Ayeyawady , Myanmar","09-425279312, 09-422451108",Ayeyawady,active,,https://www.edge.com.mm/listing/labutta-b-e-p-p-s-10-l00254676.html
MMR017005-PV02,Labutta B.E.P.P.S [1],PV,Labutta,MMR017005,Ayeyarwady Region,MMR017,township,Ward(1),"Si Pin Tharyar St., Ward(1),, Labutta Township, Ayeyawady , Myanmar",042-80705,Ayeyawady,active,,https://www.edge.com.mm/listing/labutta-b-e-p-p-s-1-l00254658.html
MMR017005-BEPS02,Basic Education Primary School No. 2 Labutta (အမှတ် (2) အခြေခံပညာမူလတန်းကျောင်း လပွတ္တာ (အ.မ.က 2 လပွတ္တာ)),BEPS,Labutta,MMR017005,Ayeyarwady Region,MMR017,township,Ward [2],"Nate Ban St., Ward [2],, Labutta Township, Ayeyawady , Myanmar",09-261197240,Ayeyawady,active,,https://www.edge.com.mm/listing/labutta-b-e-p-s-2-l00254663.html
MMR017005-BEPS04,Basic Education Primary School No. 4 Labutta (အမှတ် (4) အခြေခံပညာမူလတန်းကျောင်း လပွတ္တာ (အ.မ.က 4 လပွတ္တာ)),BEPS,Labutta,MMR017005,Ayeyarwady Region,MMR017,township,Ward(9),"Myot Patt St., Ward(9),, Labutta Township, Ayeyawady , Myanmar",042-80706,Ayeyawady,active,,https://www.edge.com.mm/listing/labutta-b-e-p-s-4-l00254668.html
MMR017005-BEPS05,Basic Education Primary School No. 5 Labutta (အမှတ် (5) အခြေခံပညာမူလတန်းကျောင်း လပွတ္တာ (အ.မ.က 5 လပွတ္တာ)),BEPS,Labutta,MMR017005,Ayeyarwady Region,MMR017,township,Ward(10),"Tapin Shwe Htee St., Ward(10),, Labutta Township, Ayeyawady , Myanmar",09-261513458,Ayeyawady,active,,https://www.edge.com.mm/listing/labutta-b-e-p-s-5-l00254693.html
MMR017005-BEPS06,Basic Education Primary School No. 6 Labutta (အမှတ် (6) အခြေခံပညာမူလတန်းကျောင်း လပွတ္တာ (အ.မ.က 6 လပွတ္တာ)),BEPS,Labutta,MMR017005,Ayeyarwady Region,MMR017,township,Ward(6),"Pagoda St., Ward(6),, Labutta Township, Ayeyawady , Myanmar",09-782080377,Ayeyawady,active,,https://www.edge.com.mm/listing/labutta-b-e-p-s-6-l00254696.html
MMR017005-BEPS07,Basic Education Primary School No. 7 Labutta (အမှတ် (7) အခြေခံပညာမူလတန်းကျောင်း လပွတ္တာ (အ.မ.က 7 လပွတ္တာ)),BEPS,Labutta,MMR017005,Ayeyarwady Region,MMR017,township,Ward(9),"Myot Patt St., Ward(9),, Labutta Township, Ayeyawady , Myanmar",042-80708,Ayeyawady,active,,https://www.edge.com.mm/listing/labutta-b-e-p-s-7-l00254673.html
MMR017005-BEPS08,Basic Education Primary School No. 8 Labutta (အမှတ် (8) အခြေခံပညာမူလတန်းကျောင်း လပွတ္တာ (အ.မ.က 8 လပွတ္တာ)),BEPS,Labutta,MMR017005,Ayeyarwady Region,MMR017,township,Ward(9),"Thidar St., Ward(9),, Labutta Township, Ayeyawady , Myanmar",09-250321918,Ayeyawady,active,,https://www.edge.com.mm/listing/labutta-b-e-p-s-8-l00254701.html
MMR013028-BEHS01,Basic Education High School No. 1 Lanmadaw (အမှတ် (1) အခြေခံပညာအထက်တန်းကျောင်း လမ်းမတော် (အ.ထ.က 1 လမ်းမတော်)),BEHS,Lanmadaw,MMR013028,Yangon Region,MMR013,township,,"120/140, Min Ye Kyaw Swar Rd.,, Lanmadaw Township, Yangon , Myanmar",09-421165875,Yangon,active,,https://www.edge.com.mm/listing/lanmadaw-b-e-h-s-1-l39788.html
MMR013028-BEHS02,Basic Education High School No. 2 Lanmadaw (အမှတ် (2) အခြေခံပညာအထက်တန်းကျောင်း လမ်းမတော် (အ.ထ.က 2 လမ်းမတော်)),BEHS,Lanmadaw,MMR013028,Yangon Region,MMR013,township,,"230/234, Anawrahta Rd.,, Lanmadaw Township, Yangon , Myanmar",01-222257,Yangon,active,,https://www.edge.com.mm/listing/lanmadaw-b-e-h-s-2-l00330547.html
MMR013028-BEMS01,Basic Education Middle School No. 1 Lanmadaw (အမှတ် (1) အခြေခံပညာအလယ်တန်းကျောင်း လမ်းမတော် (အ.လ.က 1 လမ်းမတော်)),BEMS,Lanmadaw,MMR013028,Yangon Region,MMR013,township,,"105/109, Lan Thit St., Upper Block,, Lanmadaw Township, Yangon , Myanmar",09-250075330,Yangon,active,,https://www.edge.com.mm/listing/lanmadaw-b-e-m-s-1-l39892.html
MMR013028-BEPS01,Basic Education Primary School No. 1 Lanmadaw (အမှတ် (1) အခြေခံပညာမူလတန်းကျောင်း လမ်းမတော် (အ.မ.က 1 လမ်းမတော်)),BEPS,Lanmadaw,MMR013028,Yangon Region,MMR013,township,,"161/163, Anawrahta Rd.,, Lanmadaw Township, Yangon , Myanmar",09-898833114,Yangon,active,,https://www.edge.com.mm/listing/lanmadaw-b-e-p-s-1-l40035.html
MMR013028-BEPS05,Basic Education Primary School No. 5 Lanmadaw (အမှတ် (5) အခြေခံပညာမူလတန်းကျောင်း လမ်းမတော် (အ.မ.က 5 လမ်းမတော်)),BEPS,Lanmadaw,MMR013028,Yangon Region,MMR013,township,,"20/B, Phoe Yarzar St.,, Lanmadaw Township, Yangon , Myanmar",09-420146049,Yangon,active,,https://www.edge.com.mm/listing/lanmadaw-b-e-p-s-5-l40051.html
MMR013028-BEPS06,Basic Education Primary School No. 6 Lanmadaw (အမှတ် (6) အခြေခံပညာမူလတန်းကျောင်း လမ်းမတော် (အ.မ.က 6 လမ်းမတော်)),BEPS,Lanmadaw,MMR013028,Yangon Region,MMR013,township,,"Lanmadaw St.,, Lanmadaw Township, Yangon , Myanmar",09-450005441,Yangon,active,,https://www.edge.com.mm/listing/lanmadaw-b-e-p-s-6-l00222312.html
MMR013028-BEPS07,Basic Education Primary School No. 7 Lanmadaw (အမှတ် (7) အခြေခံပညာမူလတန်းကျောင်း လမ်းမတော် (အ.မ.က 7 လမ်းမတော်)),BEPS,Lanmadaw,MMR013028,Yangon Region,MMR013,township,,"43/49, 3rd St.,, Lanmadaw Township, Yangon , Myanmar",09-795333726,Yangon,active,,https://www.edge.com.mm/listing/lanmadaw-b-e-p-s-7-l40053.html
MMR013029-BEHS01,Basic Education High School No. 1 Latha (အမှတ် (1) အခြေခံပညာအထက်တန်းကျောင်း လသာ (အ.ထ.က 1 လသာ)),BEHS,Latha,MMR013029,Yangon Region,MMR013,township,,"112, Bogyoke Aung San Rd.,, Latha Township, Yangon , Myanmar","01-374821, 01-378310, 01-240097, 09-5166546, 09-31120050",Yangon,active,,https://www.edge.com.mm/listing/latha-b-e-h-s-1-l44744.html
MMR013029-BEHS02,Basic Education High School No. 2 Latha (အမှတ် (2) အခြေခံပညာအထက်တန်းကျောင်း လသာ (အ.ထ.က 2 လသာ)),BEHS,Latha,MMR013029,Yangon Region,MMR013,township,,"112, Bogyoke Aung San Rd.,, Latha Township, Yangon , Myanmar","01-378446, 01-384218",Yangon,active,,https://www.edge.com.mm/listing/latha-b-e-h-s-2-l44745.html
MMR013029-BEMS01,Basic Education Middle School No. 1 Latha (အမှတ် (1) အခြေခံပညာအလယ်တန်းကျောင်း လသာ (အ.လ.က 1 လသာ)),BEMS,Latha,MMR013029,Yangon Region,MMR013,township,,"10, Bo Ywe St., Lower Block,, Latha Township, Yangon , Myanmar","01-388131, 09-420158410",Yangon,active,,https://www.edge.com.mm/listing/latha-b-e-m-s-1-l44746.html
MMR013029-BEPS01,Basic Education Primary School No. 1 Latha (အမှတ် (1) အခြေခံပညာမူလတန်းကျောင်း လသာ (အ.မ.က 1 လသာ)),BEPS,Latha,MMR013029,Yangon Region,MMR013,township,,"115, 18th St., Upper Block,, Latha Township, Yangon , Myanmar",01-251287,Yangon,active,,https://www.edge.com.mm/listing/latha-b-e-p-s-1-l00332098.html
MMR013029-BEPS02,Basic Education Primary School No. 2 Latha (အမှတ် (2) အခြေခံပညာမူလတန်းကျောင်း လသာ (အ.မ.က 2 လသာ)),BEPS,Latha,MMR013029,Yangon Region,MMR013,township,,"25, Anawrahta Rd.,, Latha Township, Yangon , Myanmar","01-395848, 09-448180831",Yangon,active,,https://www.edge.com.mm/listing/latha-b-e-p-s-2-l44749.html
MMR013029-BEPS03,Basic Education Primary School No. 3 Latha (အမှတ် (3) အခြေခံပညာမူလတန်းကျောင်း လသာ (အ.မ.က 3 လသာ)),BEPS,Latha,MMR013029,Yangon Region,MMR013,township,,"90/92/94, 20th St., Middle Block,, Latha Township, Yangon , Myanmar",09-250309381,Yangon,active,,https://www.edge.com.mm/listing/latha-b-e-p-s-3-l44753.html
MMR017006-BEHS01,Basic Education High School Lemyethna (အခြေခံပညာအထက်တန်းကျောင်း လေးမျက်နှာ),BEHS,Lemyethna,MMR017006,Ayeyarwady Region,MMR017,township,Ward (2),"Bogyoke Rd., Ward (2),, Lemyethna Township, Ayeyawady , Myanmar",044-48056,Ayeyawady,active,,https://www.edge.com.mm/listing/lay-myat-hnar-b-e-h-s-l00250646.html
MMR017006-BEMS01,Basic Education Middle School Lemyethna (အခြေခံပညာအလယ်တန်းကျောင်း လေးမျက်နှာ),BEMS,Lemyethna,MMR017006,Ayeyarwady Region,MMR017,township,Ward (4),"Bandoola St., Ward (4),, Lemyethna Township, Ayeyawady , Myanmar",044-48057,Ayeyawady,active,,https://www.edge.com.mm/listing/lay-myat-hnar-b-e-m-s-l00250577.html
MMR017006-BEPS01,Basic Education Primary School Lemyethna (အခြေခံပညာမူလတန်းကျောင်း လေးမျက်နှာ),BEPS,Lemyethna,MMR017006,Ayeyarwady Region,MMR017,township,Ward (3),"Ziwaka St., Ward (3),, Lemyethna Township, Ayeyawady , Myanmar","09-250228353, 044-48060",Ayeyawady,active,,https://www.edge.com.mm/listing/lay-myat-hnar-b-e-p-s-ah-nyar-tan-l00250620.html
MMR017006-BEPS02,Basic Education Primary School Lemyethna (အခြေခံပညာမူလတန်းကျောင်း လေးမျက်နှာ),BEPS,Lemyethna,MMR017006,Ayeyarwady Region,MMR017,township,Ward (1),"Lanmadaw St., Ward (1),, Lemyethna Township, Ayeyawady , Myanmar","044-48055, 09-254296443",Ayeyawady,active,,https://www.edge.com.mm/listing/lay-myat-hnar-b-e-p-s-kyi-taw-su-l00250575.html
MMR017006-BEPS03,Basic Education Primary School Lemyethna (အခြေခံပညာမူလတန်းကျောင်း လေးမျက်နှာ),BEPS,Lemyethna,MMR017006,Ayeyarwady Region,MMR017,township,Ward (4),"Bogyoke Rd., Ward (4),, Lemyethna Township, Ayeyawady , Myanmar",09-250119504,Ayeyawady,active,,https://www.edge.com.mm/listing/lay-myat-hnar-b-e-p-s-myint-kyoe-wa-l00250621.html
MMR017006-BEPS04,Basic Education Primary School Lemyethna (အခြေခံပညာမူလတန်းကျောင်း လေးမျက်နှာ),BEPS,Lemyethna,MMR017006,Ayeyarwady Region,MMR017,township,Ward (5),"Bogyoke Rd., Ward (5),, Lemyethna Township, Ayeyawady , Myanmar",09-451239682,Ayeyawady,active,,https://www.edge.com.mm/listing/lay-myat-hnar-b-e-p-s-myint-kyoe-l00250648.html
MMR018005-BEHS02,Basic Education High School No. 2 Lewe (အမှတ် (2) အခြေခံပညာအထက်တန်းကျောင်း လယ်ဝေး (အ.ထ.က 2 လယ်ဝေး)),BEHS,Lewe,MMR018005,Nay Pyi Taw Union Territory,MMR018,township,Ward(1),"Yangon-Mandalay Rd., Ward(1),, Lewe Township, Nay Pyi Taw , Myanmar",09-43035490,Nay Pyi Taw,active,,https://www.edge.com.mm/listing/lewe-b-e-h-s-2-l90874.html
MMR005002-INTL01,Little Dorith International Pre-School,INTL,Monywa,MMR005002,Sagaing Region,MMR005,township,Payar Gyi Ward,"Yay Main St., Payar Gyi Ward,, Monywa Township, Sagaing , Myanmar",09-959100525,Sagaing,active,,https://www.edge.com.mm/listing/little-dorith-international-pre-school-u25246657.html
MMR009003-BEHS13,Basic Education High School No. 13 Mahaaungmyay (အမှတ် (13) အခြေခံပညာအထက်တန်းကျောင်း မဟာအောင်မြေ (အ.ထ.က 13 မဟာအောင်မြေ)),BEHS,Mahaaungmyay,MMR009003,Mandalay Region,MMR009,township,,"82th St., Between 36th St. and 37th St., Yadana Bonmi East,, Maha Aung Myay Township, Mandalay , Myanmar","02-4063400, 02-4039782, 09-43040527",Mandalay,active,,https://www.edge.com.mm/listing/maha-aung-myay-b-e-h-s-13-u246026.html
MMR009003-BEHS24,Basic Education High School No. 24 Mahaaungmyay (အမှတ် (24) အခြေခံပညာအထက်တန်းကျောင်း မဟာအောင်မြေ (အ.ထ.က 24 မဟာအောင်မြေ)),BEHS,Mahaaungmyay,MMR009003,Mandalay Region,MMR009,township,Thu Ye Kyaw Ward,"41th St., Thu Ye Kyaw Ward, Sein Pan,, Maha Aung Myay Township, Mandalay , Myanmar","02-4064558, 09-2131420",Mandalay,active,,https://www.edge.com.mm/listing/maha-aung-myay-b-e-h-s-24-u246017.html
MMR009003-BEHS-BR27,Basic Education High School (Branch) No. 27 Mahaaungmyay (အမှတ် (27) အခြေခံပညာအထက်တန်းကျောင်း (ခွဲ) မဟာအောင်မြေ (အ.ထ.က (ခွဲ) 27 မဟာအောင်မြေ)),BEHS-BR,Mahaaungmyay,MMR009003,Mandalay Region,MMR009,township,,"35th St., Between 55th St. and 56th St., Ye Mon Taung,, Maha Aung Myay Township, Mandalay , Myanmar",09-2023697,Mandalay,active,,https://www.edge.com.mm/listing/maha-aung-myay-b-e-h-s-27-branch-u212350.html
MMR009003-BEHS03,Basic Education High School No. 3 Mahaaungmyay (အမှတ် (3) အခြေခံပညာအထက်တန်းကျောင်း မဟာအောင်မြေ (အ.ထ.က 3 မဟာအောင်မြေ)),BEHS,Mahaaungmyay,MMR009003,Mandalay Region,MMR009,township,,"76th St., Between 35th St. and 36th St., Set Kyar Nwe Sin,, Maha Aung Myay Township, Mandalay , Myanmar",09-794711510,Mandalay,active,,https://www.edge.com.mm/listing/maha-aung-myay-b-e-h-s-3-u246020.html
MMR009003-BEHS-BR08,Basic Education High School (Branch) No. 8 Mahaaungmyay (အမှတ် (8) အခြေခံပညာအထက်တန်းကျောင်း (ခွဲ) မဟာအောင်မြေ (အ.ထ.က (ခွဲ) 8 မဟာအောင်မြေ)),BEHS-BR,Mahaaungmyay,MMR009003,Mandalay Region,MMR009,township,,"86th St., Between 40th St. and 41th St., Day Wun East,, Maha Aung Myay Township, Mandalay , Myanmar","02-4021069, 09-402576760",Mandalay,active,,https://www.edge.com.mm/listing/maha-aung-myay-b-e-h-s-8-branch-u246029.html
MMR009003-BEMS12,Basic Education Middle School No. 12 Mahaaungmyay (အမှတ် (12) အခြေခံပညာအလယ်တန်းကျောင်း မဟာအောင်မြေ (အ.လ.က 12 မဟာအောင်မြေ)),BEMS,Mahaaungmyay,MMR009003,Mandalay Region,MMR009,township,,"41th St., Between 71th St. and 72th St., North Mandalay University, Maha Nwe Sin,, Maha Aung Myay Township, Mandalay , Myanmar","02-4021072, 09-402741338",Mandalay,active,,https://www.edge.com.mm/listing/maha-aung-myay-b-e-m-s-12-u246006.html
MMR009003-BEMS15,Basic Education Middle School No. 15 Mahaaungmyay (အမှတ် (15) အခြေခံပညာအလယ်တန်းကျောင်း မဟာအောင်မြေ (အ.လ.က 15 မဟာအောင်မြေ)),BEMS,Mahaaungmyay,MMR009003,Mandalay Region,MMR009,township,,"38th St., Between 82th St. and 83th St., Mahar Aung Myay West,, Maha Aung Myay Township, Mandalay , Myanmar",09-444036584,Mandalay,active,,https://www.edge.com.mm/listing/maha-aung-myay-b-e-m-s-15-u246015.html
MMR009003-BEMS-BR01,Basic Education Middle School (Branch) No. 1 Mahaaungmyay (အမှတ် (1) အခြေခံပညာအလယ်တန်းကျောင်း (ခွဲ) မဟာအောင်မြေ (အ.လ.က (ခွဲ) 1 မဟာအောင်မြေ)),BEMS-BR,Mahaaungmyay,MMR009003,Mandalay Region,MMR009,township,,"59th St., Between 39th St. and 40th St., Ye Mon Taung,, Maha Aung Myay Township, Mandalay , Myanmar",09-402722787,Mandalay,active,,https://www.edge.com.mm/listing/maha-aung-myay-b-e-m-s-1-branch-u245990.html
MMR009003-BEMS28,Basic Education Middle School No. 28 Mahaaungmyay (အမှတ် (28) အခြေခံပညာအလယ်တန်းကျောင်း မဟာအောင်မြေ (အ.လ.က 28 မဟာအောင်မြေ)),BEMS,Mahaaungmyay,MMR009003,Mandalay Region,MMR009,township,,"78th St., Between 42th St. and 43th St., Chan Mya Thar Si North,, Maha Aung Myay Township, Mandalay , Myanmar","09-259237819, 09-256120537",Mandalay,active,,https://www.edge.com.mm/listing/maha-aung-myay-b-e-m-s-28-u246022.html
MMR009003-BEMS02,Basic Education Middle School No. 2 Mahaaungmyay (အမှတ် (2) အခြေခံပညာအလယ်တန်းကျောင်း မဟာအောင်မြေ (အ.လ.က 2 မဟာအောင်မြေ)),BEMS,Mahaaungmyay,MMR009003,Mandalay Region,MMR009,township,,"80th St., Between 39th St. and 40th St., Hay Ma Mar Lar South,, Maha Aung Myay Township, Mandalay , Myanmar",02-4063151,Mandalay,active,,https://www.edge.com.mm/listing/maha-aung-myay-b-e-m-s-2-u246024.html
MMR009003-BEMS-BR02,Basic Education Middle School (Branch) No. 2 Mahaaungmyay (အမှတ် (2) အခြေခံပညာအလယ်တန်းကျောင်း (ခွဲ) မဟာအောင်မြေ (အ.လ.က (ခွဲ) 2 မဟာအောင်မြေ)),BEMS-BR,Mahaaungmyay,MMR009003,Mandalay Region,MMR009,township,,"40th St., Between 60th St. and 61th St., Taung Kone Gyi, Maha Myaing (2),, Maha Aung Myay Township, Mandalay , Myanmar",09-402578167,Mandalay,active,,https://www.edge.com.mm/listing/maha-aung-myay-b-e-m-s-2-branch-u245992.html
MMR009003-BEMS32,Basic Education Middle School No. 32 Mahaaungmyay (အမှတ် (32) အခြေခံပညာအလယ်တန်းကျောင်း မဟာအောင်မြေ (အ.လ.က 32 မဟာအောင်မြေ)),BEMS,Mahaaungmyay,MMR009003,Mandalay Region,MMR009,township,,"Block-364, Strand Road., West Wah So Kyi Monastery , Sein Pan,, Maha Aung Myay Township, Mandalay , Myanmar",09-444020207,Mandalay,active,,https://www.edge.com.mm/listing/maha-aung-myay-b-e-m-s-32-u250039.html
MMR009003-BEMS-BR33,Basic Education Middle School (Branch) No. 33 Mahaaungmyay (အမှတ် (33) အခြေခံပညာအလယ်တန်းကျောင်း (ခွဲ) မဟာအောင်မြေ (အ.လ.က (ခွဲ) 33 မဟာအောင်မြေ)),BEMS-BR,Mahaaungmyay,MMR009003,Mandalay Region,MMR009,township,Chaw Sate Ward,"Block-366, Chaw Sate Ward, Than Hlyet Hmaw West,, Maha Aung Myay Township, Mandalay , Myanmar",09-402688030,Mandalay,active,,https://www.edge.com.mm/listing/maha-aung-myay-b-e-m-s-33-branch-u246007.html
MMR009003-BEMS-BR04,Basic Education Middle School (Branch) No. 4 Mahaaungmyay (အမှတ် (4) အခြေခံပညာအလယ်တန်းကျောင်း (ခွဲ) မဟာအောင်မြေ (အ.လ.က (ခွဲ) 4 မဟာအောင်မြေ)),BEMS-BR,Mahaaungmyay,MMR009003,Mandalay Region,MMR009,township,,"Bet; 37 St. and 38 St. & Bet; 68 St. and 69 St., Aung Thitsar Lane., Maha Myaing (1),, Maha Aung Myay Township, Mandalay , Myanmar","09-798700510, 09-33300218",Mandalay,active,,https://www.edge.com.mm/listing/maha-aung-myay-b-e-m-s-4-branch-u250038.html
MMR009003-BEPS13,Basic Education Primary School No. 13 Mahaaungmyay (အမှတ် (13) အခြေခံပညာမူလတန်းကျောင်း မဟာအောင်မြေ (အ.မ.က 13 မဟာအောင်မြေ)),BEPS,Mahaaungmyay,MMR009003,Mandalay Region,MMR009,township,,"39th St., Between 81th St. and 82th St., Mahar Aung Myay East,, Maha Aung Myay Township, Mandalay , Myanmar",09-403739690,Mandalay,active,,https://www.edge.com.mm/listing/maha-aung-myay-b-e-p-s-13-u245991.html
MMR009003-BEPS14,Basic Education Primary School No. 14 Mahaaungmyay (အမှတ် (14) အခြေခံပညာမူလတန်းကျောင်း မဟာအောင်မြေ (အ.မ.က 14 မဟာအောင်မြေ)),BEPS,Mahaaungmyay,MMR009003,Mandalay Region,MMR009,township,,"40th St., Between 83th St. and 84th St., Mahar Aung Myay West,, Maha Aung Myay Township, Mandalay , Myanmar","09-256379515, 09-43074665",Mandalay,active,,https://www.edge.com.mm/listing/maha-aung-myay-b-e-p-s-14-u246016.html
MMR009003-BEPS16,Basic Education Primary School No. 16 Mahaaungmyay (အမှတ် (16) အခြေခံပညာမူလတန်းကျောင်း မဟာအောင်မြေ (အ.မ.က 16 မဟာအောင်မြေ)),BEPS,Mahaaungmyay,MMR009003,Mandalay Region,MMR009,township,,"86th St., Between 37th St. and 38th St., East Shwe Tachaung, Yadana Bonmi West,, Maha Aung Myay Township, Mandalay , Myanmar","09-259093243, 09-2060140",Mandalay,active,,https://www.edge.com.mm/listing/maha-aung-myay-b-e-p-s-16-u246028.html
MMR009003-BEPS17,Basic Education Primary School No. 17 Mahaaungmyay (အမှတ် (17) အခြေခံပညာမူလတန်းကျောင်း မဟာအောင်မြေ (အ.မ.က 17 မဟာအောင်မြေ)),BEPS,Mahaaungmyay,MMR009003,Mandalay Region,MMR009,township,,"Bet; 35 St. and 36 St. & Bet; 80 St. and 81 St., Yadana Bonmi East,, Maha Aung Myay Township, Mandalay , Myanmar",09-798543309,Mandalay,active,,https://www.edge.com.mm/listing/maha-aung-myay-b-e-p-s-17-u246009.html
MMR009003-BEPS18,Basic Education Primary School No. 18 Mahaaungmyay (အမှတ် (18) အခြေခံပညာမူလတန်းကျောင်း မဟာအောင်မြေ (အ.မ.က 18 မဟာအောင်မြေ)),BEPS,Mahaaungmyay,MMR009003,Mandalay Region,MMR009,township,,"37th St., Corner of 81th St., Yadana Bonmi East,, Maha Aung Myay Township, Mandalay , Myanmar",09-457425423,Mandalay,active,,https://www.edge.com.mm/listing/maha-aung-myay-b-e-p-s-18-u246014.html
MMR009003-BEPS19,Basic Education Primary School No. 19 Mahaaungmyay (အမှတ် (19) အခြေခံပညာမူလတန်းကျောင်း မဟာအောင်မြေ (အ.မ.က 19 မဟာအောင်မြေ)),BEPS,Mahaaungmyay,MMR009003,Mandalay Region,MMR009,township,,"80th St., Between 36th St. and 37th St., Yadana Bonmi East,, Maha Aung Myay Township, Mandalay , Myanmar",09-402570990,Mandalay,active,,https://www.edge.com.mm/listing/maha-aung-myay-b-e-p-s-19-u246023.html
MMR009003-BEPS20,Basic Education Primary School No. 20 Mahaaungmyay (အမှတ် (20) အခြေခံပညာမူလတန်းကျောင်း မဟာအောင်မြေ (အ.မ.က 20 မဟာအောင်မြေ)),BEPS,Mahaaungmyay,MMR009003,Mandalay Region,MMR009,township,,"43th St., Corner of 82th St., Shwe Phone Shein,, Maha Aung Myay Township, Mandalay , Myanmar","09-2225726, 09-797280541",Mandalay,active,,https://www.edge.com.mm/listing/maha-aung-myay-b-e-p-s-20-u246025.html
MMR009003-BEPS21,Basic Education Primary School No. 21 Mahaaungmyay (အမှတ် (21) အခြေခံပညာမူလတန်းကျောင်း မဟာအောင်မြေ (အ.မ.က 21 မဟာအောင်မြေ)),BEPS,Mahaaungmyay,MMR009003,Mandalay Region,MMR009,township,,"84th St., Between 42th St. and 45th St., Shwe Phone Shein,, Maha Aung Myay Township, Mandalay , Myanmar",09-2050602,Mandalay,active,,https://www.edge.com.mm/listing/maha-aung-myay-b-e-p-s-21-u246027.html
MMR009003-BEPS24,Basic Education Primary School No. 24 Mahaaungmyay (အမှတ် (24) အခြေခံပညာမူလတန်းကျောင်း မဟာအောင်မြေ (အ.မ.က 24 မဟာအောင်မြေ)),BEPS,Mahaaungmyay,MMR009003,Mandalay Region,MMR009,township,,"87th St., Between 37th St. and 38th St., Day Wun East,, Maha Aung Myay Township, Mandalay , Myanmar",09-973178189,Mandalay,active,,https://www.edge.com.mm/listing/maha-aung-myay-b-e-p-s-24-u245994.html
MMR009003-BEPS25,Basic Education Primary School No. 25 Mahaaungmyay (အမှတ် (25) အခြေခံပညာမူလတန်းကျောင်း မဟာအောင်မြေ (အ.မ.က 25 မဟာအောင်မြေ)),BEPS,Mahaaungmyay,MMR009003,Mandalay Region,MMR009,township,East Pattar Ward,"Block-416, East Pattar Ward, Than Hlyet Hmaw East,, Maha Aung Myay Township, Mandalay , Myanmar",09-402615592,Mandalay,active,,https://www.edge.com.mm/listing/maha-aung-myay-b-e-p-s-25-u245995.html
MMR009003-BEPS27,Basic Education Primary School No. 27 Mahaaungmyay (အမှတ် (27) အခြေခံပညာမူလတန်းကျောင်း မဟာအောင်မြေ (အ.မ.က 27 မဟာအောင်မြေ)),BEPS,Mahaaungmyay,MMR009003,Mandalay Region,MMR009,township,South Thabyu Ward,"South Thabyu Ward, New Ma Soe Yein Monestry, Sein Pan,, Maha Aung Myay Township, Mandalay , Myanmar",09-454245947,Mandalay,active,,https://www.edge.com.mm/listing/maha-aung-myay-b-e-p-s-27-u245997.html
MMR009003-BEPS28,Basic Education Primary School No. 28 Mahaaungmyay (အမှတ် (28) အခြေခံပညာမူလတန်းကျောင်း မဟာအောင်မြေ (အ.မ.က 28 မဟာအောင်မြေ)),BEPS,Mahaaungmyay,MMR009003,Mandalay Region,MMR009,township,Malar Kar Chan Ward,"Block-429, Malar Kar Chan Ward, Than Hlyet Hmaw East,, Maha Aung Myay Township, Mandalay , Myanmar",09-444021514,Mandalay,active,,https://www.edge.com.mm/listing/maha-aung-myay-b-e-p-s-28-u245998.html
MMR009003-BEPS29,Basic Education Primary School No. 29 Mahaaungmyay (အမှတ် (29) အခြေခံပညာမူလတန်းကျောင်း မဟာအောင်မြေ (အ.မ.က 29 မဟာအောင်မြေ)),BEPS,Mahaaungmyay,MMR009003,Mandalay Region,MMR009,township,Lattamar Ward,"Block-359, 41th St., Lattamar Ward, Sein Pan,, Maha Aung Myay Township, Mandalay , Myanmar",09-33043217,Mandalay,active,,https://www.edge.com.mm/listing/maha-aung-myay-b-e-p-s-29-u245999.html
MMR009003-BEPS30,Basic Education Primary School No. 30 Mahaaungmyay (အမှတ် (30) အခြေခံပညာမူလတန်းကျောင်း မဟာအောင်မြေ (အ.မ.က 30 မဟာအောင်မြေ)),BEPS,Mahaaungmyay,MMR009003,Mandalay Region,MMR009,township,Thu Ye Kyaw Ward,"Block-352, Thuye Kyaw St., Thu Ye Kyaw Ward, Damikar Yone Monestry, Sein Pan,, Maha Aung Myay Township, Mandalay , Myanmar","09-256015151, 09-33043222",Mandalay,active,,https://www.edge.com.mm/listing/maha-aung-myay-b-e-p-s-30-u246000.html
MMR009003-BEPS31,Basic Education Primary School No. 31 Mahaaungmyay (အမှတ် (31) အခြေခံပညာမူလတန်းကျောင်း မဟာအောင်မြေ (အ.မ.က 31 မဟာအောင်မြေ)),BEPS,Mahaaungmyay,MMR009003,Mandalay Region,MMR009,township,Sin Taing Ward,"Block-341, Sin Taing Ward, Sein Pan,, Maha Aung Myay Township, Mandalay , Myanmar","09-402664092, 09-797259462",Mandalay,active,,https://www.edge.com.mm/listing/maha-aung-myay-b-e-p-s-31-u246001.html
MMR009003-BEPS34,Basic Education Primary School No. 34 Mahaaungmyay (အမှတ် (34) အခြေခံပညာမူလတန်းကျောင်း မဟာအောင်မြေ (အ.မ.က 34 မဟာအောင်မြေ)),BEPS,Mahaaungmyay,MMR009003,Mandalay Region,MMR009,township,Pin Ma(10)Ward,"Block-391, Pin Ma(10)Ward, Than Hlyet Hmaw West,, Maha Aung Myay Township, Mandalay , Myanmar",09-444040341,Mandalay,active,,https://www.edge.com.mm/listing/maha-aung-myay-b-e-p-s-34-u246003.html
MMR009003-BEPS35,Basic Education Primary School No. 35 Mahaaungmyay (အမှတ် (35) အခြေခံပညာမူလတန်းကျောင်း မဟာအောင်မြေ (အ.မ.က 35 မဟာအောင်မြေ)),BEPS,Mahaaungmyay,MMR009003,Mandalay Region,MMR009,township,Thapyay Nyunt Ward,"Block-406, Aung Thapyay St., Thapyay Nyunt Ward, Than Hlyet Hmaw East,, Maha Aung Myay Township, Mandalay , Myanmar",09-971472194,Mandalay,active,,https://www.edge.com.mm/listing/maha-aung-myay-b-e-p-s-35-u246004.html
MMR009003-BEPS03,Basic Education Primary School No. 3 Mahaaungmyay (အမှတ် (3) အခြေခံပညာမူလတန်းကျောင်း မဟာအောင်မြေ (အ.မ.က 3 မဟာအောင်မြေ)),BEPS,Mahaaungmyay,MMR009003,Mandalay Region,MMR009,township,,"36th St., Corner of 64th St., Maha Myaing (2),, Maha Aung Myay Township, Mandalay , Myanmar",09-776744613,Mandalay,active,,https://www.edge.com.mm/listing/maha-aung-myay-b-e-p-s-3-u246012.html
MMR009003-BEPS05,Basic Education Primary School No. 5 Mahaaungmyay (အမှတ် (5) အခြေခံပညာမူလတန်းကျောင်း မဟာအောင်မြေ (အ.မ.က 5 မဟာအောင်မြေ)),BEPS,Mahaaungmyay,MMR009003,Mandalay Region,MMR009,township,,"73th St., Between 38th St. and 39th St., Maha Nwe Sin,, Maha Aung Myay Township, Mandalay , Myanmar",09-797198148,Mandalay,active,,https://www.edge.com.mm/listing/maha-aung-myay-b-e-p-s-5-u246018.html
MMR009003-BEPS06,Basic Education Primary School No. 6 Mahaaungmyay (အမှတ် (6) အခြေခံပညာမူလတန်းကျောင်း မဟာအောင်မြေ (အ.မ.က 6 မဟာအောင်မြေ)),BEPS,Mahaaungmyay,MMR009003,Mandalay Region,MMR009,township,,"74th St., Between 37th St. and 38th St., Set Kyar Nwe Sin,, Maha Aung Myay Township, Mandalay , Myanmar",09-771985798,Mandalay,active,,https://www.edge.com.mm/listing/maha-aung-myay-b-e-p-s-6-u246019.html
MMR009003-BEPS07,Basic Education Primary School No. 7 Mahaaungmyay (အမှတ် (7) အခြေခံပညာမူလတန်းကျောင်း မဟာအောင်မြေ (အ.မ.က 7 မဟာအောင်မြေ)),BEPS,Mahaaungmyay,MMR009003,Mandalay Region,MMR009,township,,"Bet; 35 St. and 36 St. & Bet; 76 St. and 77 St., Hay Ma Mar Lar North,, Maha Aung Myay Township, Mandalay , Myanmar",09-444034121,Mandalay,active,,https://www.edge.com.mm/listing/maha-aung-myay-b-e-p-s-7-u246010.html
MMR009003-BEPS08,Basic Education Primary School No. 8 Mahaaungmyay (အမှတ် (8) အခြေခံပညာမူလတန်းကျောင်း မဟာအောင်မြေ (အ.မ.က 8 မဟာအောင်မြေ)),BEPS,Mahaaungmyay,MMR009003,Mandalay Region,MMR009,township,,"Bet; 36 St. and 37 St. & Bet; 76 St. and 77 St., Shwe Chi Lane., Hay Ma Mar Lar North,, Maha Aung Myay Township, Mandalay , Myanmar",09-256034057,Mandalay,active,,https://www.edge.com.mm/listing/maha-aung-myay-b-e-p-s-8-u246011.html
MMR009003-BEPS09,Basic Education Primary School No. 9 Mahaaungmyay (အမှတ် (9) အခြေခံပညာမူလတန်းကျောင်း မဟာအောင်မြေ (အ.မ.က 9 မဟာအောင်မြေ)),BEPS,Mahaaungmyay,MMR009003,Mandalay Region,MMR009,township,,"Bet; 37 St. and 38 St. & Bet; 78 St. and 79 St., Hay Ma Mar Lar South,, Maha Aung Myay Township, Mandalay , Myanmar",09-402647352,Mandalay,active,,https://www.edge.com.mm/listing/maha-aung-myay-b-e-p-s-9-u246013.html
MMR009003-PV02,Maha Aung Myay Township Education Office,PV,Mahaaungmyay,MMR009003,Mandalay Region,MMR009,township,,"36th St., Between 82th St. and 83th St., Yadana Bonmi East,, Maha Aung Myay Township, Mandalay , Myanmar",09-254602843,Mandalay,active,,https://www.edge.com.mm/listing/maha-aung-myay-township-education-office-u25225614.html
MMR013027-PV05,Marternal & Child Welfare Association,PV,Shwepyitha,MMR013027,Yangon Region,MMR013,township,Ward (10),"252, Bayint Naung Rd., Ward (10),, Shwe Pyi Thar Township, Yangon , Myanmar",09-792385609,Yangon,active,,https://www.edge.com.mm/listing/marternal-child-welfare-association-l00204284.html
MMR011005-BEHS01,Basic Education High School No. 1 Maungdaw (အမှတ် (1) အခြေခံပညာအထက်တန်းကျောင်း မောင်တော (အ.ထ.က 1 မောင်တော)),BEHS,Maungdaw,MMR011005,Rakhine State,MMR011,township,,"Full Address, Maungdaw Township, Rakhine State , Myanmar",043-55071,Rakhine State,active,,https://www.edge.com.mm/listing/maung-taw-b-e-h-s-1-l00257135.html
MMR011005-BEMS01,Basic Education Middle School No. 1 Maungdaw (အမှတ် (1) အခြေခံပညာအလယ်တန်းကျောင်း မောင်တော (အ.လ.က 1 မောင်တော)),BEMS,Maungdaw,MMR011005,Rakhine State,MMR011,township,,"Ward(2),, Maungdaw Township, Rakhine State , Myanmar",043-55028,Rakhine State,active,,https://www.edge.com.mm/listing/maung-taw-b-e-m-s-1-l00257138.html
MMR010001-BEHS10,Basic Education High School No. 10 Mawlamyine (အမှတ် (10) အခြေခံပညာအထက်တန်းကျောင်း မော်လမြိုင် (အ.ထ.က 10 မော်လမြိုင်)),BEHS,Mawlamyine,MMR010001,Mon State,MMR010,township,Phet Tan Ward,"Bogyoke Aung San St., Phet Tan Ward,, Mawlamyine Township, Mon State , Myanmar","057-27076, 09-401595183",Mon State,active,,https://www.edge.com.mm/listing/mawlamyine-b-e-h-s-10-l00255246.html
MMR010001-BEHS11,Basic Education High School No. 11 Mawlamyine (အမှတ် (11) အခြေခံပညာအထက်တန်းကျောင်း မော်လမြိုင် (အ.ထ.က 11 မော်လမြိုင်)),BEHS,Mawlamyine,MMR010001,Mon State,MMR010,township,Thiri Myaing Ward,"Thiri Myaing St., Thiri Myaing Ward,, Mawlamyine Township, Mon State , Myanmar","057-27071, 09-401596182",Mon State,active,,https://www.edge.com.mm/listing/mawlamyine-b-e-h-s-11-l00255250.html
MMR010001-BEHS11-1,Basic Education High School No. 11 Mawlamyine (အမှတ် (11) အခြေခံပညာအထက်တန်းကျောင်း မော်လမြိုင် (အ.ထ.က 11 မော်လမြိုင်)),BEHS,Mawlamyine,MMR010001,Mon State,MMR010,township,Myaing Tharyar Ward,"Bogyoke Aung San St., Myaing Tharyar Ward,, Mawlamyine Township, Mon State , Myanmar",057-30035,Mon State,active,,https://www.edge.com.mm/listing/mawlamyine-b-e-h-s-11-l00255257.html
MMR010001-BEHS01,Basic Education High School No. 1 Mawlamyine (အမှတ် (1) အခြေခံပညာအထက်တန်းကျောင်း မော်လမြိုင် (အ.ထ.က 1 မော်လမြိုင်)),BEHS,Mawlamyine,MMR010001,Mon State,MMR010,township,Bo Kone Ward,"Theik Pan St., Bo Kone Ward,, Mawlamyine Township, Mon State , Myanmar","057-27067, 09-49800390",Mon State,active,,https://www.edge.com.mm/listing/mawlamyine-b-e-h-s-1-l00255219.html
MMR010001-BEHS02,Basic Education High School No. 2 Mawlamyine (အမှတ် (2) အခြေခံပညာအထက်တန်းကျောင်း မော်လမြိုင် (အ.ထ.က 2 မော်လမြိုင်)),BEHS,Mawlamyine,MMR010001,Mon State,MMR010,township,Hlaing Ward,"Hlaing Ward,, Mawlamyine Township, Mon State , Myanmar","057-27064, 09-49786472",Mon State,active,,https://www.edge.com.mm/listing/mawlamyine-b-e-h-s-2-l00255221.html
MMR010001-BEHS03,Basic Education High School No. 3 Mawlamyine (အမှတ် (3) အခြေခံပညာအထက်တန်းကျောင်း မော်လမြိုင် (အ.ထ.က 3 မော်လမြိုင်)),BEHS,Mawlamyine,MMR010001,Mon State,MMR010,township,Sit Kae Kone Ward,"Taung Paw Tan St., Sit Kae Kone Ward,, Mawlamyine Township, Mon State , Myanmar","057-27068, 09-5107023",Mon State,active,,https://www.edge.com.mm/listing/mawlamyine-b-e-h-s-3-l00255226.html
MMR010001-BEHS04,Basic Education High School No. 4 Mawlamyine (အမှတ် (4) အခြေခံပညာအထက်တန်းကျောင်း မော်လမြိုင် (အ.ထ.က 4 မော်လမြိုင်)),BEHS,Mawlamyine,MMR010001,Mon State,MMR010,township,Kyaik Pha Nae Ward,"Kyaik Kha Nae Campus, Kyaik Pha Nae Ward,, Mawlamyine Township, Mon State , Myanmar","057-27163, 09-49283750",Mon State,active,,https://www.edge.com.mm/listing/mawlamyine-b-e-h-s-4-l00255229.html
MMR010001-BEHS05,Basic Education High School No. 5 Mawlamyine (အမှတ် (5) အခြေခံပညာအထက်တန်းကျောင်း မော်လမြိုင် (အ.ထ.က 5 မော်လမြိုင်)),BEHS,Mawlamyine,MMR010001,Mon State,MMR010,township,Shwe Taung Ward,"Shwe Taung St., Shwe Taung Ward,, Mawlamyine Township, Mon State , Myanmar","057-27205, 09-401596176",Mon State,active,,https://www.edge.com.mm/listing/mawlamyine-b-e-h-s-5-l00255232.html
MMR010001-BEHS06,Basic Education High School No. 6 Mawlamyine (အမှတ် (6) အခြေခံပညာအထက်တန်းကျောင်း မော်လမြိုင် (အ.ထ.က 6 မော်လမြိုင်)),BEHS,Mawlamyine,MMR010001,Mon State,MMR010,township,Zay Kyo Ward,"Baho Rd., Zay Kyo Ward,, Mawlamyine Township, Mon State , Myanmar","057-27176, 057-29782",Mon State,active,,https://www.edge.com.mm/listing/mawlamyine-b-e-h-s-6-l00255234.html
MMR010001-BEHS07,Basic Education High School No. 7 Mawlamyine (အမှတ် (7) အခြေခံပညာအထက်တန်းကျောင်း မော်လမြိုင် (အ.ထ.က 7 မော်လမြိုင်)),BEHS,Mawlamyine,MMR010001,Mon State,MMR010,township,Maung Ngan Ward,"Ah Lel Tan St., Maung Ngan Ward,, Mawlamyine Township, Mon State , Myanmar","057-27040, 09-5059562",Mon State,active,,https://www.edge.com.mm/listing/mawlamyine-b-e-h-s-7-l00255236.html
MMR010001-BEHS08,Basic Education High School No. 8 Mawlamyine (အမှတ် (8) အခြေခံပညာအထက်တန်းကျောင်း မော်လမြိုင် (အ.ထ.က 8 မော်လမြိုင်)),BEHS,Mawlamyine,MMR010001,Mon State,MMR010,township,Phet Tan Ward,"Myaing Tan St., Phet Tan Ward,, Mawlamyine Township, Mon State , Myanmar","057-27069, 057-24784",Mon State,active,,https://www.edge.com.mm/listing/mawlamyine-b-e-h-s-8-l00255240.html
MMR010001-BEHS09,Basic Education High School No. 9 Mawlamyine (အမှတ် (9) အခြေခံပညာအထက်တန်းကျောင်း မော်လမြိုင် (အ.ထ.က 9 မော်လမြိုင်)),BEHS,Mawlamyine,MMR010001,Mon State,MMR010,township,Pabaedan Ward,"Pabaedan St., Pabaedan Ward,, Mawlamyine Township, Mon State , Myanmar","057-27070, 057-24783",Mon State,active,,https://www.edge.com.mm/listing/mawlamyine-b-e-h-s-9-l00255243.html
MMR010001-BEHS12,Basic Education High School Mawlamyine (အခြေခံပညာအထက်တန်းကျောင်း မော်လမြိုင်),BEHS,Mawlamyine,MMR010001,Mon State,MMR010,township,Ka Toe Village,"Ka Toe Village,, Mawlamyine Township, Mon State , Myanmar",09-49808908,Mon State,active,,https://www.edge.com.mm/listing/mawlamyine-b-e-h-s-ka-toe-l00255267.html
MMR010001-BEHS13,Basic Education High School Mawlamyine (အခြေခံပညာအထက်တန်းကျောင်း မော်လမြိုင်),BEHS,Mawlamyine,MMR010001,Mon State,MMR010,township,Phar Out Village,"GTC Kyaung, Phar Out Village,, Mawlamyine Township, Mon State , Myanmar",057-27891,Mon State,active,,https://www.edge.com.mm/listing/mawlamyine-b-e-h-s-kawt-kha-mal-l00255260.html
MMR010001-BEHS14,Basic Education High School Mawlamyine (အခြေခံပညာအထက်တန်းကျောင်း မော်လမြိုင်),BEHS,Mawlamyine,MMR010001,Mon State,MMR010,township,Kawt Pauk Village,"Kawt Pauk Village,, Mawlamyine Township, Mon State , Myanmar",09-8703155,Mon State,active,,https://www.edge.com.mm/listing/mawlamyine-b-e-h-s-kawt-pauk-l00255315.html
MMR010001-BEHS15,Basic Education High School Mawlamyine (အခြေခံပညာအထက်တန်းကျောင်း မော်လမြိုင်),BEHS,Mawlamyine,MMR010001,Mon State,MMR010,township,San Gyi Ward,"Mawlamyine-Hpa-An Rd., San Gyi Ward,, Mawlamyine Township, Mon State , Myanmar",057-24009,Mon State,active,,https://www.edge.com.mm/listing/mawlamyine-b-e-h-s-sann-gyi-l00255312.html
MMR010001-BEHS16,Basic Education High School Mawlamyine (အခြေခံပညာအထက်တန်းကျောင်း မော်လမြိုင်),BEHS,Mawlamyine,MMR010001,Mon State,MMR010,township,Naung Khayi Ward,"Mawlamyine-Hpa-An Rd., Naung Khayi Ward,, Mawlamyine Township, Mon State , Myanmar",057-27607,Mon State,active,,https://www.edge.com.mm/listing/mawlamyine-b-e-h-s-shwe-nat-taung-l00255265.html
MMR010001-BEHS17,Basic Education High School Mawlamyine (အခြေခံပညာအထက်တန်းကျောင်း မော်လမြိုင်),BEHS,Mawlamyine,MMR010001,Mon State,MMR010,township,Myaing Tharyar Ward,"Taung Pine St., Myaing Tharyar Ward,, Mawlamyine Township, Mon State , Myanmar",057-24009,Mon State,active,,https://www.edge.com.mm/listing/mawlamyine-b-e-h-s-taung-pine-l00255309.html
MMR010001-BEHS18,Basic Education High School Mawlamyine (အခြေခံပညာအထက်တန်းကျောင်း မော်လမြိုင်),BEHS,Mawlamyine,MMR010001,Mon State,MMR010,township,Shwe Myaing Thiri Ward,"Shwe Myaing Thiri Ward,, Mawlamyine Township, Mon State , Myanmar",09-49804728,Mon State,active,,https://www.edge.com.mm/listing/mawlamyine-b-e-h-s-thukha-wady-l00255314.html
MMR010001-BEMS01,Basic Education Middle School No. 1 Mawlamyine (အမှတ် (1) အခြေခံပညာအလယ်တန်းကျောင်း မော်လမြိုင် (အ.လ.က 1 မော်လမြိုင်)),BEMS,Mawlamyine,MMR010001,Mon State,MMR010,township,Phet Tan Ward,"Main Kalay Kyaung St., Phet Tan Ward,, Mawlamyine Township, Mon State , Myanmar",057-21458,Mon State,active,,https://www.edge.com.mm/listing/mawlamyine-b-e-m-s-1-l00255269.html
MMR010001-BEMS02,Basic Education Middle School No. 2 Mawlamyine (အမှတ် (2) အခြေခံပညာအလယ်တန်းကျောင်း မော်လမြိုင် (အ.လ.က 2 မော်လမြိုင်)),BEMS,Mawlamyine,MMR010001,Mon State,MMR010,township,Maung Ngan Ward,"Kyaik Khami Rd., Maung Ngan Ward,, Mawlamyine Township, Mon State , Myanmar",057-22093,Mon State,active,,https://www.edge.com.mm/listing/mawlamyine-b-e-m-s-2-l00255271.html
MMR010001-BEMS03,Basic Education Middle School No. 3 Mawlamyine (အမှတ် (3) အခြေခံပညာအလယ်တန်းကျောင်း မော်လမြိုင် (အ.လ.က 3 မော်လမြိုင်)),BEMS,Mawlamyine,MMR010001,Mon State,MMR010,township,Shwe Myaing Thiri Ward,"Shwe Myaing Thiri Ward,, Mawlamyine Township, Mon State , Myanmar",09-49801479,Mon State,active,,https://www.edge.com.mm/listing/mawlamyine-b-e-m-s-3-l00255288.html
MMR010001-BEMS04,Basic Education Middle School No. 4 Mawlamyine (အမှတ် (4) အခြေခံပညာအလယ်တန်းကျောင်း မော်လမြိုင် (အ.လ.က 4 မော်လမြိုင်)),BEMS,Mawlamyine,MMR010001,Mon State,MMR010,township,Phet Tan Ward,"Main Kalay Kyaung St., Phet Tan Ward,, Mawlamyine Township, Mon State , Myanmar","057-21879, 057-23146",Mon State,active,,https://www.edge.com.mm/listing/mawlamyine-b-e-m-s-4-l00255293.html
MMR010001-BEMS05,Basic Education Middle School No. 5 Mawlamyine (အမှတ် (5) အခြေခံပညာအလယ်တန်းကျောင်း မော်လမြိုင် (အ.လ.က 5 မော်လမြိုင်)),BEMS,Mawlamyine,MMR010001,Mon State,MMR010,township,Sit Kae Kone Ward,"Dawei Bridge St., Sit Kae Kone Ward,, Mawlamyine Township, Mon State , Myanmar",057-22139,Mon State,active,,https://www.edge.com.mm/listing/mawlamyine-b-e-m-s-5-l00255296.html
MMR010001-BEMS06,Basic Education Middle School No. 6 Mawlamyine (အမှတ် (6) အခြေခံပညာအလယ်တန်းကျောင်း မော်လမြိုင် (အ.လ.က 6 မော်လမြိုင်)),BEMS,Mawlamyine,MMR010001,Mon State,MMR010,township,Myaing Tharyar Ward,"Myaing Tharyar St., Myaing Tharyar Ward,, Mawlamyine Township, Mon State , Myanmar",057-25697,Mon State,active,,https://www.edge.com.mm/listing/mawlamyine-b-e-m-s-6-l00255300.html
MMR010001-BEMS07,Basic Education Middle School No. 7 Mawlamyine (အမှတ် (7) အခြေခံပညာအလယ်တန်းကျောင်း မော်လမြိုင် (အ.လ.က 7 မော်လမြိုင်)),BEMS,Mawlamyine,MMR010001,Mon State,MMR010,township,Maung Ngan Ward,"B.E.H.S (1) St., Maung Ngan Ward,, Mawlamyine Township, Mon State , Myanmar",057-21396,Mon State,active,,https://www.edge.com.mm/listing/mawlamyine-b-e-m-s-7-l00255303.html
MMR010001-BEMS08,Basic Education Middle School No. 8 Mawlamyine (အမှတ် (8) အခြေခံပညာအလယ်တန်းကျောင်း မော်လမြိုင် (အ.လ.က 8 မော်လမြိုင်)),BEMS,Mawlamyine,MMR010001,Mon State,MMR010,township,Phet Tan Ward,"Near Pha-An Bus Stop, Phet Tan Ward,, Mawlamyine Township, Mon State , Myanmar",057-22134,Mon State,active,,https://www.edge.com.mm/listing/mawlamyine-b-e-m-s-8-l00255306.html
MMR010001-BEMS09,Basic Education Middle School No. 9 Mawlamyine (အမှတ် (9) အခြေခံပညာအလယ်တန်းကျောင်း မော်လမြိုင် (အ.လ.က 9 မော်လမြိုင်)),BEMS,Mawlamyine,MMR010001,Mon State,MMR010,township,Phet Tan Ward,"Phet Tan Ward,, Mawlamyine Township, Mon State , Myanmar",09-49809055,Mon State,active,,https://www.edge.com.mm/listing/mawlamyine-b-e-m-s-9-l00255307.html
MMR013007-BEHS01,Basic Education High School No. 1 Mayangone (အမှတ် (1) အခြေခံပညာအထက်တန်းကျောင်း မရမ်းကုန်း (အ.ထ.က 1 မရမ်းကုန်း)),BEHS,Mayangone,MMR013007,Yangon Region,MMR013,township,Ward (2),"Thamaing Butar Yon Rd., Corner of U Ba Han St., Ward (2),, Mayangone Township, Yangon , Myanmar","01-651988, 09-776349910, 09-43040140",Yangon,active,,https://www.edge.com.mm/listing/mayangone-b-e-h-s-1-l25396.html
MMR013007-BEHS02,Basic Education High School No. 2 Mayangone (အမှတ် (2) အခြေခံပညာအထက်တန်းကျောင်း မရမ်းကုန်း (အ.ထ.က 2 မရမ်းကုန်း)),BEHS,Mayangone,MMR013007,Yangon Region,MMR013,township,Ward (3),"Yangon-Insein Rd., Ward (3),, Mayangone Township, Yangon , Myanmar","01-662078, 09-256246695",Yangon,active,,https://www.edge.com.mm/listing/mayangone-b-e-h-s-2-l25397.html
MMR013007-BEHS03,Basic Education High School No. 3 Mayangone (အမှတ် (3) အခြေခံပညာအထက်တန်းကျောင်း မရမ်းကုန်း (အ.ထ.က 3 မရမ်းကုန်း)),BEHS,Mayangone,MMR013007,Yangon Region,MMR013,township,Ward (5),"Pyay Rd., Corner of Shwe Hnin Si Kyaung St., 8 Mile, Ward (5),, Mayangone Township, Yangon , Myanmar","01-660894, 09-73119354",Yangon,active,,https://www.edge.com.mm/listing/mayangone-b-e-h-s-3-l25398.html
MMR013007-BEHS04,Basic Education High School No. 4 Mayangone (အမှတ် (4) အခြေခံပညာအထက်တန်းကျောင်း မရမ်းကုန်း (အ.ထ.က 4 မရမ်းကုန်း)),BEHS,Mayangone,MMR013007,Yangon Region,MMR013,township,Ward (8),"Yae Set St., Ward (8),, Mayangone Township, Yangon , Myanmar",09-780410215,Yangon,active,,https://www.edge.com.mm/listing/mayangone-b-e-h-s-4-l25399.html
MMR013007-BEHS05,Basic Education High School No. 5 Mayangone (အမှတ် (5) အခြေခံပညာအထက်တန်းကျောင်း မရမ်းကုန်း (အ.ထ.က 5 မရမ်းကုန်း)),BEHS,Mayangone,MMR013007,Yangon Region,MMR013,township,Ward (10),"Parami Rd., Ka Pa Sa (4) Compound, Ward (10),, Mayangone Township, Yangon , Myanmar","01-662378, 09-426056542, 09-794877327",Yangon,active,,https://www.edge.com.mm/listing/mayangone-b-e-h-s-5-l25400.html
MMR013007-BEMS01,Basic Education Middle School No. 1 Mayangone (အမှတ် (1) အခြေခံပညာအလယ်တန်းကျောင်း မရမ်းကုန်း (အ.လ.က 1 မရမ်းကုန်း)),BEMS,Mayangone,MMR013007,Yangon Region,MMR013,township,Ward (8),"Gandamar St., Ward (8),, Mayangone Township, Yangon , Myanmar",09-794742611,Yangon,active,,https://www.edge.com.mm/listing/mayangone-b-e-m-s-1-l25401.html
MMR013007-BEMS02,Basic Education Middle School No. 2 Mayangone (အမှတ် (2) အခြေခံပညာအလယ်တန်းကျောင်း မရမ်းကုန်း (အ.လ.က 2 မရမ်းကုန်း)),BEMS,Mayangone,MMR013007,Yangon Region,MMR013,township,U Phoe Thone Yeik Thar St.,"U Phoe Thone Yeik Thar St., Chaw Dwin Gone, Ward (10),, Mayangone Township, Yangon , Myanmar","01-660458, 09-444860072",Yangon,active,,https://www.edge.com.mm/listing/mayangone-b-e-m-s-2-l25402.html
MMR013007-BEMS03,Basic Education Middle School No. 3 Mayangone (အမှတ် (3) အခြေခံပညာအလယ်တန်းကျောင်း မရမ်းကုန်း (အ.လ.က 3 မရမ်းကုန်း)),BEMS,Mayangone,MMR013007,Yangon Region,MMR013,township,Ward (2),"Yangon-Insein Rd., Corner of Daw Hla Pan St., Kha Wei Chan, Ward (2),, Mayangone Township, Yangon , Myanmar","01-662029, 09-789489809",Yangon,active,,https://www.edge.com.mm/listing/mayangone-b-e-m-s-3-l25403.html
MMR013007-BEMS04,Basic Education Middle School No. 4 Mayangone (အမှတ် (4) အခြေခံပညာအလယ်တန်းကျောင်း မရမ်းကုန်း (အ.လ.က 4 မရမ်းကုန်း)),BEMS,Mayangone,MMR013007,Yangon Region,MMR013,township,Ward (2),"Thamaing Butar Yon Rd., Ward (2),, Mayangone Township, Yangon , Myanmar","01-660863, 09-456887635, 09-792124296",Yangon,active,,https://www.edge.com.mm/listing/mayangone-b-e-m-s-4-l25404.html
MMR013007-BEMS05,Basic Education Middle School No. 5 Mayangone (အမှတ် (5) အခြေခံပညာအလယ်တန်းကျောင်း မရမ်းကုန်း (အ.လ.က 5 မရမ်းကုန်း)),BEMS,Mayangone,MMR013007,Yangon Region,MMR013,township,Ward (3),"Kyaik Waing Pagoda Rd., Ward (3),, Mayangone Township, Yangon , Myanmar","01-661789, 09-420034055, 09-770673489",Yangon,active,,https://www.edge.com.mm/listing/mayangone-b-e-m-s-5-l25405.html
MMR013007-BEMS06,Basic Education Middle School No. 6 Mayangone (အမှတ် (6) အခြေခံပညာအလယ်တန်းကျောင်း မရမ်းကုန်း (အ.လ.က 6 မရမ်းကုန်း)),BEMS,Mayangone,MMR013007,Yangon Region,MMR013,township,Ward (6),"21, Pyay Rd., 7 Mile, Ward (6),, Mayangone Township, Yangon , Myanmar","01-661922, 09-250995648, 09-788158657",Yangon,active,,https://www.edge.com.mm/listing/mayangone-b-e-m-s-6-l25406.html
MMR013007-BEMS08,Basic Education Middle School No. 8 Mayangone (အမှတ် (8) အခြေခံပညာအလယ်တန်းကျောင်း မရမ်းကုန်း (အ.လ.က 8 မရမ်းကုန်း)),BEMS,Mayangone,MMR013007,Yangon Region,MMR013,township,Ward (5),"Tapin Shwe Htee St., Ward (5),, Mayangone Township, Yangon , Myanmar","01-664037, 09-420105915",Yangon,active,,https://www.edge.com.mm/listing/mayangone-b-e-m-s-8-l00232554.html
MMR013007-PV07,Mayangone B.E.P.P.S [13],PV,Mayangone,MMR013007,Yangon Region,MMR013,township,Ward (1),"Thamaing Butar Yone 8th St., Ward (1),, Mayangone Township, Yangon , Myanmar",09-448038127,Yangon,active,,https://www.edge.com.mm/listing/mayangone-b-e-p-p-s-13-l25431.html
MMR013007-PV08,Mayangone B.E.P.P.S [1],PV,Mayangone,MMR013007,Yangon Region,MMR013,township,Ward (7),"Tharlar Waddy St., Ward (7),, Mayangone Township, Yangon , Myanmar","01-661855, 09-787229606",Yangon,active,,https://www.edge.com.mm/listing/mayangone-b-e-p-p-s-1-l25419.html
MMR013007-BEPS10,Basic Education Primary School No. 10 Mayangone (အမှတ် (10) အခြေခံပညာမူလတန်းကျောင်း မရမ်းကုန်း (အ.မ.က 10 မရမ်းကုန်း)),BEPS,Mayangone,MMR013007,Yangon Region,MMR013,township,Ward (8),"Gandamar St., Ward (8),, Mayangone Township, Yangon , Myanmar",09-450003729,Yangon,active,,https://www.edge.com.mm/listing/mayangone-b-e-p-s-10-l25428.html
MMR013007-BEPS11,Basic Education Primary School No. 11 Mayangone (အမှတ် (11) အခြေခံပညာမူလတန်းကျောင်း မရမ်းကုန်း (အ.မ.က 11 မရမ်းကုန်း)),BEPS,Mayangone,MMR013007,Yangon Region,MMR013,township,Ward (2),"Baho Rd. (Upper), Ward (2),, Mayangone Township, Yangon , Myanmar",09-786725813,Yangon,active,,https://www.edge.com.mm/listing/mayangone-b-e-p-s-11-l25429.html
MMR013007-BEPS12,Basic Education Primary School No. 12 Mayangone (အမှတ် (12) အခြေခံပညာမူလတန်းကျောင်း မရမ်းကုန်း (အ.မ.က 12 မရမ်းကုန်း)),BEPS,Mayangone,MMR013007,Yangon Region,MMR013,township,Ward (7),"Tharlar Waddy St., 7 Mile, Ward (7),, Mayangone Township, Yangon , Myanmar",09-781597644,Yangon,active,,https://www.edge.com.mm/listing/mayangone-b-e-p-s-12-l25430.html
MMR013007-BEPS14,Basic Education Primary School No. 14 Mayangone (အမှတ် (14) အခြေခံပညာမူလတန်းကျောင်း မရမ်းကုန်း (အ.မ.က 14 မရမ်းကုန်း)),BEPS,Mayangone,MMR013007,Yangon Region,MMR013,township,Ward (2),"Shwe Tasoke St., Ward (2),, Mayangone Township, Yangon , Myanmar",09-421044112,Yangon,active,,https://www.edge.com.mm/listing/mayangone-b-e-p-s-14-l25432.html
MMR013007-BEPS16,Basic Education Primary School No. 16 Mayangone (အမှတ် (16) အခြေခံပညာမူလတန်းကျောင်း မရမ်းကုန်း (အ.မ.က 16 မရမ်းကုန်း)),BEPS,Mayangone,MMR013007,Yangon Region,MMR013,township,Ward (6),"Aung Mingalar St., Ward (6),, Mayangone Township, Yangon , Myanmar",09-971289193,Yangon,active,,https://www.edge.com.mm/listing/mayangone-b-e-p-s-16-l25434.html
MMR013007-BEPS17,Basic Education Primary School No. 17 Mayangone (အမှတ် (17) အခြေခံပညာမူလတန်းကျောင်း မရမ်းကုန်း (အ.မ.က 17 မရမ်းကုန်း)),BEPS,Mayangone,MMR013007,Yangon Region,MMR013,township,Ward (2),"U Aung Min St., Ward (2),, Mayangone Township, Yangon , Myanmar","09-796333642, 09-971517242",Yangon,active,,https://www.edge.com.mm/listing/mayangone-b-e-p-s-17-l25435.html
MMR013007-BEPS18,Basic Education Primary School No. 18 Mayangone (အမှတ် (18) အခြေခံပညာမူလတန်းကျောင်း မရမ်းကုန်း (အ.မ.က 18 မရမ်းကုန်း)),BEPS,Mayangone,MMR013007,Yangon Region,MMR013,township,Ward (4),"Aung Mingalar Kyaung St., Ward (4),, Mayangone Township, Yangon , Myanmar",09-261393072,Yangon,active,,https://www.edge.com.mm/listing/mayangone-b-e-p-s-18-l25436.html
MMR013007-BEPS19,Basic Education Primary School No. 19 Mayangone (အမှတ် (19) အခြေခံပညာမူလတန်းကျောင်း မရမ်းကုန်း (အ.မ.က 19 မရမ်းကုန်း)),BEPS,Mayangone,MMR013007,Yangon Region,MMR013,township,Ward (5),"Pyi Htaung Su Kyaung Win St., Ward (5),, Mayangone Township, Yangon , Myanmar","09-798240627, 09-250172974",Yangon,active,,https://www.edge.com.mm/listing/mayangone-b-e-p-s-19-l25437.html
MMR013007-BEPS21,Basic Education Primary School No. 21 Mayangone (အမှတ် (21) အခြေခံပညာမူလတန်းကျောင်း မရမ်းကုန်း (အ.မ.က 21 မရမ်းကုန်း)),BEPS,Mayangone,MMR013007,Yangon Region,MMR013,township,Ward (6),"65, Kyaik Waing Pagoda Rd., Social Welfare School, Ward (6),, Mayangone Township, Yangon , Myanmar",09-773916587,Yangon,active,,https://www.edge.com.mm/listing/mayangone-b-e-p-s-21-l25439.html
MMR013007-BEPS22,Basic Education Primary School No. 22 Mayangone (အမှတ် (22) အခြေခံပညာမူလတန်းကျောင်း မရမ်းကုန်း (အ.မ.က 22 မရမ်းကုန်း)),BEPS,Mayangone,MMR013007,Yangon Region,MMR013,township,Ward (5),"Seikta Thukha St., Near Kyauk Yae Twin, Ward (5),, Mayangone Township, Yangon , Myanmar",09-777331178,Yangon,active,,https://www.edge.com.mm/listing/mayangone-b-e-p-s-22-l25440.html
MMR013007-BEPS23,Basic Education Primary School No. 23 Mayangone (အမှတ် (23) အခြေခံပညာမူလတန်းကျောင်း မရမ်းကုန်း (အ.မ.က 23 မရမ်းကုန်း)),BEPS,Mayangone,MMR013007,Yangon Region,MMR013,township,Ward (3),"Aung Theiddi St., Ward (3),, Mayangone Township, Yangon , Myanmar",09-796321795,Yangon,active,,https://www.edge.com.mm/listing/mayangone-b-e-p-s-23-l25441.html
MMR013007-BEPS24,Basic Education Primary School No. 24 Mayangone (အမှတ် (24) အခြေခံပညာမူလတန်းကျောင်း မရမ်းကုန်း (အ.မ.က 24 မရမ်းကုန်း)),BEPS,Mayangone,MMR013007,Yangon Region,MMR013,township,Ward (5),"24, Airport Rd., Ward (5),, Mayangone Township, Yangon , Myanmar",09-453861475,Yangon,active,,https://www.edge.com.mm/listing/mayangone-b-e-p-s-24-l00233792.html
MMR013007-BEPS25,Basic Education Primary School No. 25 Mayangone (အမှတ် (25) အခြေခံပညာမူလတန်းကျောင်း မရမ်းကုန်း (အ.မ.က 25 မရမ်းကုန်း)),BEPS,Mayangone,MMR013007,Yangon Region,MMR013,township,Ward (1),"Thamaing Butar Yone 13th St., Ward (1),, Mayangone Township, Yangon , Myanmar","09-428045228, 09-961456457",Yangon,active,,https://www.edge.com.mm/listing/mayangone-b-e-p-s-25-l25443.html
MMR013007-BEPS26,Basic Education Primary School No. 26 Mayangone (အမှတ် (26) အခြေခံပညာမူလတန်းကျောင်း မရမ်းကုန်း (အ.မ.က 26 မရမ်းကုန်း)),BEPS,Mayangone,MMR013007,Yangon Region,MMR013,township,Ward (1),"Thamaing Butar Yone 4th St., Ward (1),, Mayangone Township, Yangon , Myanmar",09-784444065,Yangon,active,,https://www.edge.com.mm/listing/mayangone-b-e-p-s-26-l25444.html
MMR013007-BEPS28,Basic Education Primary School No. 28 Mayangone (အမှတ် (28) အခြေခံပညာမူလတန်းကျောင်း မရမ်းကုန်း (အ.မ.က 28 မရမ်းကုန်း)),BEPS,Mayangone,MMR013007,Yangon Region,MMR013,township,Ward (7),"Malikha St., Ward (7),, Mayangone Township, Yangon , Myanmar",09-950208311,Yangon,active,,https://www.edge.com.mm/listing/mayangone-b-e-p-s-28-l25446.html
MMR013007-BEPS29,Basic Education Primary School No. 29 Mayangone (အမှတ် (29) အခြေခံပညာမူလတန်းကျောင်း မရမ်းကုန်း (အ.မ.က 29 မရမ်းကုန်း)),BEPS,Mayangone,MMR013007,Yangon Region,MMR013,township,Ward (3),"9/B, Kyaik Waing Pagoda Rd., Ward (3),, Mayangone Township, Yangon , Myanmar","09-795515003, 09-791109473",Yangon,active,,https://www.edge.com.mm/listing/mayangone-b-e-p-s-29-l25447.html
MMR013007-BEPS02,Basic Education Primary School No. 2 Mayangone (အမှတ် (2) အခြေခံပညာမူလတန်းကျောင်း မရမ်းကုန်း (အ.မ.က 2 မရမ်းကုန်း)),BEPS,Mayangone,MMR013007,Yangon Region,MMR013,township,Ward (2),"Thamaing Butar Yon Rd., Ward (2),, Mayangone Township, Yangon , Myanmar","01-661707, 09-5415148",Yangon,active,,https://www.edge.com.mm/listing/mayangone-b-e-p-s-2-l25420.html
MMR013007-BEPS03,Basic Education Primary School No. 3 Mayangone (အမှတ် (3) အခြေခံပညာမူလတန်းကျောင်း မရမ်းကုန်း (အ.မ.က 3 မရမ်းကုန်း)),BEPS,Mayangone,MMR013007,Yangon Region,MMR013,township,Ward (4),"Pyay Rd., University of Defense Compound, Ward (4),, Mayangone Township, Yangon , Myanmar",09-781597188,Yangon,active,,https://www.edge.com.mm/listing/mayangone-b-e-p-s-3-l25421.html
MMR013007-BEPS04,Basic Education Primary School No. 4 Mayangone (အမှတ် (4) အခြေခံပညာမူလတန်းကျောင်း မရမ်းကုန်း (အ.မ.က 4 မရမ်းကုန်း)),BEPS,Mayangone,MMR013007,Yangon Region,MMR013,township,Ward (5),"Shan Ywar St., 9 Mile, Ward (5),, Mayangone Township, Yangon , Myanmar",09-43187458,Yangon,active,,https://www.edge.com.mm/listing/mayangone-b-e-p-s-4-l25422.html
MMR013007-BEPS05,Basic Education Primary School No. 5 Mayangone (အမှတ် (5) အခြေခံပညာမူလတန်းကျောင်း မရမ်းကုန်း (အ.မ.က 5 မရမ်းကုန်း)),BEPS,Mayangone,MMR013007,Yangon Region,MMR013,township,Ward (1),"Thamaing Butar Yone 2nd St., Ward (1),, Mayangone Township, Yangon , Myanmar",09-421058964,Yangon,active,,https://www.edge.com.mm/listing/mayangone-b-e-p-s-5-l25423.html
MMR013007-BEPS06,Basic Education Primary School No. 6 Mayangone (အမှတ် (6) အခြေခံပညာမူလတန်းကျောင်း မရမ်းကုန်း (အ.မ.က 6 မရမ်းကုန်း)),BEPS,Mayangone,MMR013007,Yangon Region,MMR013,township,Ward (5),"Shwe Hnin Si 7th St., Ward (5),, Mayangone Township, Yangon , Myanmar",09-442172617,Yangon,active,,https://www.edge.com.mm/listing/mayangone-b-e-p-s-6-l25424.html
MMR013007-BEPS07,Basic Education Primary School No. 7 Mayangone (အမှတ် (7) အခြေခံပညာမူလတန်းကျောင်း မရမ်းကုန်း (အ.မ.က 7 မရမ်းကုန်း)),BEPS,Mayangone,MMR013007,Yangon Region,MMR013,township,Ward (10),"Parami Rd., Ward (10),, Mayangone Township, Yangon , Myanmar","09-799280448, 09-420098873",Yangon,active,,https://www.edge.com.mm/listing/mayangone-b-e-p-s-7-l25425.html
MMR013007-BEPS08,Basic Education Primary School No. 8 Mayangone (အမှတ် (8) အခြေခံပညာမူလတန်းကျောင်း မရမ်းကုန်း (အ.မ.က 8 မရမ်းကုန်း)),BEPS,Mayangone,MMR013007,Yangon Region,MMR013,township,Ward (9),"Yae Kue Ywar Ma St., Ward (9),, Mayangone Township, Yangon , Myanmar",09-785039227,Yangon,active,,https://www.edge.com.mm/listing/mayangone-b-e-p-s-8-l25426.html
MMR013007-BEPS09,Basic Education Primary School No. 9 Mayangone (အမှတ် (9) အခြေခံပညာမူလတန်းကျောင်း မရမ်းကုန်း (အ.မ.က 9 မရမ်းကုန်း)),BEPS,Mayangone,MMR013007,Yangon Region,MMR013,township,Ward (2),"Nyi Nyunt Yae St., Ward (2),, Mayangone Township, Yangon , Myanmar","09-263672339, 09-261883631",Yangon,active,,https://www.edge.com.mm/listing/mayangone-b-e-p-s-9-l25427.html
MMR009013-BEPS01,Basic Education Primary School Meiktila (အခြေခံပညာမူလတန်းကျောင်း မိတ္ထီလာ),BEPS,Meiktila,MMR009013,Mandalay Region,MMR009,township,Nan Taw Kone Ward,"Foot Ball Station St, Near Myana Economic Bank, Nan Taw Kone Ward,, Meikhtila Township, Mandalay , Myanmar",064-23753,Mandalay,active,,https://www.edge.com.mm/listing/meikhtila-state-primary-school-u25255694.html
MMR008004-BEHS01,Basic Education High School Minhla (အခြေခံပညာအထက်တန်းကျောင်း မင်းလှ),BEHS,Minhla,MMR008004,Magway Region,MMR008,township,Ward (4),"4, Bo Yone Tan St., Ward (4),, Min Hla Township, Bago , Myanmar",053-30236,Bago,active,,https://www.edge.com.mm/listing/min-hla-b-e-h-s-l00313299.html
MMR008004-BEMS01,Basic Education Middle School Minhla (အခြေခံပညာအလယ်တန်းကျောင်း မင်းလှ),BEMS,Minhla,MMR008004,Magway Region,MMR008,township,Ward (3),"Lanmadaw Rd., Ward (3) ,, Min Hla Township, Bago , Myanmar",053-30719,Bago,active,,https://www.edge.com.mm/listing/min-hla-b-e-m-s-l97632.html
MMR013031-BEHS01,Basic Education High School No. 1 Mingalar Taung Nyunt (အမှတ် (1) အခြေခံပညာအထက်တန်းကျောင်း မင်္ဂလာတောင်ညွန့် (အ.ထ.က 1 မင်္ဂလာတောင်ညွန့်)),BEHS,Mingalar Taung Nyunt,MMR013031,Yangon Region,MMR013,township,Tha Pyay Gone Ward,"Thein Phyu Rd., Corner of Banyar Dala Rd., Tha Pyay Gone Ward,, Mingalar Taung Nyunt Township, Yangon , Myanmar","01-376429, 09-260643525",Yangon,active,,https://www.edge.com.mm/listing/mingalar-taung-nyunt-b-e-h-s-1-l16905.html
MMR013031-BEHS03,Basic Education High School No. 3 Mingalar Taung Nyunt (အမှတ် (3) အခြေခံပညာအထက်တန်းကျောင်း မင်္ဂလာတောင်ညွန့် (အ.ထ.က 3 မင်္ဂလာတောင်ညွန့်)),BEHS,Mingalar Taung Nyunt,MMR013031,Yangon Region,MMR013,township,Kan Daw Kalay (South) Ward,"42, Upper Pansoedan Rd., Kan Daw Kalay (South) Ward,, Mingalar Taung Nyunt Township, Yangon , Myanmar","01-375213, 09-976282720",Yangon,active,,https://www.edge.com.mm/listing/mingalar-taung-nyunt-b-e-h-s-3-l00326726.html
MMR013031-BEHS04,Basic Education High School No. 4 Mingalar Taung Nyunt (အမှတ် (4) အခြေခံပညာအထက်တန်းကျောင်း မင်္ဂလာတောင်ညွန့် (အ.ထ.က 4 မင်္ဂလာတောင်ညွန့်)),BEHS,Mingalar Taung Nyunt,MMR013031,Yangon Region,MMR013,township,Kan Daw Kalay (South) Ward,"24, Upper Pansoedan Rd., Kan Daw Kalay (South) Ward,, Mingalar Taung Nyunt Township, Yangon , Myanmar","01-375884, 09-796244133",Yangon,active,,https://www.edge.com.mm/listing/mingalar-taung-nyunt-b-e-h-s-4-l00326728.html
MMR013031-BEHS05,Basic Education High School No. 5 Mingalar Taung Nyunt (အမှတ် (5) အခြေခံပညာအထက်တန်းကျောင်း မင်္ဂလာတောင်ညွန့် (အ.ထ.က 5 မင်္ဂလာတောင်ညွန့်)),BEHS,Mingalar Taung Nyunt,MMR013031,Yangon Region,MMR013,township,Tha Pyay Gone Ward,"47/55, 123th St., Tha Pyay Gone Ward,, Mingalar Taung Nyunt Township, Yangon , Myanmar",01-291653,Yangon,active,,https://www.edge.com.mm/listing/mingalar-taung-nyunt-b-e-h-s-5-l00326732.html
MMR013031-BEHS06,Basic Education High School No. 6 Mingalar Taung Nyunt (အမှတ် (6) အခြေခံပညာအထက်တန်းကျောင်း မင်္ဂလာတောင်ညွန့် (အ.ထ.က 6 မင်္ဂလာတောင်ညွန့်)),BEHS,Mingalar Taung Nyunt,MMR013031,Yangon Region,MMR013,township,Tha Pyay Gone Ward,"23, U Aung Myat St., Tha Pyay Gone Ward,, Mingalar Taung Nyunt Township, Yangon , Myanmar","01-290552, 09-795206108",Yangon,active,,https://www.edge.com.mm/listing/mingalar-taung-nyunt-b-e-h-s-6-l00326735.html
MMR013031-BEHS07,Basic Education High School No. 7 Mingalar Taung Nyunt (အမှတ် (7) အခြေခံပညာအထက်တန်းကျောင်း မင်္ဂလာတောင်ညွန့် (အ.ထ.က 7 မင်္ဂလာတောင်ညွန့်)),BEHS,Mingalar Taung Nyunt,MMR013031,Yangon Region,MMR013,township,Set Sann Ward,"Upper Pazundaung Rd., Corner of Set San 4th St., Upper Pazundaung, Set Sann Ward,, Mingalar Taung Nyunt Township, Yangon , Myanmar",09-448012588,Yangon,active,,https://www.edge.com.mm/listing/mingalar-taung-nyunt-b-e-h-s-7-l16917.html
MMR013031-BEMS01,Basic Education Middle School No. 1 Mingalar Taung Nyunt (အမှတ် (1) အခြေခံပညာအလယ်တန်းကျောင်း မင်္ဂလာတောင်ညွန့် (အ.လ.က 1 မင်္ဂလာတောင်ညွန့်)),BEMS,Mingalar Taung Nyunt,MMR013031,Yangon Region,MMR013,township,Phoh Myay Ward,"52, Myanma Gone Yee St., Phoh Myay Ward,, Mingalar Taung Nyunt Township, Yangon , Myanmar","01-202330, 09-420170324",Yangon,active,,https://www.edge.com.mm/listing/mingalar-taung-nyunt-b-e-m-s-1-l16918.html
MMR013031-BEMS02,Basic Education Middle School No. 2 Mingalar Taung Nyunt (အမှတ် (2) အခြေခံပညာအလယ်တန်းကျောင်း မင်္ဂလာတောင်ညွန့် (အ.လ.က 2 မင်္ဂလာတောင်ညွန့်)),BEMS,Mingalar Taung Nyunt,MMR013031,Yangon Region,MMR013,township,Kan Daw Kalay (North) Ward,"239, Thein Phyu Rd., Kan Daw Kalay (North) Ward,, Mingalar Taung Nyunt Township, Yangon , Myanmar","01-383062, 09-425019286",Yangon,active,,https://www.edge.com.mm/listing/mingalar-taung-nyunt-b-e-m-s-2-l16971.html
MMR013031-BEMS02-1,Basic Education Middle School No. 2 Mingalar Taung Nyunt (အမှတ် (2) အခြေခံပညာအလယ်တန်းကျောင်း မင်္ဂလာတောင်ညွန့် (အ.လ.က 2 မင်္ဂလာတောင်ညွန့်)),BEMS,Mingalar Taung Nyunt,MMR013031,Yangon Region,MMR013,township,Kan Daw Kalay (East) Ward,"455, Thein Phyu Rd., Kan Daw Kalay (East) Ward,, Mingalar Taung Nyunt Township, Yangon , Myanmar","01-384217, 09-450019391",Yangon,active,,https://www.edge.com.mm/listing/mingalar-taung-nyunt-b-e-m-s-2-l16969.html
MMR013031-PV01,Mingalar Taung Nyunt B.E.P.P.S [12],PV,Mingalar Taung Nyunt,MMR013031,Yangon Region,MMR013,township,Kyi Taw Ward,"12, Kwet Thit St., Kyi Taw Ward,, Mingalar Taung Nyunt Township, Yangon , Myanmar","09-781093071, 09-250080589",Yangon,active,,https://www.edge.com.mm/listing/mingalar-taung-nyunt-b-e-p-p-s-12-l16980.html
MMR013031-PV02,Mingalar Taung Nyunt B.E.P.P.S [14],PV,Mingalar Taung Nyunt,MMR013031,Yangon Region,MMR013,township,Yae Twin Gone Ward,"74, 121th St., Yae Twin Gone Ward,, Mingalar Taung Nyunt Township, Yangon , Myanmar","01-292472, 09-798175204",Yangon,active,,https://www.edge.com.mm/listing/mingalar-taung-nyunt-b-e-p-p-s-14-l16982.html
MMR013031-PV03,Mingalar Taung Nyunt B.E.P.P.S [20],PV,Mingalar Taung Nyunt,MMR013031,Yangon Region,MMR013,township,Pathein Nyunt Ward,"13/B, Thamain Bayan St., Pathein Nyunt Ward,, Mingalar Taung Nyunt Township, Yangon , Myanmar",09-448053195,Yangon,active,,https://www.edge.com.mm/listing/mingalar-taung-nyunt-b-e-p-p-s-20-l00326797.html
MMR013031-PV04,Mingalar Taung Nyunt B.E.P.P.S [3],PV,Mingalar Taung Nyunt,MMR013031,Yangon Region,MMR013,township,Kan Daw Kalay (South) Ward,"62, Mandalay St., Kan Daw Kalay (South) Ward,, Mingalar Taung Nyunt Township, Yangon , Myanmar","09-788201321, 01-384078",Yangon,active,,https://www.edge.com.mm/listing/mingalar-taung-nyunt-b-e-p-p-s-3-l178712.html
MMR013031-BEPS10,Basic Education Primary School No. 10 Mingalar Taung Nyunt (အမှတ် (10) အခြေခံပညာမူလတန်းကျောင်း မင်္ဂလာတောင်ညွန့် (အ.မ.က 10 မင်္ဂလာတောင်ညွန့်)),BEPS,Mingalar Taung Nyunt,MMR013031,Yangon Region,MMR013,township,Mingalar Taung Nyunt Ward,"115th St., Mingalar Taung Nyunt Ward,, Mingalar Taung Nyunt Township, Yangon , Myanmar",09-421555205,Yangon,active,,https://www.edge.com.mm/listing/mingalar-taung-nyunt-b-e-p-s-10-l16978.html
MMR013031-BEPS11,Basic Education Primary School No. 11 Mingalar Taung Nyunt (အမှတ် (11) အခြေခံပညာမူလတန်းကျောင်း မင်္ဂလာတောင်ညွန့် (အ.မ.က 11 မင်္ဂလာတောင်ညွန့်)),BEPS,Mingalar Taung Nyunt,MMR013031,Yangon Region,MMR013,township,Taung Lone Pyan Ward,"19, Kyaung St., Taung Lone Pyan Ward,, Mingalar Taung Nyunt Township, Yangon , Myanmar",09-424324632,Yangon,active,,https://www.edge.com.mm/listing/mingalar-taung-nyunt-b-e-p-s-11-l16979.html
MMR013031-BEPS13,Basic Education Primary School No. 13 Mingalar Taung Nyunt (အမှတ် (13) အခြေခံပညာမူလတန်းကျောင်း မင်္ဂလာတောင်ညွန့် (အ.မ.က 13 မင်္ဂလာတောင်ညွန့်)),BEPS,Mingalar Taung Nyunt,MMR013031,Yangon Region,MMR013,township,Hpa-Sa-Pa-La Housing,"Gyo Phyu St., Hpa-Sa-Pa-La Housing, Hpa-Sa-Pa-La Ward,, Mingalar Taung Nyunt Township, Yangon , Myanmar","01-384503, 09-426481116",Yangon,active,,https://www.edge.com.mm/listing/mingalar-taung-nyunt-b-e-p-s-13-l00326794.html
MMR013031-BEPS15,Basic Education Primary School No. 15 Mingalar Taung Nyunt (အမှတ် (15) အခြေခံပညာမူလတန်းကျောင်း မင်္ဂလာတောင်ညွန့် (အ.မ.က 15 မင်္ဂလာတောင်ညွန့်)),BEPS,Mingalar Taung Nyunt,MMR013031,Yangon Region,MMR013,township,Ma Hlwa Gone Mee Ya Htarr Ward,"Ma Hlwar Gone Railways Compound, Ma Hlwa Gone Mee Ya Htarr Ward,, Mingalar Taung Nyunt Township, Yangon , Myanmar",09-421112061,Yangon,active,,https://www.edge.com.mm/listing/mingalar-taung-nyunt-b-e-p-s-15-l16983.html
MMR013031-BEPS17,Basic Education Primary School No. 17 Mingalar Taung Nyunt (အမှတ် (17) အခြေခံပညာမူလတန်းကျောင်း မင်္ဂလာတောင်ညွန့် (အ.မ.က 17 မင်္ဂလာတောင်ညွန့်)),BEPS,Mingalar Taung Nyunt,MMR013031,Yangon Region,MMR013,township,Set Sann Ward,"Upper Pazundaung Rd., Yone Lay Bus Stop, Set Sann Ward,, Mingalar Taung Nyunt Township, Yangon , Myanmar",09-785477086,Yangon,active,,https://www.edge.com.mm/listing/mingalar-taung-nyunt-b-e-p-s-17-l16984.html
MMR013031-BEPS18,Basic Education Primary School No. 18 Mingalar Taung Nyunt (အမှတ် (18) အခြေခံပညာမူလတန်းကျောင်း မင်္ဂလာတောင်ညွန့် (အ.မ.က 18 မင်္ဂလာတောင်ညွန့်)),BEPS,Mingalar Taung Nyunt,MMR013031,Yangon Region,MMR013,township,Tharyar Gone Ward,"Set Yon Rd.(Mill Rd.), YCDC Playground, Tharyar Gone Ward,, Mingalar Taung Nyunt Township, Yangon , Myanmar",09-5184832,Yangon,active,,https://www.edge.com.mm/listing/mingalar-taung-nyunt-b-e-p-s-18-l16985.html
MMR013031-BEPS19,Basic Education Primary School No. 19 Mingalar Taung Nyunt (အမှတ် (19) အခြေခံပညာမူလတန်းကျောင်း မင်္ဂလာတောင်ညွန့် (အ.မ.က 19 မင်္ဂလာတောင်ညွန့်)),BEPS,Mingalar Taung Nyunt,MMR013031,Yangon Region,MMR013,township,Set Sann Ward,"361/363, Upper Pazundaung Rd., Set Sann Ward,, Mingalar Taung Nyunt Township, Yangon , Myanmar",09-796359395,Yangon,active,,https://www.edge.com.mm/listing/mingalar-taung-nyunt-b-e-p-s-19-l16986.html
MMR013031-BEPS01,Basic Education Primary School No. 1 Mingalar Taung Nyunt (အမှတ် (1) အခြေခံပညာမူလတန်းကျောင်း မင်္ဂလာတောင်ညွန့် (အ.မ.က 1 မင်္ဂလာတောင်ညွန့်)),BEPS,Mingalar Taung Nyunt,MMR013031,Yangon Region,MMR013,township,Hpa-Sa-Pa-La Housing,"40, Hpa-Sa-Pa-La Housing, Hpa-Sa-Pa-La Ward,, Mingalar Taung Nyunt Township, Yangon , Myanmar","01-379658, 09-421050922",Yangon,active,,https://www.edge.com.mm/listing/mingalar-taung-nyunt-b-e-p-s-1-l16970.html
MMR013031-BEPS21,Basic Education Primary School No. 21 Mingalar Taung Nyunt (အမှတ် (21) အခြေခံပညာမူလတန်းကျောင်း မင်္ဂလာတောင်ညွန့် (အ.မ.က 21 မင်္ဂလာတောင်ညွန့်)),BEPS,Mingalar Taung Nyunt,MMR013031,Yangon Region,MMR013,township,Pathein Nyunt Ward,"Choon 3rd St., Pathein Nyunt Ward,, Mingalar Taung Nyunt Township, Yangon , Myanmar",09-448032710,Yangon,active,,https://www.edge.com.mm/listing/mingalar-taung-nyunt-b-e-p-s-21-l16988.html
MMR013031-BEPS23,Basic Education Primary School No. 23 Mingalar Taung Nyunt (အမှတ် (23) အခြေခံပညာမူလတန်းကျောင်း မင်္ဂလာတောင်ညွန့် (အ.မ.က 23 မင်္ဂလာတောင်ညွန့်)),BEPS,Mingalar Taung Nyunt,MMR013031,Yangon Region,MMR013,township,Taung Nyunt Mee Ya Htar Ward,"Bo Min Yaung Rd., Mee Ya Htar Quarter Compound, Taung Nyunt Mee Ya Htar Ward,, Mingalar Taung Nyunt Township, Yangon , Myanmar",09-450016776,Yangon,active,,https://www.edge.com.mm/listing/mingalar-taung-nyunt-b-e-p-s-23-l16989.html
MMR013031-BEPS24,Basic Education Primary School No. 24 Mingalar Taung Nyunt (အမှတ် (24) အခြေခံပညာမူလတန်းကျောင်း မင်္ဂလာတောင်ညွန့် (အ.မ.က 24 မင်္ဂလာတောင်ညွန့်)),BEPS,Mingalar Taung Nyunt,MMR013031,Yangon Region,MMR013,township,Pathein Nyunt Ward,"13/B, Thamain Bayan St., Pathein Nyunt Ward,, Mingalar Taung Nyunt Township, Yangon , Myanmar",09-799392297,Yangon,active,,https://www.edge.com.mm/listing/mingalar-taung-nyunt-b-e-p-s-24-l00326802.html
MMR013031-BEPS04,Basic Education Primary School No. 4 Mingalar Taung Nyunt (အမှတ် (4) အခြေခံပညာမူလတန်းကျောင်း မင်္ဂလာတောင်ညွန့် (အ.မ.က 4 မင်္ဂလာတောင်ညွန့်)),BEPS,Mingalar Taung Nyunt,MMR013031,Yangon Region,MMR013,township,Ou Yin Ward,"175/A, Upper Pansoedan Rd., Ou Yin Ward,, Mingalar Taung Nyunt Township, Yangon , Myanmar","01-384704, 09-421106883",Yangon,active,,https://www.edge.com.mm/listing/mingalar-taung-nyunt-b-e-p-s-4-l00326784.html
MMR013031-BEPS05,Basic Education Primary School No. 5 Mingalar Taung Nyunt (အမှတ် (5) အခြေခံပညာမူလတန်းကျောင်း မင်္ဂလာတောင်ညွန့် (အ.မ.က 5 မင်္ဂလာတောင်ညွန့်)),BEPS,Mingalar Taung Nyunt,MMR013031,Yangon Region,MMR013,township,Thein Byu Mee Ya Htar Ward,"Bo Min Yaung Rd., Thein Phyu Railways Compound, Thein Byu Mee Ya Htar Ward,, Mingalar Taung Nyunt Township, Yangon , Myanmar","01-384765, 09-450213587",Yangon,active,,https://www.edge.com.mm/listing/mingalar-taung-nyunt-b-e-p-s-5-l16973.html
MMR013031-BEPS06,Basic Education Primary School No. 6 Mingalar Taung Nyunt (အမှတ် (6) အခြေခံပညာမူလတန်းကျောင်း မင်္ဂလာတောင်ညွန့် (အ.မ.က 6 မင်္ဂလာတောင်ညွန့်)),BEPS,Mingalar Taung Nyunt,MMR013031,Yangon Region,MMR013,township,Loot Latt Yay Ward,"96/98, 95th St., Loot Latt Yay Ward,, Mingalar Taung Nyunt Township, Yangon , Myanmar",09-423387605,Yangon,active,,https://www.edge.com.mm/listing/mingalar-taung-nyunt-b-e-p-s-6-l16974.html
MMR013031-BEPS07,Basic Education Primary School No. 7 Mingalar Taung Nyunt (အမှတ် (7) အခြေခံပညာမူလတန်းကျောင်း မင်္ဂလာတောင်ညွန့် (အ.မ.က 7 မင်္ဂလာတောင်ညွန့်)),BEPS,Mingalar Taung Nyunt,MMR013031,Yangon Region,MMR013,township,Kan Daw Kalay (West) Ward,"96, Upper Pansoedan Rd., Kan Daw Kalay (West) Ward,, Mingalar Taung Nyunt Township, Yangon , Myanmar","01-384562, 09-778578958",Yangon,active,,https://www.edge.com.mm/listing/mingalar-taung-nyunt-b-e-p-s-7-l16975.html
MMR013031-BEPS08,Basic Education Primary School No. 8 Mingalar Taung Nyunt (အမှတ် (8) အခြေခံပညာမူလတန်းကျောင်း မင်္ဂလာတောင်ညွန့် (အ.မ.က 8 မင်္ဂလာတောင်ညွန့်)),BEPS,Mingalar Taung Nyunt,MMR013031,Yangon Region,MMR013,township,Mingalar Taung Nyunt Ward,"162/166, Bo Min Yaung Rd., Mingalar Taung Nyunt Ward,, Mingalar Taung Nyunt Township, Yangon , Myanmar",09-400165683,Yangon,active,,https://www.edge.com.mm/listing/mingalar-taung-nyunt-b-e-p-s-8-l16976.html
MMR013031-BEPS09,Basic Education Primary School No. 9 Mingalar Taung Nyunt (အမှတ် (9) အခြေခံပညာမူလတန်းကျောင်း မင်္ဂလာတောင်ညွန့် (အ.မ.က 9 မင်္ဂလာတောင်ညွန့်)),BEPS,Mingalar Taung Nyunt,MMR013031,Yangon Region,MMR013,township,Mingalar Taung Nyunt Ward,"136, Bo Min Yaung Rd., Mingalar Taung Nyunt Ward,, Mingalar Taung Nyunt Township, Yangon , Myanmar",09-443084947,Yangon,active,,https://www.edge.com.mm/listing/mingalar-taung-nyunt-b-e-p-s-9-l16977.html
MMR013031-BEPS02,Basic Education Primary School Mingalar Taung Nyunt (အခြေခံပညာမူလတန်းကျောင်း မင်္ဂလာတောင်ညွန့်),BEPS,Mingalar Taung Nyunt,MMR013031,Yangon Region,MMR013,township,Mingalar Taung Nyunt Ward,"69, Set Yon Rd.(Mill Rd.), Mingalar Taung Nyunt Ward,, Mingalar Taung Nyunt Township, Yangon , Myanmar","09-772234971, 09-459927050, 09-420707633",Yangon,active,,https://www.edge.com.mm/listing/mingalar-taung-nyunt-pre-primary-school-l168407.html
MMR013011-BEHS01,Basic Education High School No. 1 Mingaladon (အမှတ် (1) အခြေခံပညာအထက်တန်းကျောင်း မင်္ဂလာဒုံ (အ.ထ.က 1 မင်္ဂလာဒုံ)),BEHS,Mingaladon,MMR013011,Yangon Region,MMR013,township,Pyi Daw Thar Ward,"Pyay Rd., Wireless, Pyi Daw Thar Ward,, Mingalardon Township, Yangon , Myanmar",01-635075,Yangon,active,,https://www.edge.com.mm/listing/mingalardon-b-e-h-s-1-l40101.html
MMR013011-BEHS02,Basic Education High School No. 2 Mingaladon (အမှတ် (2) အခြေခံပညာအထက်တန်းကျောင်း မင်္ဂလာဒုံ (အ.ထ.က 2 မင်္ဂလာဒုံ)),BEHS,Mingaladon,MMR013011,Yangon Region,MMR013,township,Mingalardon Zay Ward,"Pyay Rd., Kha Yae Pin Junction, Mingalardon Zay Ward,, Mingalardon Township, Yangon , Myanmar","01-635385, 09-5068214",Yangon,active,,https://www.edge.com.mm/listing/mingalardon-b-e-h-s-2-l00330653.html
MMR013011-BEHS03,Basic Education High School No. 3 Mingaladon (အမှတ် (3) အခြေခံပညာအထက်တန်းကျောင်း မင်္ဂလာဒုံ (အ.ထ.က 3 မင်္ဂလာဒုံ)),BEHS,Mingaladon,MMR013011,Yangon Region,MMR013,township,Htauk Kyant Zay Ward,"Yangon-Bago Rd., Htauk Kyant Zay Ward,, Mingalardon Township, Yangon , Myanmar",01-600018,Yangon,active,,https://www.edge.com.mm/listing/mingalardon-b-e-h-s-3-l00330742.html
MMR013011-BEHS04,Basic Education High School No. 4 Mingaladon (အမှတ် (4) အခြေခံပညာအထက်တန်းကျောင်း မင်္ဂလာဒုံ (အ.ထ.က 4 မင်္ဂလာဒုံ)),BEHS,Mingaladon,MMR013011,Yangon Region,MMR013,township,,"No.(3) Main Rd., Padamyar Myoe Thit, Padamyar Myoe Thit,, Mingalardon Township, Yangon , Myanmar","01-638065, 09-420240168",Yangon,active,,https://www.edge.com.mm/listing/mingalardon-b-e-h-s-4-l40195.html
MMR013011-BEHS05,Basic Education High School No. 5 Mingaladon (အမှတ် (5) အခြေခံပညာအထက်တန်းကျောင်း မင်္ဂလာဒုံ (အ.ထ.က 5 မင်္ဂလာဒုံ)),BEHS,Mingaladon,MMR013011,Yangon Region,MMR013,township,Mingalardon Zay Ward,"14th St., Mingalardon Zay Ward,, Mingalardon Township, Yangon , Myanmar","01-635019, 09-422123182",Yangon,active,,https://www.edge.com.mm/listing/mingalardon-b-e-h-s-5-l40193.html
MMR013011-BEHS06,Basic Education High School No. 6 Mingaladon (အမှတ် (6) အခြေခံပညာအထက်တန်းကျောင်း မင်္ဂလာဒုံ (အ.ထ.က 6 မင်္ဂလာဒုံ)),BEHS,Mingaladon,MMR013011,Yangon Region,MMR013,township,Kone Ta La Paung Ward,"Moe Makha St., Kone Ta La Paung Ward,, Mingalardon Township, Yangon , Myanmar",09-799859319,Yangon,active,,https://www.edge.com.mm/listing/mingalardon-b-e-h-s-6-l00330638.html
MMR013011-BEHS07,Basic Education High School No. 7 Mingaladon (အမှတ် (7) အခြေခံပညာအထက်တန်းကျောင်း မင်္ဂလာဒုံ (အ.ထ.က 7 မင်္ဂလာဒုံ)),BEHS,Mingaladon,MMR013011,Yangon Region,MMR013,township,Thit Seint Kone Ward,"No.(3) Main Rd., Thit Seint Kone Ward,, Mingalardon Township, Yangon , Myanmar","01-638070, 09-403737725",Yangon,active,,https://www.edge.com.mm/listing/mingalardon-b-e-h-s-7-l40228.html
MMR013011-BEMS10,Basic Education Middle School No. 10 Mingaladon (အမှတ် (10) အခြေခံပညာအလယ်တန်းကျောင်း မင်္ဂလာဒုံ (အ.လ.က 10 မင်္ဂလာဒုံ)),BEMS,Mingaladon,MMR013011,Yangon Region,MMR013,township,Mingalardon Zay Ward,"Pyay Rd., Air Force Maintenance Compound, Mingalardon Zay Ward,, Mingalardon Township, Yangon , Myanmar",09-73021261,Yangon,active,,https://www.edge.com.mm/listing/mingalardon-b-e-m-s-10-l00330927.html
MMR013011-BEMS11,Basic Education Middle School No. 11 Mingaladon (အမှတ် (11) အခြေခံပညာအလယ်တန်းကျောင်း မင်္ဂလာဒုံ (အ.လ.က 11 မင်္ဂလာဒုံ)),BEMS,Mingaladon,MMR013011,Yangon Region,MMR013,township,Pyi Daw Thar Ward,"Wireless, Pyi Daw Thar Ward,, Mingalardon Township, Yangon , Myanmar",09-785156328,Yangon,active,,https://www.edge.com.mm/listing/mingalardon-b-e-m-s-11-l40493.html
MMR013011-BEMS-BR12,Basic Education Middle School (Branch) No. 12 Mingaladon (အမှတ် (12) အခြေခံပညာအလယ်တန်းကျောင်း (ခွဲ) မင်္ဂလာဒုံ (အ.လ.က (ခွဲ) 12 မင်္ဂလာဒုံ)),BEMS-BR,Mingaladon,MMR013011,Yangon Region,MMR013,township,Htauk Kyant Toe Chae Ward,"No.(2) Toe Chae Rd., Htauk Kyant, Htauk Kyant Toe Chae Ward,, Mingalardon Township, Yangon , Myanmar",09-448044463,Yangon,active,,https://www.edge.com.mm/listing/mingalardon-b-e-m-s-12-branch-l41308.html
MMR013011-BEMS01,Basic Education Middle School No. 1 Mingaladon (အမှတ် (1) အခြေခံပညာအလယ်တန်းကျောင်း မင်္ဂလာဒုံ (အ.လ.က 1 မင်္ဂလာဒုံ)),BEMS,Mingaladon,MMR013011,Yangon Region,MMR013,township,Chit Tee Gone Ward,"Butar Yone Thit St., Chit Tee Gone Ward,, Mingalardon Township, Yangon , Myanmar",09-5198448,Yangon,active,,https://www.edge.com.mm/listing/mingalardon-b-e-m-s-1-l40239.html
MMR013011-BEMS-BR02,Basic Education Middle School (Branch) No. 2 Mingaladon (အမှတ် (2) အခြေခံပညာအလယ်တန်းကျောင်း (ခွဲ) မင်္ဂလာဒုံ (အ.လ.က (ခွဲ) 2 မင်္ဂလာဒုံ)),BEMS-BR,Mingaladon,MMR013011,Yangon Region,MMR013,township,Shwe Nant Thar Village Track,"Shwe Nant Thar San Pya, Shwe Nant Thar Village Track,, Mingalardon Township, Yangon , Myanmar","01-609128, 09-450991734",Yangon,active,,https://www.edge.com.mm/listing/mingalardon-b-e-m-s-2-branch-l40502.html
MMR013011-BEMS38,Basic Education Middle School No. 38 Mingaladon (အမှတ် (38) အခြေခံပညာအလယ်တန်းကျောင်း မင်္ဂလာဒုံ (အ.လ.က 38 မင်္ဂလာဒုံ)),BEMS,Mingaladon,MMR013011,Yangon Region,MMR013,township,,"Industrial Zone,, Mingalardon Township, Yangon , Myanmar",09-420072107,Yangon,active,,https://www.edge.com.mm/listing/mingalardon-b-e-m-s-38-l00315386.html
MMR013011-BEMS03,Basic Education Middle School No. 3 Mingaladon (အမှတ် (3) အခြေခံပညာအလယ်တန်းကျောင်း မင်္ဂလာဒုံ (အ.လ.က 3 မင်္ဂလာဒုံ)),BEMS,Mingaladon,MMR013011,Yangon Region,MMR013,township,Chit Tee Gone Ward,"Butar Yone Thit St., Post Office, Chit Tee Gone Ward,, Mingalardon Township, Yangon , Myanmar","09-420151551, 01-635063",Yangon,active,,https://www.edge.com.mm/listing/mingalardon-b-e-m-s-3-l40204.html
MMR013011-BEMS04,Basic Education Middle School No. 4 Mingaladon (အမှတ် (4) အခြေခံပညာအလယ်တန်းကျောင်း မင်္ဂလာဒုံ (အ.လ.က 4 မင်္ဂလာဒုံ)),BEMS,Mingaladon,MMR013011,Yangon Region,MMR013,township,Mingalardon Zay Ward,"Pyay Rd., Post Office Bus Stop, Mingalardon Zay Ward,, Mingalardon Township, Yangon , Myanmar","01-635018, 09-441525751",Yangon,active,,https://www.edge.com.mm/listing/mingalardon-b-e-m-s-4-l40194.html
MMR013011-BEMS05,Basic Education Middle School No. 5 Mingaladon (အမှတ် (5) အခြေခံပညာအလယ်တန်းကျောင်း မင်္ဂလာဒုံ (အ.လ.က 5 မင်္ဂလာဒုံ)),BEMS,Mingaladon,MMR013011,Yangon Region,MMR013,township,Pa-La-Ya Ward,"Pyay Rd., Wireless, Pa-La-Ya Ward,, Mingalardon Township, Yangon , Myanmar","01-635133, 09-970727305",Yangon,active,,https://www.edge.com.mm/listing/mingalardon-b-e-m-s-5-l40205.html
MMR013011-BEMS06,Basic Education Middle School No. 6 Mingaladon (အမှတ် (6) အခြေခံပညာအလယ်တန်းကျောင်း မင်္ဂလာဒုံ (အ.လ.က 6 မင်္ဂလာဒုံ)),BEMS,Mingaladon,MMR013011,Yangon Region,MMR013,township,Mingalardon Zay Ward,"Danyin Gone St., Near Kha Yae Pin Junction, Mingalardon Zay Ward,, Mingalardon Township, Yangon , Myanmar","01-635005, 09-428180237",Yangon,active,,https://www.edge.com.mm/listing/mingalardon-b-e-m-s-6-l40210.html
MMR013011-BEMS07,Basic Education Middle School No. 7 Mingaladon (အမှတ် (7) အခြေခံပညာအလယ်တန်းကျောင်း မင်္ဂလာဒုံ (အ.လ.က 7 မင်္ဂလာဒုံ)),BEMS,Mingaladon,MMR013011,Yangon Region,MMR013,township,Pyin Ma Bin Ward,"Pyay Rd., Pyin Ma Bin Ward,, Mingalardon Township, Yangon , Myanmar","01-635897, 09-972101776",Yangon,active,,https://www.edge.com.mm/listing/mingalardon-b-e-m-s-7-l40219.html
MMR013011-BEMS-BR09,Basic Education Middle School (Branch) No. 9 Mingaladon (အမှတ် (9) အခြေခံပညာအလယ်တန်းကျောင်း (ခွဲ) မင်္ဂလာဒုံ (အ.လ.က (ခွဲ) 9 မင်္ဂလာဒုံ)),BEMS-BR,Mingaladon,MMR013011,Yangon Region,MMR013,township,Htauk Kyant (South) Ward,"Pyay Rd., Near Kyaung Gate Bus Stop, Htauk Kyant (South) Ward,, Mingalardon Township, Yangon , Myanmar","01-600061, 01-9437061, 09-450013453",Yangon,active,,https://www.edge.com.mm/listing/mingalardon-b-e-m-s-9-branch-l40229.html
MMR013011-BEPS10,Basic Education Primary School No. 10 Mingaladon (အမှတ် (10) အခြေခံပညာမူလတန်းကျောင်း မင်္ဂလာဒုံ (အ.မ.က 10 မင်္ဂလာဒုံ)),BEPS,Mingaladon,MMR013011,Yangon Region,MMR013,township,Pyi Daw Thar Ward,"Wireless, Pyi Daw Thar Ward,, Mingalardon Township, Yangon , Myanmar",09-450020296,Yangon,active,,https://www.edge.com.mm/listing/mingalardon-b-e-p-s-10-l40486.html
MMR013011-BEPS11,Basic Education Primary School No. 11 Mingaladon (အမှတ် (11) အခြေခံပညာမူလတန်းကျောင်း မင်္ဂလာဒုံ (အ.မ.က 11 မင်္ဂလာဒုံ)),BEPS,Mingaladon,MMR013011,Yangon Region,MMR013,township,Kyaung Gyi Ward,"Aung See Gone Pagoda St., Kyaung Gyi Ward,, Mingalardon Township, Yangon , Myanmar",09-250077843,Yangon,active,,https://www.edge.com.mm/listing/mingalardon-b-e-p-s-11-l40487.html
MMR013011-BEPS12,Basic Education Primary School No. 12 Mingaladon (အမှတ် (12) အခြေခံပညာမူလတန်းကျောင်း မင်္ဂလာဒုံ (အ.မ.က 12 မင်္ဂလာဒုံ)),BEPS,Mingaladon,MMR013011,Yangon Region,MMR013,township,Mya Thida Ward,"Bo Chan St., Pyinmabin, Mya Thida Ward,, Mingalardon Township, Yangon , Myanmar",09-31127042,Yangon,active,,https://www.edge.com.mm/listing/mingalardon-b-e-p-s-12-l00330953.html
MMR013011-BEPS13,Basic Education Primary School No. 13 Mingaladon (အမှတ် (13) အခြေခံပညာမူလတန်းကျောင်း မင်္ဂလာဒုံ (အ.မ.က 13 မင်္ဂလာဒုံ)),BEPS,Mingaladon,MMR013011,Yangon Region,MMR013,township,Ayekarit Ward,"Htauk Kyant, Ayekarit Ward,, Mingalardon Township, Yangon , Myanmar",09-421101328,Yangon,active,,https://www.edge.com.mm/listing/mingalardon-b-e-p-s-13-l40489.html
MMR013011-BEPS14,Basic Education Primary School No. 14 Mingaladon (အမှတ် (14) အခြေခံပညာမူလတန်းကျောင်း မင်္ဂလာဒုံ (အ.မ.က 14 မင်္ဂလာဒုံ)),BEPS,Mingaladon,MMR013011,Yangon Region,MMR013,township,Nwel Khway Village,"Nwel Khway Village, Nwe Khway Ward,, Mingalardon Township, Yangon , Myanmar",09-421003257,Yangon,active,,https://www.edge.com.mm/listing/mingalardon-b-e-p-s-14-l40490.html
MMR013011-BEPS15,Basic Education Primary School No. 15 Mingaladon (အမှတ် (15) အခြေခံပညာမူလတန်းကျောင်း မင်္ဂလာဒုံ (အ.မ.က 15 မင်္ဂလာဒုံ)),BEPS,Mingaladon,MMR013011,Yangon Region,MMR013,township,Paung Ngu Village,"Paung Ngu St., Paung Ngu Village, Shwe Nant Thar Village Track,, Mingalardon Township, Yangon , Myanmar",09-73190812,Yangon,active,,https://www.edge.com.mm/listing/mingalardon-b-e-p-s-15-l40491.html
MMR013011-BEPS16,Basic Education Primary School No. 16 Mingaladon (အမှတ် (16) အခြေခံပညာမူလတန်းကျောင်း မင်္ဂလာဒုံ (အ.မ.က 16 မင်္ဂလာဒုံ)),BEPS,Mingaladon,MMR013011,Yangon Region,MMR013,township,Lay Daunt Kan Village,"Lay Daunt Kan Village, Shwe Nant Thar Ward,, Mingalardon Township, Yangon , Myanmar",09-401602812,Yangon,active,,https://www.edge.com.mm/listing/mingalardon-b-e-p-s-16-l40492.html
MMR013011-BEPS18,Basic Education Primary School No. 18 Mingaladon (အမှတ် (18) အခြေခံပညာမူလတန်းကျောင်း မင်္ဂလာဒုံ (အ.မ.က 18 မင်္ဂလာဒုံ)),BEPS,Mingaladon,MMR013011,Yangon Region,MMR013,township,Pyin Ma Bin Ward,"No.505 Canon Force Compound, Pyin Ma Bin, Pyin Ma Bin Ward,, Mingalardon Township, Yangon , Myanmar",09-250284592,Yangon,active,,https://www.edge.com.mm/listing/mingalardon-b-e-p-s-18-l40497.html
MMR013011-BEPS19,Basic Education Primary School No. 19 Mingaladon (အမှတ် (19) အခြေခံပညာမူလတန်းကျောင်း မင်္ဂလာဒုံ (အ.မ.က 19 မင်္ဂလာဒုံ)),BEPS,Mingaladon,MMR013011,Yangon Region,MMR013,township,Ye Su Taung Ward,"Htauk Kyant, Ye Su Taung Ward,, Mingalardon Township, Yangon , Myanmar",09-448004220,Yangon,active,,https://www.edge.com.mm/listing/mingalardon-b-e-p-s-19-l40498.html
MMR013011-BEPS01,Basic Education Primary School No. 1 Mingaladon (အမှတ် (1) အခြေခံပညာမူလတန်းကျောင်း မင်္ဂလာဒုံ (အ.မ.က 1 မင်္ဂလာဒုံ)),BEPS,Mingaladon,MMR013011,Yangon Region,MMR013,township,Mingalardon Zay Ward,"15th St., Mingalardon Zay Ward,, Mingalardon Township, Yangon , Myanmar",09-448005896,Yangon,active,,https://www.edge.com.mm/listing/mingalardon-b-e-p-s-1-l40230.html
MMR013011-BEPS20,Basic Education Primary School No. 20 Mingaladon (အမှတ် (20) အခြေခံပညာမူလတန်းကျောင်း မင်္ဂလာဒုံ (အ.မ.က 20 မင်္ဂလာဒုံ)),BEPS,Mingaladon,MMR013011,Yangon Region,MMR013,township,San Pya (Pa Hta Ma) Ward,"Htauk Kyant, San Pya (Pa Hta Ma) Ward,, Mingalardon Township, Yangon , Myanmar",09-421096377,Yangon,active,,https://www.edge.com.mm/listing/mingalardon-b-e-p-s-20-l00330957.html
MMR013011-BEPS21,Basic Education Primary School No. 21 Mingaladon (အမှတ် (21) အခြေခံပညာမူလတန်းကျောင်း မင်္ဂလာဒုံ (အ.မ.က 21 မင်္ဂလာဒုံ)),BEPS,Mingaladon,MMR013011,Yangon Region,MMR013,township,Htauk Kyant (North) Ward,"No.106 Forces Compound, Htauk Kyant (North) Ward,, Mingalardon Township, Yangon , Myanmar",09-454342335,Yangon,active,,https://www.edge.com.mm/listing/mingalardon-b-e-p-s-21-l40500.html
MMR013011-BEPS22,Basic Education Primary School No. 22 Mingaladon (အမှတ် (22) အခြေခံပညာမူလတန်းကျောင်း မင်္ဂလာဒုံ (အ.မ.က 22 မင်္ဂလာဒုံ)),BEPS,Mingaladon,MMR013011,Yangon Region,MMR013,township,Kyan Khin Su Ward,"Airport Rd., Near Airport, Kyan Khin Su Ward,, Mingalardon Township, Yangon , Myanmar",09-448039650,Yangon,active,,https://www.edge.com.mm/listing/mingalardon-b-e-p-s-22-l00330962.html
MMR013011-BEPS24,Basic Education Primary School No. 24 Mingaladon (အမှတ် (24) အခြေခံပညာမူလတန်းကျောင်း မင်္ဂလာဒုံ (အ.မ.က 24 မင်္ဂလာဒုံ)),BEPS,Mingaladon,MMR013011,Yangon Region,MMR013,township,A Nan Pin Ward,"A Nan Pin Ward,, Mingalardon Township, Yangon , Myanmar",09-421015958,Yangon,active,,https://www.edge.com.mm/listing/mingalardon-b-e-p-s-24-l00330967.html
MMR013011-BEPS25,Basic Education Primary School No. 25 Mingaladon (အမှတ် (25) အခြေခံပညာမူလတန်းကျောင်း မင်္ဂလာဒုံ (အ.မ.က 25 မင်္ဂလာဒုံ)),BEPS,Mingaladon,MMR013011,Yangon Region,MMR013,township,Mingalardon Zay Ward,"Pyay Rd., Army Recruit Compound, Mingalardon Zay Ward,, Mingalardon Township, Yangon , Myanmar",09-49573848,Yangon,active,,https://www.edge.com.mm/listing/mingalardon-b-e-p-s-25-l00330969.html
MMR013011-BEPS26,Basic Education Primary School No. 26 Mingaladon (အမှတ် (26) အခြေခံပညာမူလတန်းကျောင်း မင်္ဂလာဒုံ (အ.မ.က 26 မင်္ဂလာဒုံ)),BEPS,Mingaladon,MMR013011,Yangon Region,MMR013,township,Kaya Ward,"No.(3) Main Rd., Kaya Ward,, Mingalardon Township, Yangon , Myanmar",09-31127215,Yangon,active,,https://www.edge.com.mm/listing/mingalardon-b-e-p-s-26-l40517.html
MMR013011-BEPS27,Basic Education Primary School No. 27 Mingaladon (အမှတ် (27) အခြေခံပညာမူလတန်းကျောင်း မင်္ဂလာဒုံ (အ.မ.က 27 မင်္ဂလာဒုံ)),BEPS,Mingaladon,MMR013011,Yangon Region,MMR013,township,Htauk Kyant (South) Ward,"Pyay Rd., Htauk Kyant, Htauk Kyant (South) Ward,, Mingalardon Township, Yangon , Myanmar",09-420069064,Yangon,active,,https://www.edge.com.mm/listing/mingalardon-b-e-p-s-27-l00330976.html
MMR013011-BEPS28,Basic Education Primary School No. 28 Mingaladon (အမှတ် (28) အခြေခံပညာမူလတန်းကျောင်း မင်္ဂလာဒုံ (အ.မ.က 28 မင်္ဂလာဒုံ)),BEPS,Mingaladon,MMR013011,Yangon Region,MMR013,township,Ti Lawka Ward,"Htauk Kyant, Ti Lawka Ward,, Mingalardon Township, Yangon , Myanmar",09-30044083,Yangon,active,,https://www.edge.com.mm/listing/mingalardon-b-e-p-s-28-l00330978.html
MMR013011-BEPS29,Basic Education Primary School No. 29 Mingaladon (အမှတ် (29) အခြေခံပညာမူလတန်းကျောင်း မင်္ဂလာဒုံ (အ.မ.က 29 မင်္ဂလာဒုံ)),BEPS,Mingaladon,MMR013011,Yangon Region,MMR013,township,Nwe Khway Ward,"Nwel Khway, Nwe Khway Ward,, Mingalardon Township, Yangon , Myanmar",09-421090638,Yangon,active,,https://www.edge.com.mm/listing/mingalardon-b-e-p-s-29-l40520.html
MMR013011-BEPS02,Basic Education Primary School No. 2 Mingaladon (အမှတ် (2) အခြေခံပညာမူလတန်းကျောင်း မင်္ဂလာဒုံ (အ.မ.က 2 မင်္ဂလာဒုံ)),BEPS,Mingaladon,MMR013011,Yangon Region,MMR013,township,,"No.(3) Main Rd., Padamyar Myoe Thit, Padamyar Myoe Thit,, Mingalardon Township, Yangon , Myanmar",09-8620932,Yangon,active,,https://www.edge.com.mm/listing/mingalardon-b-e-p-s-2-l40238.html
MMR013011-BEPS30,Basic Education Primary School No. 30 Mingaladon (အမှတ် (30) အခြေခံပညာမူလတန်းကျောင်း မင်္ဂလာဒုံ (အ.မ.က 30 မင်္ဂလာဒုံ)),BEPS,Mingaladon,MMR013011,Yangon Region,MMR013,township,Htauk Kyant (North) Ward,"Pyay Rd., Htauk Kyant (North) Ward,, Mingalardon Township, Yangon , Myanmar",09-261160907,Yangon,active,,https://www.edge.com.mm/listing/mingalardon-b-e-p-s-30-l40640.html
MMR013011-BEPS33,Basic Education Primary School No. 33 Mingaladon (အမှတ် (33) အခြေခံပညာမူလတန်းကျောင်း မင်္ဂလာဒုံ (အ.မ.က 33 မင်္ဂလာဒုံ)),BEPS,Mingaladon,MMR013011,Yangon Region,MMR013,township,Baw Lone Kwin Ward,"Awba St., Htauk Kyant, Baw Lone Kwin Ward,, Mingalardon Township, Yangon , Myanmar",09-421014939,Yangon,active,,https://www.edge.com.mm/listing/mingalardon-b-e-p-s-33-l41306.html
MMR013011-BEPS34,Basic Education Primary School No. 34 Mingaladon (အမှတ် (34) အခြေခံပညာမူလတန်းကျောင်း မင်္ဂလာဒုံ (အ.မ.က 34 မင်္ဂလာဒုံ)),BEPS,Mingaladon,MMR013011,Yangon Region,MMR013,township,San Pya (Du Ta Ya) Ward,"Htauk Kyant, San Pya (Du Ta Ya) Ward,, Mingalardon Township, Yangon , Myanmar",09-798709239,Yangon,active,,https://www.edge.com.mm/listing/mingalardon-b-e-p-s-34-l41307.html
MMR013011-BEPS36,Basic Education Primary School No. 36 Mingaladon (အမှတ် (36) အခြေခံပညာမူလတန်းကျောင်း မင်္ဂလာဒုံ (အ.မ.က 36 မင်္ဂလာဒုံ)),BEPS,Mingaladon,MMR013011,Yangon Region,MMR013,township,Nwe Khway Ward,"No.(4) Toe Chae Rd., Nwe Khway Ward,, Mingalardon Township, Yangon , Myanmar",09-421152601,Yangon,active,,https://www.edge.com.mm/listing/mingalardon-b-e-p-s-36-l41311.html
MMR013011-BEPS37,Basic Education Primary School No. 37 Mingaladon (အမှတ် (37) အခြေခံပညာမူလတန်းကျောင်း မင်္ဂလာဒုံ (အ.မ.က 37 မင်္ဂလာဒုံ)),BEPS,Mingaladon,MMR013011,Yangon Region,MMR013,township,Taw Tike Village,"Wireless, Taw Tike Village, Taw Tike Ward,, Mingalardon Township, Yangon , Myanmar",09-420171019,Yangon,active,,https://www.edge.com.mm/listing/mingalardon-b-e-p-s-37-l40059.html
MMR013011-BEPS03,Basic Education Primary School No. 3 Mingaladon (အမှတ် (3) အခြေခံပညာမူလတန်းကျောင်း မင်္ဂလာဒုံ (အ.မ.က 3 မင်္ဂလာဒုံ)),BEPS,Mingaladon,MMR013011,Yangon Region,MMR013,township,Pearl Myoe Thit Ward (3),"No.(3) Main Rd., Pearl Myoe Thit Ward (3),, Mingalardon Township, Yangon , Myanmar",09-254018061,Yangon,active,,https://www.edge.com.mm/listing/mingalardon-b-e-p-s-3-l94802.html
MMR013011-BEPS04,Basic Education Primary School No. 4 Mingaladon (အမှတ် (4) အခြေခံပညာမူလတန်းကျောင်း မင်္ဂလာဒုံ (အ.မ.က 4 မင်္ဂလာဒုံ)),BEPS,Mingaladon,MMR013011,Yangon Region,MMR013,township,(2/Ka) Ward,"Dhama Thukha (Ah Pyin) St., (2/Ka) Ward,, Mingalardon Township, Yangon , Myanmar",09-421066931,Yangon,active,,https://www.edge.com.mm/listing/mingalardon-b-e-p-s-4-l00330914.html
MMR013011-BEPS06,Basic Education Primary School No. 6 Mingaladon (အမှတ် (6) အခြေခံပညာမူလတန်းကျောင်း မင်္ဂလာဒုံ (အ.မ.က 6 မင်္ဂလာဒုံ)),BEPS,Mingaladon,MMR013011,Yangon Region,MMR013,township,San Gyi Wa Ward,"Ywar Lel St., San Gyi Wa Ward,, Mingalardon Township, Yangon , Myanmar",09-425291052,Yangon,active,,https://www.edge.com.mm/listing/mingalardon-b-e-p-s-6-l40440.html
MMR013011-BEPS07,Basic Education Primary School No. 7 Mingaladon (အမှတ် (7) အခြေခံပညာမူလတန်းကျောင်း မင်္ဂလာဒုံ (အ.မ.က 7 မင်္ဂလာဒုံ)),BEPS,Mingaladon,MMR013011,Yangon Region,MMR013,township,(2/Kha) Ward,"Dhama Thukha (Ah Pyin) St., (2/Kha) Ward,, Mingalardon Township, Yangon , Myanmar",09-448052273,Yangon,active,,https://www.edge.com.mm/listing/mingalardon-b-e-p-s-7-l40441.html
MMR013011-BEPS08,Basic Education Primary School No. 8 Mingaladon (အမှတ် (8) အခြေခံပညာမူလတန်းကျောင်း မင်္ဂလာဒုံ (အ.မ.က 8 မင်္ဂလာဒုံ)),BEPS,Mingaladon,MMR013011,Yangon Region,MMR013,township,Pa-La-Ya Ward,"Kyaik Ka Lot Pagoda, Pa-La-Ya Ward,, Mingalardon Township, Yangon , Myanmar",09-43197775,Yangon,active,,https://www.edge.com.mm/listing/mingalardon-b-e-p-s-8-l40459.html
MMR013011-BEPS09,Basic Education Primary School No. 9 Mingaladon (အမှတ် (9) အခြေခံပညာမူလတန်းကျောင်း မင်္ဂလာဒုံ (အ.မ.က 9 မင်္ဂလာဒုံ)),BEPS,Mingaladon,MMR013011,Yangon Region,MMR013,township,Kyu San Village Track,"Kyu San Village Track, Pa-La-Ya Ward,, Mingalardon Township, Yangon , Myanmar",09-421027783,Yangon,active,,https://www.edge.com.mm/listing/mingalardon-b-e-p-s-9-l40467.html
MMR007015-BEHS01,Basic Education High School No. 1 Monyo (အမှတ် (1) အခြေခံပညာအထက်တန်းကျောင်း မိုးညို (အ.ထ.က 1 မိုးညို)),BEHS,Monyo,MMR007015,Bago Region,MMR007,township,Zawtika Ward,"Saya San St., Zawtika Ward,, Monyo Township, Bago , Myanmar",053-83065,Bago,active,,https://www.edge.com.mm/listing/monyo-b-e-h-s-1-l00280872.html
MMR003003-BEHS01,Basic Education High School No. 1 Myawaddy (အမှတ် (1) အခြေခံပညာအထက်တန်းကျောင်း မြဝတီ (အ.ထ.က 1 မြဝတီ)),BEHS,Myawaddy,MMR003003,Kayin State,MMR003,township,Ward(4),"Bayint Naung Rd., Ward(4),, Myawaddy Township, Kayin State , Myanmar",058-50004,Kayin State,active,,https://www.edge.com.mm/listing/myawaddy-b-e-h-s-1-l69684.html
MMR006002-BEHS01,Basic Education High School No. 1 Myeik (အမှတ် (1) အခြေခံပညာအထက်တန်းကျောင်း မြိတ် (အ.ထ.က 1 မြိတ်)),BEHS,Myeik,MMR006002,Tanintharyi Region,MMR006,township,Myit Nge Ward,"Myit Nge Kyaung St., Myit Nge Ward,, Myeik Township, Tanintharyi , Myanmar","059-41062, 09-450993840",Tanintharyi,active,,https://www.edge.com.mm/listing/myeik-b-e-h-s-1-l00255890.html
MMR006002-BEHS02,Basic Education High School No. 2 Myeik (အမှတ် (2) အခြေခံပညာအထက်တန်းကျောင်း မြိတ် (အ.ထ.က 2 မြိတ်)),BEHS,Myeik,MMR006002,Tanintharyi Region,MMR006,township,Ah Lel Kyun Ward,"Kyaung Nge St., Ah Lel Kyun Ward,, Myeik Township, Tanintharyi , Myanmar","059-41788, 09-454391843",Tanintharyi,active,,https://www.edge.com.mm/listing/myeik-b-e-h-s-2-l00255895.html
MMR006002-BEHS03,Basic Education High School No. 3 Myeik (အမှတ် (3) အခြေခံပညာအထက်တန်းကျောင်း မြိတ် (အ.ထ.က 3 မြိတ်)),BEHS,Myeik,MMR006002,Tanintharyi Region,MMR006,township,Kan Khaung Ward,"Pearl St., Kan Khaung Ward,, Myeik Township, Tanintharyi , Myanmar","059-41068, 09-5641674",Tanintharyi,active,,https://www.edge.com.mm/listing/myeik-b-e-h-s-3-l00255910.html
MMR006002-BEHS04,Basic Education High School No. 4 Myeik (အမှတ် (4) အခြေခံပညာအထက်တန်းကျောင်း မြိတ် (အ.ထ.က 4 မြိတ်)),BEHS,Myeik,MMR006002,Tanintharyi Region,MMR006,township,Kan Gyi Ward,"Myan Aung 3rd St., Kan Gyi Ward,, Myeik Township, Tanintharyi , Myanmar","059-41787, 09-422196420",Tanintharyi,active,,https://www.edge.com.mm/listing/myeik-b-e-h-s-4-l00255915.html
MMR006002-BEMS05,Basic Education Middle School No. 5 Myeik (အမှတ် (5) အခြေခံပညာအလယ်တန်းကျောင်း မြိတ် (အ.လ.က 5 မြိတ်)),BEMS,Myeik,MMR006002,Tanintharyi Region,MMR006,township,Kan Phyar Ward,"Kan Phyar Rd., Kan Phyar Ward,, Myeik Township, Tanintharyi , Myanmar","059-42433, 09-420039303",Tanintharyi,active,,https://www.edge.com.mm/listing/myeik-b-e-m-s-5-kan-phyar-l00255900.html
MMR006002-BEPS01,Basic Education Primary School Myeik (အခြေခံပညာမူလတန်းကျောင်း မြိတ်),BEPS,Myeik,MMR006002,Tanintharyi Region,MMR006,township,Myit Nge Ward,"Myit Nge Kyaung St., Myit Nge Ward,, Myeik Township, Tanintharyi , Myanmar","059-42354, 09-774411176",Tanintharyi,active,,https://www.edge.com.mm/listing/myeik-b-e-p-s-myit-nge-l00255904.html
MMR009002-PV03,Myittar May May,PV,Chanayethazan,MMR009002,Mandalay Region,MMR009,township,,"Bet; 31 St. and 32 St. & Bet; 71 St. and 72 St., Kant Kaw Lane., Yan Myo Lon,, Chan Aye Thar Zan Township, Mandalay , Myanmar","09-2031148, 09-442031148",Mandalay,active,,https://www.edge.com.mm/listing/myittar-may-may-u25255653.html
MMR007005-BEHS01,Basic Education High School Nattalin (အခြေခံပညာအထက်တန်းကျောင်း နတ်တလင်း),BEHS,Nattalin,MMR007005,Bago Region,MMR007,township,Thar Si Ward,"Yangon-Pyay Rd., Thar Si Ward,, Nattalin Township, Bago , Myanmar",053-36446,Bago,active,,https://www.edge.com.mm/listing/nattalin-b-e-h-s-l00254971.html
MMR007005-BEHS02,Basic Education High School Nattalin (အခြေခံပညာအထက်တန်းကျောင်း နတ်တလင်း),BEHS,Nattalin,MMR007005,Bago Region,MMR007,township,Myoma Ward,"Myoe Ma Kyaung St., Myoma Ward,, Nattalin Township, Bago , Myanmar",053-36014,Bago,active,,https://www.edge.com.mm/listing/nattalin-b-e-h-s-myoma-l00254974.html
MMR017009-BEHS01,Basic Education High School Ngathaingchaung (အခြေခံပညာအထက်တန်းကျောင်း ငါးသိုင်းချောင်း),BEHS,Ngathaingchaung,MMR017009,Ayeyarwady Region,MMR017,township,Shae Saung Ward,"Bogyoke St., Shae Saung Ward,, Nga Thaing Chaung, Ayeyawady , Myanmar",046-60150,Ayeyawady,active,,https://www.edge.com.mm/listing/nga-thaing-chaung-b-e-h-s-l00255285.html
MMR017001-BEHS01,Basic Education High School Pathein (Ngwesaung) (အခြေခံပညာအထက်တန်းကျောင်း ပုသိမ် (ငွေဆောင်)),BEHS,Pathein (Ngwesaung),MMR017001,Ayeyarwady Region,MMR017,township,Ward(3),"Myoe Ma St., Ward(3),, Ngwe Saung, Ayeyawady , Myanmar",09-49734121,Ayeyawady,active,,https://www.edge.com.mm/listing/ngwe-saung-b-e-h-s-l00330376.html
MMR009002-PV04,No [1] Day Care Centre,PV,Chanayethazan,MMR009002,Mandalay Region,MMR009,township,,"27th St, Between 68th St. and 69th St., Pyi Gyi Myat Hman,, Chan Aye Thar Zan Township, Mandalay , Myanmar",02-4021016,Mandalay,active,,https://www.edge.com.mm/listing/no-1-day-care-centre-u207534.html
MMR009003-PV03,No [2] Day Care Centre,PV,Mahaaungmyay,MMR009003,Mandalay Region,MMR009,township,,"78th St., Between 42th St. and 43th St., Near No.11 Police office, Chan Mya Thar Si North,, Maha Aung Myay Township, Mandalay , Myanmar",02-4021066,Mandalay,active,,https://www.edge.com.mm/listing/no-2-day-care-centre-u243090.html
MMR005010-BEHS01,Basic Education High School No. 1 Ye-U (အမှတ် (1) အခြေခံပညာအထက်တန်းကျောင်း ရေဦး (အ.ထ.က 1 ရေဦး)),BEHS,Ye-U,MMR005010,Sagaing Region,MMR005,township,Aung San Ward,"No(1)State High School St, Aung San Ward,, Ye-U Township, Sagaing , Myanmar",075-40016,Sagaing,active,,https://www.edge.com.mm/listing/no-1-state-high-school-u25246519.html
MMR005008-BEHS01,Basic Education High School No. 1 Taze (အမှတ် (1) အခြေခံပညာအထက်တန်းကျောင်း တန့်ဆည် (အ.ထ.က 1 တန့်ဆည်)),BEHS,Taze,MMR005008,Sagaing Region,MMR005,township,Paw Oo Ward,"Tantsail-Karbo St, Paw Oo Ward,, Taze Township, Sagaing , Myanmar",075-49127,Sagaing,active,,https://www.edge.com.mm/listing/no-1-state-high-school-u25246382.html
MMR008007-BEHS01,Basic Education High School No. 1 Myothit (အမှတ် (1) အခြေခံပညာအထက်တန်းကျောင်း မြို့သစ် (အ.ထ.က 1 မြို့သစ်)),BEHS,Myothit,MMR008007,Magway Region,MMR008,township,Phayar Gyi Ward,"Nat Mauk-Taung Twin Gyi St, Phayar Gyi Ward,, Myothit Township, Magway , Myanmar",063-53149,Magway,active,,https://www.edge.com.mm/listing/no-1-state-high-school-1-u25232611.html
MMR008002-BEHS01,Basic Education High School No. 1 Chauk (အမှတ် (1) အခြေခံပညာအထက်တန်းကျောင်း ချောက် (အ.ထ.က 1 ချောက်)),BEHS,Chauk,MMR008002,Magway Region,MMR008,township,Yadanar Aint Ward,"Lan Ma Taw St, Yadanar Aint Ward, No(15) Ward,, Chauk Township, Magway , Myanmar",061-200573,Magway,active,,https://www.edge.com.mm/listing/no-1-state-high-school-1-u25232675.html
MMR008014-BEHS01,Basic Education High School No. 1 Yenangyaung (အမှတ် (1) အခြေခံပညာအထက်တန်းကျောင်း ရေနံချောင်း (အ.ထ.က 1 ရေနံချောင်း)),BEHS,Yenangyaung,MMR008014,Magway Region,MMR008,township,Ywar Thit Ward,"Lan Mataw St, Ywar Thit Ward,, Yenangyaung Township, Magway , Myanmar",060-8821067,Magway,active,,https://www.edge.com.mm/listing/no-1-state-high-school-1-u25232525.html
MMR008008-BEHS01,Basic Education High School No. 1 Natmauk (အမှတ် (1) အခြေခံပညာအထက်တန်းကျောင်း နတ်မောက် (အ.ထ.က 1 နတ်မောက်)),BEHS,Natmauk,MMR008008,Magway Region,MMR008,township,Zay Ward,"Nat Mauk-Taung Twin Gyi St, Zay Ward,, Nat Mauk Township, Magway , Myanmar",063-69135,Magway,active,,https://www.edge.com.mm/listing/no-1-state-high-school-1-u25232903.html
MMR008012-BEHS01,Basic Education High School No. 1 Taungdwingyi (အမှတ် (1) အခြေခံပညာအထက်တန်းကျောင်း တောင်တွင်းကြီး (အ.ထ.က 1 တောင်တွင်းကြီး)),BEHS,Taungdwingyi,MMR008012,Magway Region,MMR008,township,Taung Pyin(1)Ward,"Taung dwingyi-Pyi St, Taung Pyin(1)Ward,, Taungdwingyi Township, Magway , Myanmar",063-2050322,Magway,active,,https://www.edge.com.mm/listing/no-1-state-high-school-1-u25232814.html
MMR008008-BEHS01-1,Basic Education High School No. 1 Natmauk (အမှတ် (1) အခြေခံပညာအထက်တန်းကျောင်း နတ်မောက် (အ.ထ.က 1 နတ်မောက်)),BEHS,Natmauk,MMR008008,Magway Region,MMR008,township,Aung San Ward,"Nat Mauk-Taung Twin Gyi St, Aung San Ward,, Nat Mauk Township, Magway , Myanmar",09-799946823,Magway,active,,https://www.edge.com.mm/listing/no-1-state-high-school-2-u25232901.html
MMR008007-BEHS01-1,Basic Education High School No. 1 Myothit (အမှတ် (1) အခြေခံပညာအထက်တန်းကျောင်း မြို့သစ် (အ.ထ.က 1 မြို့သစ်)),BEHS,Myothit,MMR008007,Magway Region,MMR008,township,Kwet Thit Ward,"Bomin Yaung St, Kwet Thit Ward,, Myothit Township, Magway , Myanmar","09-256093240, 09-256219032",Magway,active,,https://www.edge.com.mm/listing/no-1-state-high-school-2-u25232612.html
MMR008014-BEHS01-1,Basic Education High School No. 1 Yenangyaung (အမှတ် (1) အခြေခံပညာအထက်တန်းကျောင်း ရေနံချောင်း (အ.ထ.က 1 ရေနံချောင်း)),BEHS,Yenangyaung,MMR008014,Magway Region,MMR008,township,Lat Hmat Kone Ward,"Lan Mataw St, Lat Hmat Kone Ward, Myay Ni Khin North Ward,, Yenangyaung Township, Magway , Myanmar",060-8821065,Magway,active,,https://www.edge.com.mm/listing/no-1-state-high-school-2-u25232527.html
MMR008014-BEHS01-2,Basic Education High School No. 1 Yenangyaung (အမှတ် (1) အခြေခံပညာအထက်တန်းကျောင်း ရေနံချောင်း (အ.ထ.က 1 ရေနံချောင်း)),BEHS,Yenangyaung,MMR008014,Magway Region,MMR008,township,Bagan Su Ward,"Lan Mataw St, Bagan Su Ward, Nyaung Hla Ward,, Yenangyaung Township, Magway , Myanmar",060-8821068,Magway,active,,https://www.edge.com.mm/listing/no-1-state-high-school-2-u25232528.html
MMR008012-BEHS01-1,Basic Education High School No. 1 Taungdwingyi (အမှတ် (1) အခြေခံပညာအထက်တန်းကျောင်း တောင်တွင်းကြီး (အ.ထ.က 1 တောင်တွင်းကြီး)),BEHS,Taungdwingyi,MMR008012,Magway Region,MMR008,township,Shwe Aoe(2) Ward,"Rakhine Phayar Gyi St, Shwe Aoe(2) Ward,, Taungdwingyi Township, Magway , Myanmar",063-2050323,Magway,active,,https://www.edge.com.mm/listing/no-1-state-high-school-2-u25232815.html
MMR008012-BEHS01-2,Basic Education High School No. 1 Taungdwingyi (အမှတ် (1) အခြေခံပညာအထက်တန်းကျောင်း တောင်တွင်းကြီး (အ.ထ.က 1 တောင်တွင်းကြီး)),BEHS,Taungdwingyi,MMR008012,Magway Region,MMR008,township,Maung Taing(1) Ward,"Yay Set St., Maung Taing(1) Ward,, Taungdwingyi Township, Magway , Myanmar",063-2050647,Magway,active,,https://www.edge.com.mm/listing/no-1-state-high-school-2-u25232816.html
MMR008002-BEHS01-1,Basic Education High School No. 1 Chauk (အမှတ် (1) အခြေခံပညာအထက်တန်းကျောင်း ချောက် (အ.ထ.က 1 ချောက်)),BEHS,Chauk,MMR008002,Magway Region,MMR008,township,Sar Yay Wine Ward,"Triyadanar St, Sar Yay Wine Ward, No(3)Ward,, Chauk Township, Magway , Myanmar",061-200303,Magway,active,,https://www.edge.com.mm/listing/no-1-state-high-school-2-u25232679.html
MMR009010-BEHS01,Basic Education High School No. 1 Kyaukse (အမှတ် (1) အခြေခံပညာအထက်တန်းကျောင်း ကျောက်ဆည် (အ.ထ.က 1 ကျောက်ဆည်)),BEHS,Kyaukse,MMR009010,Mandalay Region,MMR009,township,Min Ward,"No.(2) State High School St, Min Ward,, Kyaukse Township, Mandalay , Myanmar",066-2050644,Mandalay,active,,https://www.edge.com.mm/listing/no-1-state-high-school-2-u410242.html
MMR008002-BEHS01-2,Basic Education High School No. 1 Chauk (အမှတ် (1) အခြေခံပညာအထက်တန်းကျောင်း ချောက် (အ.ထ.က 1 ချောက်)),BEHS,Chauk,MMR008002,Magway Region,MMR008,township,Aye Sayti Ward,"Aye Sayti Ward, No(10) Ward,, Chauk Township, Magway , Myanmar",061-200598,Magway,active,,https://www.edge.com.mm/listing/no-1-state-high-school-2-u25232678.html
MMR008002-BEHS01-3,Basic Education High School No. 1 Chauk (အမှတ် (1) အခြေခံပညာအထက်တန်းကျောင်း ချောက် (အ.ထ.က 1 ချောက်)),BEHS,Chauk,MMR008002,Magway Region,MMR008,township,No(6) Ward,"State High School Up St, Shwe Thuhtay Wad, No(6) Ward,, Chauk Township, Magway , Myanmar",061-200338,Magway,active,,https://www.edge.com.mm/listing/no-1-state-high-school-2-u25232676.html
MMR008008-BEHS01-2,Basic Education High School No. 1 Natmauk (အမှတ် (1) အခြေခံပညာအထက်တန်းကျောင်း နတ်မောက် (အ.ထ.က 1 နတ်မောက်)),BEHS,Natmauk,MMR008008,Magway Region,MMR008,township,,"Nat Mauk-Pyaw Bwe St, Myoth Ma Kwet Thit,, Nat Mauk Township, Magway , Myanmar",063-69212,Magway,active,,https://www.edge.com.mm/listing/no-1-state-high-school-2-u25232902.html
MMR005008-BEHS02,Basic Education High School No. 2 Taze (အမှတ် (2) အခြေခံပညာအထက်တန်းကျောင်း တန့်ဆည် (အ.ထ.က 2 တန့်ဆည်)),BEHS,Taze,MMR005008,Sagaing Region,MMR005,township,Mahar Myaing Ward,"Tantsail-Kalay Wa St, Mahar Myaing Ward,, Taze Township, Sagaing , Myanmar",075-49387,Sagaing,active,,https://www.edge.com.mm/listing/no-2-state-high-school-u25246383.html
MMR005010-BEHS02,Basic Education High School No. 2 Ye-U (အမှတ် (2) အခြေခံပညာအထက်တန်းကျောင်း ရေဦး (အ.ထ.က 2 ရေဦး)),BEHS,Ye-U,MMR005010,Sagaing Region,MMR005,township,Bo Aung Zayya Ward,"Yay Oo-Kalaywa St., Bo Aung Zayya Ward,, Ye-U Township, Sagaing , Myanmar",075-40150,Sagaing,active,,https://www.edge.com.mm/listing/no-2-state-high-school-u25246520.html
MMR008012-BEMS02,Basic Education Middle School No. 2 Taungdwingyi (အမှတ် (2) အခြေခံပညာအလယ်တန်းကျောင်း တောင်တွင်းကြီး (အ.လ.က 2 တောင်တွင်းကြီး)),BEMS,Taungdwingyi,MMR008012,Magway Region,MMR008,township,Shwe Aoe(1) Ward,"Bochope St, Shwe Aoe(1) Ward,, Taungdwingyi Township, Magway , Myanmar",063-2050472,Magway,active,,https://www.edge.com.mm/listing/no-2-state-middle-school-u25232817.html
MMR005002-BEMS02,Basic Education Middle School No. 2 Monywa (အမှတ် (2) အခြေခံပညာအလယ်တန်းကျောင်း မုံရွာ (အ.လ.က 2 မုံရွာ)),BEMS,Monywa,MMR005002,Sagaing Region,MMR005,township,Aye Thar Yar Ward,"Bochope St, Aye Thar Yar Ward,, Monywa Township, Sagaing , Myanmar",071-21254,Sagaing,active,,https://www.edge.com.mm/listing/no-2-state-middle-school-u25243729.html
MMR005002-BEHS03,Basic Education High School No. 3 Monywa (အမှတ် (3) အခြေခံပညာအထက်တန်းကျောင်း မုံရွာ (အ.ထ.က 3 မုံရွာ)),BEHS,Monywa,MMR005002,Sagaing Region,MMR005,township,Sulay Kone Ward,"Bochope St, Sulay Kone Ward,, Monywa Township, Sagaing , Myanmar",071-21176,Sagaing,active,,https://www.edge.com.mm/listing/no-3-state-high-school-u25243728.html
MMR008002-BEMS03,Basic Education Middle School No. 3 Chauk (အမှတ် (3) အခြေခံပညာအလယ်တန်းကျောင်း ချောက် (အ.လ.က 3 ချောက်)),BEMS,Chauk,MMR008002,Magway Region,MMR008,township,No(13) Ward,"Lan Ma Taw St, No(13) Ward,, Chauk Township, Magway , Myanmar",061-200406,Magway,active,,https://www.edge.com.mm/listing/no-3-state-middle-school-u25232680.html
MMR008012-BEMS03,Basic Education Middle School No. 3 Taungdwingyi (အမှတ် (3) အခြေခံပညာအလယ်တန်းကျောင်း တောင်တွင်းကြီး (အ.လ.က 3 တောင်တွင်းကြီး)),BEMS,Taungdwingyi,MMR008012,Magway Region,MMR008,township,Ohne Taw (2) Ward,"Railway Station St, Ohne Taw (2) Ward,, Taungdwingyi Township, Magway , Myanmar","09-401589076, 09-795972892",Magway,active,,https://www.edge.com.mm/listing/no-3-state-middle-school-u25232818.html
MMR013006-BEPS01-1,Basic Education Primary School No. 1 Hlaing (အမှတ် (1) အခြေခံပညာမူလတန်းကျောင်း လှိုင် (အ.မ.က 1 လှိုင်)),BEPS,Hlaing,MMR013006,Yangon Region,MMR013,township,Ward (12),"Yangon-Insein Rd., Corner of Yawgi Kyaung St., Ward (12),, Hlaing Township, Yangon , Myanmar",01-526127,Yangon,active,,https://www.edge.com.mm/listing/no-1-hlaing-pre-primary-school-l30588.html
MMR013002-BEPS01-1,Basic Education Primary School No. 1 Bahan (အမှတ် (1) အခြေခံပညာမူလတန်းကျောင်း ဗဟန်း (အ.မ.က 1 ဗဟန်း)),BEPS,Bahan,MMR013002,Yangon Region,MMR013,township,Shwe Taung Gyar Ward (1),"22, Kanbawza St., Shwe Taung Gyar Ward (1),, Bahan Township, Yangon , Myanmar",01-535408,Yangon,active,,https://www.edge.com.mm/listing/no-1-pre-primary-school-l1339.html
MMR013006-BEPS02-1,Basic Education Primary School No. 2 Hlaing (အမှတ် (2) အခြေခံပညာမူလတန်းကျောင်း လှိုင် (အ.မ.က 2 လှိုင်)),BEPS,Hlaing,MMR013006,Yangon Region,MMR013,township,Ward (5),"Sagawah St., Corner of Butar Yon St., Ward (5),, Hlaing Township, Yangon , Myanmar",09-421102607,Yangon,active,,https://www.edge.com.mm/listing/no-2-hlaing-pre-primary-school-l121990.html
MMR013019-PV01,No.[2] Pazundaung,PV,Pazundaung,MMR013019,Yangon Region,MMR013,township,,"182/194/A/B, 2nd Flr, Botahtaung Pagoda St., Hnin Si Condo,, Pazundaung Township, Yangon , Myanmar","01-292587, 09-258223391",Yangon,active,,https://www.edge.com.mm/listing/no-2-pazundaung-l125112.html
MMR013011-BEPS03-1,Basic Education Primary School No. 3 Mingaladon (အမှတ် (3) အခြေခံပညာမူလတန်းကျောင်း မင်္ဂလာဒုံ (အ.မ.က 3 မင်္ဂလာဒုံ)),BEPS,Mingaladon,MMR013011,Yangon Region,MMR013,township,(2/Kha) Ward,"124, Khayay Pin Rd., (2/Kha) Ward,, Mingalardon Township, Yangon , Myanmar","01-635323, 09-420138694",Yangon,active,,https://www.edge.com.mm/listing/no-3-pre-primary-school-l00241783.html
MMR013021-BEPS04-1,Basic Education Primary School No. 4 Ahlone (အမှတ် (4) အခြေခံပညာမူလတန်းကျောင်း အလုံ (အ.မ.က 4 အလုံ)),BEPS,Ahlone,MMR013021,Yangon Region,MMR013,township,Manaw Hari Housing,"47, Baho Rd., Near Nandawun Myanmar Gems, Manaw Hari Housing, Kayin Chan Ward,, Ahlone Township, Yangon , Myanmar","09-440004720, 09-421054247",Yangon,active,,https://www.edge.com.mm/listing/no-4-pre-primary-school-l285.html
MMR013015-BEPS05,Basic Education Primary School No. 5 Tamwe (အမှတ် (5) အခြေခံပညာမူလတန်းကျောင်း တာမွေ (အ.မ.က 5 တာမွေ)),BEPS,Tamwe,MMR013015,Yangon Region,MMR013,township,,"86/7, Thamadeikhti St.,, Tarmwe Township, Yangon , Myanmar",01-554827,Yangon,active,,https://www.edge.com.mm/listing/no-5-pre-primary-school-l41291.html
MMR013029-BEPS06,Basic Education Primary School No. 6 Latha (အမှတ် (6) အခြေခံပညာမူလတန်းကျောင်း လသာ (အ.မ.က 6 လသာ)),BEPS,Latha,MMR013029,Yangon Region,MMR013,township,,"17/25, 18th St., Lower Block,, Latha Township, Yangon , Myanmar","01-226517, 09-420138713",Yangon,active,,https://www.edge.com.mm/listing/no-6-pre-primary-school-l00328978.html
MMR013023-BEHS01,Basic Education High School No. 1 North Dagon (အမှတ် (1) အခြေခံပညာအထက်တန်းကျောင်း ဒဂုံမြို့သစ်(မြောက်ပိုင်း) (အ.ထ.က 1 ဒဂုံမြို့သစ်(မြောက်ပိုင်း))),BEHS,North Dagon,MMR013023,Yangon Region,MMR013,township,Ward (28),"Aung Thiri 2nd St., Ward (28),, North Dagon Township, Yangon , Myanmar","01-584817, 09-254921073, 09-450543603",Yangon,active,,https://www.edge.com.mm/listing/north-dagon-b-e-h-s-1-l00331368.html
MMR013023-BEHS02,Basic Education High School No. 2 North Dagon (အမှတ် (2) အခြေခံပညာအထက်တန်းကျောင်း ဒဂုံမြို့သစ်(မြောက်ပိုင်း) (အ.ထ.က 2 ဒဂုံမြို့သစ်(မြောက်ပိုင်း))),BEHS,North Dagon,MMR013023,Yangon Region,MMR013,township,Ward (46),"Bo Saw Oo St., Ward (46),, North Dagon Township, Yangon , Myanmar","09-420128778, 01-794742611",Yangon,active,,https://www.edge.com.mm/listing/north-dagon-b-e-h-s-2-l44228.html
MMR013023-BEHS03,Basic Education High School No. 3 North Dagon (အမှတ် (3) အခြေခံပညာအထက်တန်းကျောင်း ဒဂုံမြို့သစ်(မြောက်ပိုင်း) (အ.ထ.က 3 ဒဂုံမြို့သစ်(မြောက်ပိုင်း))),BEHS,North Dagon,MMR013023,Yangon Region,MMR013,township,,"Bayint Naung Rd.,Ward (35), North Dagon Township, Yangon , Myanmar","09-450002063, 01-581313, 01-584061",Yangon,active,,https://www.edge.com.mm/listing/north-dagon-b-e-h-s-3-l44222.html
MMR013023-BEHS04,Basic Education High School No. 4 North Dagon (အမှတ် (4) အခြေခံပညာအထက်တန်းကျောင်း ဒဂုံမြို့သစ်(မြောက်ပိုင်း) (အ.ထ.က 4 ဒဂုံမြို့သစ်(မြောက်ပိုင်း))),BEHS,North Dagon,MMR013023,Yangon Region,MMR013,township,Ward (48),"Bo Hmu Ba Htoo Rd., Ward (48),, North Dagon Township, Yangon , Myanmar","01-584070, 09-450028387",Yangon,active,,https://www.edge.com.mm/listing/north-dagon-b-e-h-s-4-l44226.html
MMR013023-BEHS05,Basic Education High School No. 5 North Dagon (အမှတ် (5) အခြေခံပညာအထက်တန်းကျောင်း ဒဂုံမြို့သစ်(မြောက်ပိုင်း) (အ.ထ.က 5 ဒဂုံမြို့သစ်(မြောက်ပိုင်း))),BEHS,North Dagon,MMR013023,Yangon Region,MMR013,township,Ward (40),"Yarzadirit Rd., Ward (40),, North Dagon Township, Yangon , Myanmar",09-450041085,Yangon,active,,https://www.edge.com.mm/listing/north-dagon-b-e-h-s-5-l44227.html
MMR013023-BEMS03,Basic Education Middle School No. 3 North Dagon (အမှတ် (3) အခြေခံပညာအလယ်တန်းကျောင်း ဒဂုံမြို့သစ်(မြောက်ပိုင်း) (အ.လ.က 3 ဒဂုံမြို့သစ်(မြောက်ပိုင်း))),BEMS,North Dagon,MMR013023,Yangon Region,MMR013,township,Ward (34),"588, Lawpita St., Corner of Thin Win St., Ward (34),, North Dagon Township, Yangon , Myanmar","01-8011324, 09-2130165",Yangon,active,,https://www.edge.com.mm/listing/north-dagon-b-e-m-s-3-l44242.html
MMR013023-BEPS10,Basic Education Primary School No. 10 North Dagon (အမှတ် (10) အခြေခံပညာမူလတန်းကျောင်း ဒဂုံမြို့သစ်(မြောက်ပိုင်း) (အ.မ.က 10 ဒဂုံမြို့သစ်(မြောက်ပိုင်း))),BEPS,North Dagon,MMR013023,Yangon Region,MMR013,township,Ward (28),"615, Aung Yadanar St., Ward (28),, North Dagon Township, Yangon , Myanmar",09-450399463,Yangon,active,,https://www.edge.com.mm/listing/north-dagon-b-e-p-s-10-l44238.html
MMR013023-BEPS11,Basic Education Primary School No. 11 North Dagon (အမှတ် (11) အခြေခံပညာမူလတန်းကျောင်း ဒဂုံမြို့သစ်(မြောက်ပိုင်း) (အ.မ.က 11 ဒဂုံမြို့သစ်(မြောက်ပိုင်း))),BEPS,North Dagon,MMR013023,Yangon Region,MMR013,township,Ward (29),"Aung Takhon 1st St., Ward (29),, North Dagon Township, Yangon , Myanmar",09-262125540,Yangon,active,,https://www.edge.com.mm/listing/north-dagon-b-e-p-s-11-l44239.html
MMR013023-BEPS12,Basic Education Primary School No. 12 North Dagon (အမှတ် (12) အခြေခံပညာမူလတန်းကျောင်း ဒဂုံမြို့သစ်(မြောက်ပိုင်း) (အ.မ.က 12 ဒဂုံမြို့သစ်(မြောက်ပိုင်း))),BEPS,North Dagon,MMR013023,Yangon Region,MMR013,township,Ward (31),"232, Hlaing Sabei St., Ward (31),, North Dagon Township, Yangon , Myanmar",09-421106690,Yangon,active,,https://www.edge.com.mm/listing/north-dagon-b-e-p-s-12-l44240.html
MMR013023-BEPS13,Basic Education Primary School No. 13 North Dagon (အမှတ် (13) အခြေခံပညာမူလတန်းကျောင်း ဒဂုံမြို့သစ်(မြောက်ပိုင်း) (အ.မ.က 13 ဒဂုံမြို့သစ်(မြောက်ပိုင်း))),BEPS,North Dagon,MMR013023,Yangon Region,MMR013,township,Ward (32),"Bo Kyar Nyunt St., Ward (32),, North Dagon Township, Yangon , Myanmar","09-791775968, 09-451379213",Yangon,active,,https://www.edge.com.mm/listing/north-dagon-b-e-p-s-13-l44241.html
MMR013023-BEPS14,Basic Education Primary School No. 14 North Dagon (အမှတ် (14) အခြေခံပညာမူလတန်းကျောင်း ဒဂုံမြို့သစ်(မြောက်ပိုင်း) (အ.မ.က 14 ဒဂုံမြို့သစ်(မြောက်ပိုင်း))),BEPS,North Dagon,MMR013023,Yangon Region,MMR013,township,Ward (41),"Maha Myaing Zay St., Ward (41),, North Dagon Township, Yangon , Myanmar","09-250076655, 09-795642919",Yangon,active,,https://www.edge.com.mm/listing/north-dagon-b-e-p-s-14-l166200.html
MMR013023-BEPS15,Basic Education Primary School No. 15 North Dagon (အမှတ် (15) အခြေခံပညာမူလတန်းကျောင်း ဒဂုံမြို့သစ်(မြောက်ပိုင်း) (အ.မ.က 15 ဒဂုံမြို့သစ်(မြောက်ပိုင်း))),BEPS,North Dagon,MMR013023,Yangon Region,MMR013,township,Ward (35),"65, Saya Chon St., Ward (35),, North Dagon Township, Yangon , Myanmar","01-8011083, 09-420169261",Yangon,active,,https://www.edge.com.mm/listing/north-dagon-b-e-p-s-15-l44243.html
MMR013023-BEPS16,Basic Education Primary School No. 16 North Dagon (အမှတ် (16) အခြေခံပညာမူလတန်းကျောင်း ဒဂုံမြို့သစ်(မြောက်ပိုင်း) (အ.မ.က 16 ဒဂုံမြို့သစ်(မြောက်ပိုင်း))),BEPS,North Dagon,MMR013023,Yangon Region,MMR013,township,Ward (36),"Ye Yan Naing St., Ward (36),, North Dagon Township, Yangon , Myanmar",09-262195574,Yangon,active,,https://www.edge.com.mm/listing/north-dagon-b-e-p-s-16-l44244.html
MMR013023-BEPS17,Basic Education Primary School No. 17 North Dagon (အမှတ် (17) အခြေခံပညာမူလတန်းကျောင်း ဒဂုံမြို့သစ်(မြောက်ပိုင်း) (အ.မ.က 17 ဒဂုံမြို့သစ်(မြောက်ပိုင်း))),BEPS,North Dagon,MMR013023,Yangon Region,MMR013,township,Ward (37),"115, Myittar St., Ward (37),, North Dagon Township, Yangon , Myanmar","01-8011085, 09-795599322",Yangon,active,,https://www.edge.com.mm/listing/north-dagon-b-e-p-s-17-l44245.html
MMR013023-BEPS18,Basic Education Primary School No. 18 North Dagon (အမှတ် (18) အခြေခံပညာမူလတန်းကျောင်း ဒဂုံမြို့သစ်(မြောက်ပိုင်း) (အ.မ.က 18 ဒဂုံမြို့သစ်(မြောက်ပိုင်း))),BEPS,North Dagon,MMR013023,Yangon Region,MMR013,township,Ward (38),"874, Hlaing Hteik Khaung Tin St., Ward (38),, North Dagon Township, Yangon , Myanmar","01-8011086, 09-250079460",Yangon,active,,https://www.edge.com.mm/listing/north-dagon-b-e-p-s-18-l44246.html
MMR013023-BEPS19,Basic Education Primary School No. 19 North Dagon (အမှတ် (19) အခြေခံပညာမူလတန်းကျောင်း ဒဂုံမြို့သစ်(မြောက်ပိုင်း) (အ.မ.က 19 ဒဂုံမြို့သစ်(မြောက်ပိုင်း))),BEPS,North Dagon,MMR013023,Yangon Region,MMR013,township,Ward (39),"143, Phoe Waziyar St., Ward (39),, North Dagon Township, Yangon , Myanmar",09-777197688,Yangon,active,,https://www.edge.com.mm/listing/north-dagon-b-e-p-s-19-l44247.html
MMR013023-BEPS01,Basic Education Primary School No. 1 North Dagon (အမှတ် (1) အခြေခံပညာမူလတန်းကျောင်း ဒဂုံမြို့သစ်(မြောက်ပိုင်း) (အ.မ.က 1 ဒဂုံမြို့သစ်(မြောက်ပိုင်း))),BEPS,North Dagon,MMR013023,Yangon Region,MMR013,township,Ward (30),"Thakhin Ba Hein St., Ward (30),, North Dagon Township, Yangon , Myanmar",09-455032648,Yangon,active,,https://www.edge.com.mm/listing/north-dagon-b-e-p-s-1-l44229.html
MMR013023-BEPS20,Basic Education Primary School No. 20 North Dagon (အမှတ် (20) အခြေခံပညာမူလတန်းကျောင်း ဒဂုံမြို့သစ်(မြောက်ပိုင်း) (အ.မ.က 20 ဒဂုံမြို့သစ်(မြောက်ပိုင်း))),BEPS,North Dagon,MMR013023,Yangon Region,MMR013,township,Ward (40),"349, Phoe Waziyar St., Ward (40),, North Dagon Township, Yangon , Myanmar",09-787174240,Yangon,active,,https://www.edge.com.mm/listing/north-dagon-b-e-p-s-20-l44248.html
MMR013023-BEPS21,Basic Education Primary School No. 21 North Dagon (အမှတ် (21) အခြေခံပညာမူလတန်းကျောင်း ဒဂုံမြို့သစ်(မြောက်ပိုင်း) (အ.မ.က 21 ဒဂုံမြို့သစ်(မြောက်ပိုင်း))),BEPS,North Dagon,MMR013023,Yangon Region,MMR013,township,Ward (41),"Paday Tha Yazar St., Ward (41),, North Dagon Township, Yangon , Myanmar",09-794952250,Yangon,active,,https://www.edge.com.mm/listing/north-dagon-b-e-p-s-21-l44249.html
MMR013023-BEPS22,Basic Education Primary School No. 22 North Dagon (အမှတ် (22) အခြေခံပညာမူလတန်းကျောင်း ဒဂုံမြို့သစ်(မြောက်ပိုင်း) (အ.မ.က 22 ဒဂုံမြို့သစ်(မြောက်ပိုင်း))),BEPS,North Dagon,MMR013023,Yangon Region,MMR013,township,Ward (42),"704, Thakhin Phoe Hla Gyi St., Ward (42),, North Dagon Township, Yangon , Myanmar",09-420645901,Yangon,active,,https://www.edge.com.mm/listing/north-dagon-b-e-p-s-22-l00331400.html
MMR013023-BEPS23,Basic Education Primary School No. 23 North Dagon (အမှတ် (23) အခြေခံပညာမူလတန်းကျောင်း ဒဂုံမြို့သစ်(မြောက်ပိုင်း) (အ.မ.က 23 ဒဂုံမြို့သစ်(မြောက်ပိုင်း))),BEPS,North Dagon,MMR013023,Yangon Region,MMR013,township,Ward (43),"543, Bo Tun Zan St., Ward (43),, North Dagon Township, Yangon , Myanmar",09-795602362,Yangon,active,,https://www.edge.com.mm/listing/north-dagon-b-e-p-s-23-l44251.html
MMR013023-BEPS24,Basic Education Primary School No. 24 North Dagon (အမှတ် (24) အခြေခံပညာမူလတန်းကျောင်း ဒဂုံမြို့သစ်(မြောက်ပိုင်း) (အ.မ.က 24 ဒဂုံမြို့သစ်(မြောက်ပိုင်း))),BEPS,North Dagon,MMR013023,Yangon Region,MMR013,township,Ward (27),"Saya San Rd., Kwet Thit, Ward (27),, North Dagon Township, Yangon , Myanmar","09-73038865, 09-978306343",Yangon,active,,https://www.edge.com.mm/listing/north-dagon-b-e-p-s-24-l44253.html
MMR013023-BEPS25,Basic Education Primary School No. 25 North Dagon (အမှတ် (25) အခြေခံပညာမူလတန်းကျောင်း ဒဂုံမြို့သစ်(မြောက်ပိုင်း) (အ.မ.က 25 ဒဂုံမြို့သစ်(မြောက်ပိုင်း))),BEPS,North Dagon,MMR013023,Yangon Region,MMR013,township,Ward (48),"Maha Gandar Yone St., Ward (48),, North Dagon Township, Yangon , Myanmar",09-253014398,Yangon,active,,https://www.edge.com.mm/listing/north-dagon-b-e-p-s-25-l185683.html
MMR013023-BEPS02,Basic Education Primary School No. 2 North Dagon (အမှတ် (2) အခြေခံပညာမူလတန်းကျောင်း ဒဂုံမြို့သစ်(မြောက်ပိုင်း) (အ.မ.က 2 ဒဂုံမြို့သစ်(မြောက်ပိုင်း))),BEPS,North Dagon,MMR013023,Yangon Region,MMR013,township,Ward (47),"Bo Hmu Ba Htoo Rd., Ward (47),, North Dagon Township, Yangon , Myanmar","09-43112469, 01-8011084",Yangon,active,,https://www.edge.com.mm/listing/north-dagon-b-e-p-s-2-l44230.html
MMR013023-BEPS03,Basic Education Primary School No. 3 North Dagon (အမှတ် (3) အခြေခံပညာမူလတန်းကျောင်း ဒဂုံမြို့သစ်(မြောက်ပိုင်း) (အ.မ.က 3 ဒဂုံမြို့သစ်(မြောက်ပိုင်း))),BEPS,North Dagon,MMR013023,Yangon Region,MMR013,township,Ward (51),"Aung Myittar St., Ward (51),, North Dagon Township, Yangon , Myanmar",09-441275073,Yangon,active,,https://www.edge.com.mm/listing/north-dagon-b-e-p-s-3-l00331384.html
MMR013023-BEPS04,Basic Education Primary School No. 4 North Dagon (အမှတ် (4) အခြေခံပညာမူလတန်းကျောင်း ဒဂုံမြို့သစ်(မြောက်ပိုင်း) (အ.မ.က 4 ဒဂုံမြို့သစ်(မြောက်ပိုင်း))),BEPS,North Dagon,MMR013023,Yangon Region,MMR013,township,Ward (33),"Kyauk Sein St., Ward (33),, North Dagon Township, Yangon , Myanmar",09-779901993,Yangon,active,,https://www.edge.com.mm/listing/north-dagon-b-e-p-s-4-l00331387.html
MMR013023-BEPS05,Basic Education Primary School No. 5 North Dagon (အမှတ် (5) အခြေခံပညာမူလတန်းကျောင်း ဒဂုံမြို့သစ်(မြောက်ပိုင်း) (အ.မ.က 5 ဒဂုံမြို့သစ်(မြောက်ပိုင်း))),BEPS,North Dagon,MMR013023,Yangon Region,MMR013,township,Ward (50),"Bala Min Htin St., Ward (50),, North Dagon Township, Yangon , Myanmar",09-898134054,Yangon,active,,https://www.edge.com.mm/listing/north-dagon-b-e-p-s-5-l44233.html
MMR013023-BEPS06,Basic Education Primary School No. 6 North Dagon (အမှတ် (6) အခြေခံပညာမူလတန်းကျောင်း ဒဂုံမြို့သစ်(မြောက်ပိုင်း) (အ.မ.က 6 ဒဂုံမြို့သစ်(မြောက်ပိုင်း))),BEPS,North Dagon,MMR013023,Yangon Region,MMR013,township,,"Le Gon Eain St.,Ward (49), North Dagon Township, Yangon , Myanmar","09-43029959, 09-264379179",Yangon,active,,https://www.edge.com.mm/listing/north-dagon-b-e-p-s-6-l44234.html
MMR013023-BEPS07,Basic Education Primary School No. 7 North Dagon (အမှတ် (7) အခြေခံပညာမူလတန်းကျောင်း ဒဂုံမြို့သစ်(မြောက်ပိုင်း) (အ.မ.က 7 ဒဂုံမြို့သစ်(မြောက်ပိုင်း))),BEPS,North Dagon,MMR013023,Yangon Region,MMR013,township,Ward (46),"Bo Cho St., Ward (46),, North Dagon Township, Yangon , Myanmar",09-250075997,Yangon,active,,https://www.edge.com.mm/listing/north-dagon-b-e-p-s-7-l44235.html
MMR013023-BEPS08,Basic Education Primary School No. 8 North Dagon (အမှတ် (8) အခြေခံပညာမူလတန်းကျောင်း ဒဂုံမြို့သစ်(မြောက်ပိုင်း) (အ.မ.က 8 ဒဂုံမြို့သစ်(မြောက်ပိုင်း))),BEPS,North Dagon,MMR013023,Yangon Region,MMR013,township,Ward (45),"Dhama Zayti St., Ward (45),, North Dagon Township, Yangon , Myanmar",09-795138216,Yangon,active,,https://www.edge.com.mm/listing/north-dagon-b-e-p-s-8-l44236.html
MMR013023-BEPS09,Basic Education Primary School No. 9 North Dagon (အမှတ် (9) အခြေခံပညာမူလတန်းကျောင်း ဒဂုံမြို့သစ်(မြောက်ပိုင်း) (အ.မ.က 9 ဒဂုံမြို့သစ်(မြောက်ပိုင်း))),BEPS,North Dagon,MMR013023,Yangon Region,MMR013,township,Ward (44),"Bo Tun Sein St., Ward (44),, North Dagon Township, Yangon , Myanmar",09-421121120,Yangon,active,,https://www.edge.com.mm/listing/north-dagon-b-e-p-s-9-l44237.html
MMR013013-BEHS01,Basic Education High School No. 1 North Okkalapa (အမှတ် (1) အခြေခံပညာအထက်တန်းကျောင်း မြောက်ဥက္ကလာပ (အ.ထ.က 1 မြောက်ဥက္ကလာပ)),BEHS,North Okkalapa,MMR013013,Yangon Region,MMR013,township,Sa Lein Ward,"Thu Nandar 13th St., Sa Lein Ward,, North Okkalapa Township, Yangon , Myanmar","01-9699389, 09-450010089",Yangon,active,,https://www.edge.com.mm/listing/north-okkalapa-b-e-h-s-1-l00331453.html
MMR013013-BEHS02,Basic Education High School No. 2 North Okkalapa (အမှတ် (2) အခြေခံပညာအထက်တန်းကျောင်း မြောက်ဥက္ကလာပ (အ.ထ.က 2 မြောက်ဥက္ကလာပ)),BEHS,North Okkalapa,MMR013013,Yangon Region,MMR013,township,Ka Ward,"May Yu St., Ka Ward,, North Okkalapa Township, Yangon , Myanmar","01-9699125, 09-797763590",Yangon,active,,https://www.edge.com.mm/listing/north-okkalapa-b-e-h-s-2-l44276.html
MMR013013-BEHS03,Basic Education High School No. 3 North Okkalapa (အမှတ် (3) အခြေခံပညာအထက်တန်းကျောင်း မြောက်ဥက္ကလာပ (အ.ထ.က 3 မြောက်ဥက္ကလာပ)),BEHS,North Okkalapa,MMR013013,Yangon Region,MMR013,township,Nya Ward,"Thudhamar Rd., Nya Ward,, North Okkalapa Township, Yangon , Myanmar","01-9699190, 09-443004644",Yangon,active,,https://www.edge.com.mm/listing/north-okkalapa-b-e-h-s-3-l00331459.html
MMR013013-BEHS04,Basic Education High School No. 4 North Okkalapa (အမှတ် (4) အခြေခံပညာအထက်တန်းကျောင်း မြောက်ဥက္ကလာပ (အ.ထ.က 4 မြောက်ဥက္ကလာပ)),BEHS,North Okkalapa,MMR013013,Yangon Region,MMR013,township,Ward (2),"Thu Zi Tar St., Ward (2),, North Okkalapa Township, Yangon , Myanmar","09-444018220, 01-660139",Yangon,active,,https://www.edge.com.mm/listing/north-okkalapa-b-e-h-s-4-l44278.html
MMR013013-BEHS05,Basic Education High School No. 5 North Okkalapa (အမှတ် (5) အခြေခံပညာအထက်တန်းကျောင်း မြောက်ဥက္ကလာပ (အ.ထ.က 5 မြောက်ဥက္ကလာပ)),BEHS,North Okkalapa,MMR013013,Yangon Region,MMR013,township,Nga Ward,"Thandar St., Nga Ward,, North Okkalapa Township, Yangon , Myanmar","01-9699436, 09-420160629",Yangon,active,,https://www.edge.com.mm/listing/north-okkalapa-b-e-h-s-5-l44279.html
MMR013013-BEHS06,Basic Education High School No. 6 North Okkalapa (အမှတ် (6) အခြေခံပညာအထက်တန်းကျောင်း မြောက်ဥက္ကလာပ (အ.ထ.က 6 မြောက်ဥက္ကလာပ)),BEHS,North Okkalapa,MMR013013,Yangon Region,MMR013,township,Shwe Paukkan Ward (14),"Shwe Pauk Kan St., Shwe Pauk Kan, Shwe Paukkan Ward (14),, North Okkalapa Township, Yangon , Myanmar","01-695615, 09-795277392",Yangon,active,,https://www.edge.com.mm/listing/north-okkalapa-b-e-h-s-6-l44280.html
MMR013013-BEHS07,Basic Education High School No. 7 North Okkalapa (အမှတ် (7) အခြေခံပညာအထက်တန်းကျောင်း မြောက်ဥက္ကလာပ (အ.ထ.က 7 မြောက်ဥက္ကလာပ)),BEHS,North Okkalapa,MMR013013,Yangon Region,MMR013,township,Wai Bar Gi Ward (5),"5, Dhama Thukha St., Wai Bar Gi Ward (5),, North Okkalapa Township, Yangon , Myanmar","09-420156116, 01-9699140",Yangon,active,,https://www.edge.com.mm/listing/north-okkalapa-b-e-h-s-7-l00216269.html
MMR013013-BEMS10,Basic Education Middle School No. 10 North Okkalapa (အမှတ် (10) အခြေခံပညာအလယ်တန်းကျောင်း မြောက်ဥက္ကလာပ (အ.လ.က 10 မြောက်ဥက္ကလာပ)),BEMS,North Okkalapa,MMR013013,Yangon Region,MMR013,township,Shwe Paukkan Ward (15),"Bagan Rd., Shwe Paukkan Ward (15),, North Okkalapa Township, Yangon , Myanmar",09-973861446,Yangon,active,,https://www.edge.com.mm/listing/north-okkalapa-b-e-m-s-10-l44282.html
MMR013013-BEMS11,Basic Education Middle School No. 11 North Okkalapa (အမှတ် (11) အခြေခံပညာအလယ်တန်းကျောင်း မြောက်ဥက္ကလာပ (အ.လ.က 11 မြောက်ဥက္ကလာပ)),BEMS,North Okkalapa,MMR013013,Yangon Region,MMR013,township,Hta Wun Bae Ward,"Hnin Si St., Hta Wun Bae Ward,, North Okkalapa Township, Yangon , Myanmar",09-420160684,Yangon,active,,https://www.edge.com.mm/listing/north-okkalapa-b-e-m-s-11-l00216252.html
MMR013013-BEMS12,Basic Education Middle School No. 12 North Okkalapa (အမှတ် (12) အခြေခံပညာအလယ်တန်းကျောင်း မြောက်ဥက္ကလာပ (အ.လ.က 12 မြောက်ဥက္ကလာပ)),BEMS,North Okkalapa,MMR013013,Yangon Region,MMR013,township,Shwe Paukkan Ward (15),"17, Padauk St., Shwe Paukkan Ward (15),, North Okkalapa Township, Yangon , Myanmar",09-450029491,Yangon,active,,https://www.edge.com.mm/listing/north-okkalapa-b-e-m-s-12-l00216273.html
MMR013013-BEMS01,Basic Education Middle School No. 1 North Okkalapa (အမှတ် (1) အခြေခံပညာအလယ်တန်းကျောင်း မြောက်ဥက္ကလာပ (အ.လ.က 1 မြောက်ဥက္ကလာပ)),BEMS,North Okkalapa,MMR013013,Yangon Region,MMR013,township,Ga Nge Ward,"Oakkar St., Corner of Oakkar 4th St., Ga Nge Ward,, North Okkalapa Township, Yangon , Myanmar","01-9699363, 09-5162902",Yangon,active,,https://www.edge.com.mm/listing/north-okkalapa-b-e-m-s-1-l44281.html
MMR013013-BEMS02,Basic Education Middle School No. 2 North Okkalapa (အမှတ် (2) အခြေခံပညာအလယ်တန်းကျောင်း မြောက်ဥက္ကလာပ (အ.လ.က 2 မြောက်ဥက္ကလာပ)),BEMS,North Okkalapa,MMR013013,Yangon Region,MMR013,township,Hta Wun Bae Ward,"Tha Pyay St., Hta Wun Bae Ward,, North Okkalapa Township, Yangon , Myanmar","09-73018842, 09-448038038",Yangon,active,,https://www.edge.com.mm/listing/north-okkalapa-b-e-m-s-2-l00331489.html
MMR013013-BEMS03,Basic Education Middle School No. 3 North Okkalapa (အမှတ် (3) အခြေခံပညာအလယ်တန်းကျောင်း မြောက်ဥက္ကလာပ (အ.လ.က 3 မြောက်ဥက္ကလာပ)),BEMS,North Okkalapa,MMR013013,Yangon Region,MMR013,township,Ta Ta Lin Cheik Ward,"Khay Mar Thi Rd., Ta Ta Lin Cheik Ward,, North Okkalapa Township, Yangon , Myanmar","01-9699192, 09-765181029",Yangon,active,,https://www.edge.com.mm/listing/north-okkalapa-b-e-m-s-3-l44283.html
MMR013013-BEMS04,Basic Education Middle School No. 4 North Okkalapa (အမှတ် (4) အခြေခံပညာအလယ်တန်းကျောင်း မြောက်ဥက္ကလာပ (အ.လ.က 4 မြောက်ဥက္ကလာပ)),BEMS,North Okkalapa,MMR013013,Yangon Region,MMR013,township,Ga Gyi Ward,"May Darwi Rd., Ga Gyi Ward,, North Okkalapa Township, Yangon , Myanmar","01-9699409, 09-253240049",Yangon,active,,https://www.edge.com.mm/listing/north-okkalapa-b-e-m-s-4-l44284.html
MMR013013-BEMS05,Basic Education Middle School No. 5 North Okkalapa (အမှတ် (5) အခြေခံပညာအလယ်တန်းကျောင်း မြောက်ဥက္ကလာပ (အ.လ.က 5 မြောက်ဥက္ကလာပ)),BEMS,North Okkalapa,MMR013013,Yangon Region,MMR013,township,Ward (1),"Thu Matetar St., Near Tadar Lay Railways Station, Ward (1),, North Okkalapa Township, Yangon , Myanmar","01-660635, 09-781529867",Yangon,active,,https://www.edge.com.mm/listing/north-okkalapa-b-e-m-s-5-l44285.html
MMR013013-BEMS06,Basic Education Middle School No. 6 North Okkalapa (အမှတ် (6) အခြေခံပညာအလယ်တန်းကျောင်း မြောက်ဥက္ကလာပ (အ.လ.က 6 မြောက်ဥက္ကလာပ)),BEMS,North Okkalapa,MMR013013,Yangon Region,MMR013,township,Ward (2),"Arthawaddy St., Ward (2),, North Okkalapa Township, Yangon , Myanmar","09-420133383, 01-661490",Yangon,active,,https://www.edge.com.mm/listing/north-okkalapa-b-e-m-s-6-l44286.html
MMR013013-BEMS07,Basic Education Middle School No. 7 North Okkalapa (အမှတ် (7) အခြေခံပညာအလယ်တန်းကျောင်း မြောက်ဥက္ကလာပ (အ.လ.က 7 မြောက်ဥက္ကလာပ)),BEMS,North Okkalapa,MMR013013,Yangon Region,MMR013,township,Hta Wun Bae Ward,"Pearl St., Corner of Tha Pyay St., Hta Wun Bae Ward,, North Okkalapa Township, Yangon , Myanmar","01-691182, 09-73046595",Yangon,active,,https://www.edge.com.mm/listing/north-okkalapa-b-e-m-s-7-l00331479.html
MMR013013-BEMS08,Basic Education Middle School No. 8 North Okkalapa (အမှတ် (8) အခြေခံပညာအလယ်တန်းကျောင်း မြောက်ဥက္ကလာပ (အ.လ.က 8 မြောက်ဥက္ကလာပ)),BEMS,North Okkalapa,MMR013013,Yangon Region,MMR013,township,Za Myin Zwel Ward,"Bonmar St., Corner of Bonmar 4th St., Kan Thar Yar Bus Stop, Za Myin Zwel Ward,, North Okkalapa Township, Yangon , Myanmar","09-965836196, 01-9699279",Yangon,active,,https://www.edge.com.mm/listing/north-okkalapa-b-e-m-s-8-l44288.html
MMR013013-BEMS09,Basic Education Middle School No. 9 North Okkalapa (အမှတ် (9) အခြေခံပညာအလယ်တန်းကျောင်း မြောက်ဥက္ကလာပ (အ.လ.က 9 မြောက်ဥက္ကလာပ)),BEMS,North Okkalapa,MMR013013,Yangon Region,MMR013,township,Sa Lone Ward,"May Darwi Rd., Corner of Waziyar 2nd St., Sa Lone Ward,, North Okkalapa Township, Yangon , Myanmar",09-420143482,Yangon,active,,https://www.edge.com.mm/listing/north-okkalapa-b-e-m-s-9-l44254.html
MMR013013-BEPS10,Basic Education Primary School No. 10 North Okkalapa (အမှတ် (10) အခြေခံပညာမူလတန်းကျောင်း မြောက်ဥက္ကလာပ (အ.မ.က 10 မြောက်ဥက္ကလာပ)),BEPS,North Okkalapa,MMR013013,Yangon Region,MMR013,township,Sa Lein Ward,"Thu Nandar 9th St., Sa Lein Ward,, North Okkalapa Township, Yangon , Myanmar",09-452668221,Yangon,active,,https://www.edge.com.mm/listing/north-okkalapa-b-e-p-s-10-l44303.html
MMR013013-BEPS11,Basic Education Primary School No. 11 North Okkalapa (အမှတ် (11) အခြေခံပညာမူလတန်းကျောင်း မြောက်ဥက္ကလာပ (အ.မ.က 11 မြောက်ဥက္ကလာပ)),BEPS,North Okkalapa,MMR013013,Yangon Region,MMR013,township,Sa Lein Ward,"Khay Mar Thi 2nd St., Sa Lein Ward,, North Okkalapa Township, Yangon , Myanmar",09-420022580,Yangon,active,,https://www.edge.com.mm/listing/north-okkalapa-b-e-p-s-11-l44304.html
MMR013013-BEPS12,Basic Education Primary School No. 12 North Okkalapa (အမှတ် (12) အခြေခံပညာမူလတန်းကျောင်း မြောက်ဥက္ကလာပ (အ.မ.က 12 မြောက်ဥက္ကလာပ)),BEPS,North Okkalapa,MMR013013,Yangon Region,MMR013,township,Za Gwel Ward,"Oak Zanar 4th St., Za Gwel Ward,, North Okkalapa Township, Yangon , Myanmar",09-448045373,Yangon,active,,https://www.edge.com.mm/listing/north-okkalapa-b-e-p-s-12-l44305.html
MMR013013-BEPS13,Basic Education Primary School No. 13 North Okkalapa (အမှတ် (13) အခြေခံပညာမူလတန်းကျောင်း မြောက်ဥက္ကလာပ (အ.မ.က 13 မြောက်ဥက္ကလာပ)),BEPS,North Okkalapa,MMR013013,Yangon Region,MMR013,township,Pa Ywet Seik Gone Ward,"Ywar Oo St., Pa Ywet Seik Gone Ward,, North Okkalapa Township, Yangon , Myanmar",09-73159237,Yangon,active,,https://www.edge.com.mm/listing/north-okkalapa-b-e-p-s-13-l00331515.html
MMR013013-BEPS14,Basic Education Primary School No. 14 North Okkalapa (အမှတ် (14) အခြေခံပညာမူလတန်းကျောင်း မြောက်ဥက္ကလာပ (အ.မ.က 14 မြောက်ဥက္ကလာပ)),BEPS,North Okkalapa,MMR013013,Yangon Region,MMR013,township,Za Myin Zwel Ward,"Setka Wut 2nd St., Za Myin Zwel Ward,, North Okkalapa Township, Yangon , Myanmar",09-448045066,Yangon,active,,https://www.edge.com.mm/listing/north-okkalapa-b-e-p-s-14-l00331518.html
MMR013013-BEPS15,Basic Education Primary School No. 15 North Okkalapa (အမှတ် (15) အခြေခံပညာမူလတန်းကျောင်း မြောက်ဥက္ကလာပ (အ.မ.က 15 မြောက်ဥက္ကလာပ)),BEPS,North Okkalapa,MMR013013,Yangon Region,MMR013,township,Nya Ward,"Bonmar St., Nya Ward,, North Okkalapa Township, Yangon , Myanmar",09-420141712,Yangon,active,,https://www.edge.com.mm/listing/north-okkalapa-b-e-p-s-15-l44308.html
MMR013013-BEPS16,Basic Education Primary School No. 16 North Okkalapa (အမှတ် (16) အခြေခံပညာမူလတန်းကျောင်း မြောက်ဥက္ကလာပ (အ.မ.က 16 မြောက်ဥက္ကလာပ)),BEPS,North Okkalapa,MMR013013,Yangon Region,MMR013,township,Nya Ward,"Bonmar 16th St., Nya Ward,, North Okkalapa Township, Yangon , Myanmar",09-799527091,Yangon,active,,https://www.edge.com.mm/listing/north-okkalapa-b-e-p-s-16-l44309.html
MMR013013-BEPS17,Basic Education Primary School No. 17 North Okkalapa (အမှတ် (17) အခြေခံပညာမူလတန်းကျောင်း မြောက်ဥက္ကလာပ (အ.မ.က 17 မြောက်ဥက္ကလာပ)),BEPS,North Okkalapa,MMR013013,Yangon Region,MMR013,township,Nya Ward,"Ayeyar 18th St., Nya Ward,, North Okkalapa Township, Yangon , Myanmar",09-420094789,Yangon,active,,https://www.edge.com.mm/listing/north-okkalapa-b-e-p-s-17-l44310.html
MMR013013-BEPS18,Basic Education Primary School No. 18 North Okkalapa (အမှတ် (18) အခြေခံပညာမူလတန်းကျောင်း မြောက်ဥက္ကလာပ (အ.မ.က 18 မြောက်ဥက္ကလာပ)),BEPS,North Okkalapa,MMR013013,Yangon Region,MMR013,township,Ta Ta Lin Cheik Ward,"Thudhamar Rd., Ta Ta Lin Cheik Ward,, North Okkalapa Township, Yangon , Myanmar",09-420141732,Yangon,active,,https://www.edge.com.mm/listing/north-okkalapa-b-e-p-s-18-l00331521.html
MMR013013-BEPS19,Basic Education Primary School No. 19 North Okkalapa (အမှတ် (19) အခြေခံပညာမူလတန်းကျောင်း မြောက်ဥက္ကလာပ (အ.မ.က 19 မြောက်ဥက္ကလာပ)),BEPS,North Okkalapa,MMR013013,Yangon Region,MMR013,township,Ta Ta Lin Cheik Ward,"Myittar 1st St., Ta Ta Lin Cheik Ward,, North Okkalapa Township, Yangon , Myanmar",09-73018166,Yangon,active,,https://www.edge.com.mm/listing/north-okkalapa-b-e-p-s-19-l44312.html
MMR013013-BEPS01,Basic Education Primary School No. 1 North Okkalapa (အမှတ် (1) အခြေခံပညာမူလတန်းကျောင်း မြောက်ဥက္ကလာပ (အ.မ.က 1 မြောက်ဥက္ကလာပ)),BEPS,North Okkalapa,MMR013013,Yangon Region,MMR013,township,Ward (1),"Thu Matetar 22nd St., Corner of Thu Matetar 23rd St., Ward (1),, North Okkalapa Township, Yangon , Myanmar",09-450021494,Yangon,active,,https://www.edge.com.mm/listing/north-okkalapa-b-e-p-s-1-l44294.html
MMR013013-BEPS20,Basic Education Primary School No. 20 North Okkalapa (အမှတ် (20) အခြေခံပညာမူလတန်းကျောင်း မြောက်ဥက္ကလာပ (အ.မ.က 20 မြောက်ဥက္ကလာပ)),BEPS,North Okkalapa,MMR013013,Yangon Region,MMR013,township,Za Gwel Ward,"Eindar 4th St., Za Gwel Ward,, North Okkalapa Township, Yangon , Myanmar",09-420155281,Yangon,active,,https://www.edge.com.mm/listing/north-okkalapa-b-e-p-s-20-l44313.html
MMR013013-BEPS22,Basic Education Primary School No. 22 North Okkalapa (အမှတ် (22) အခြေခံပညာမူလတန်းကျောင်း မြောက်ဥက္ကလာပ (အ.မ.က 22 မြောက်ဥက္ကလာပ)),BEPS,North Okkalapa,MMR013013,Yangon Region,MMR013,township,Kyauk Yae Dwin Ward,"Shwe Phone Pwint Pagoda St., Kyauk Yae Dwin Ward,, North Okkalapa Township, Yangon , Myanmar",09-448046302,Yangon,active,,https://www.edge.com.mm/listing/north-okkalapa-b-e-p-s-22-l44315.html
MMR013013-BEPS23,Basic Education Primary School No. 23 North Okkalapa (အမှတ် (23) အခြေခံပညာမူလတန်းကျောင်း မြောက်ဥက္ကလာပ (အ.မ.က 23 မြောက်ဥက္ကလာပ)),BEPS,North Okkalapa,MMR013013,Yangon Region,MMR013,township,Tadar Gyee Ward,"Aung Mingalar St., Tadar Gyee Ward,, North Okkalapa Township, Yangon , Myanmar",09-420059572,Yangon,active,,https://www.edge.com.mm/listing/north-okkalapa-b-e-p-s-23-l44316.html
MMR013013-BEPS24,Basic Education Primary School No. 24 North Okkalapa (အမှတ် (24) အခြေခံပညာမူလတန်းကျောင်း မြောက်ဥက္ကလာပ (အ.မ.က 24 မြောက်ဥက္ကလာပ)),BEPS,North Okkalapa,MMR013013,Yangon Region,MMR013,township,Hta Wun Bae Ward,"Sein Chal St., Agricultural Compound, Hta Wun Bae Ward,, North Okkalapa Township, Yangon , Myanmar",09-779901993,Yangon,active,,https://www.edge.com.mm/listing/north-okkalapa-b-e-p-s-24-l44317.html
MMR013013-BEPS25,Basic Education Primary School No. 25 North Okkalapa (အမှတ် (25) အခြေခံပညာမူလတန်းကျောင်း မြောက်ဥက္ကလာပ (အ.မ.က 25 မြောက်ဥက္ကလာပ)),BEPS,North Okkalapa,MMR013013,Yangon Region,MMR013,township,Nga Ward,"Waziyar 9th St., Nga Ward,, North Okkalapa Township, Yangon , Myanmar",09-448338151,Yangon,active,,https://www.edge.com.mm/listing/north-okkalapa-b-e-p-s-25-l44318.html
MMR013013-BEPS26,Basic Education Primary School No. 26 North Okkalapa (အမှတ် (26) အခြေခံပညာမူလတန်းကျောင်း မြောက်ဥက္ကလာပ (အ.မ.က 26 မြောက်ဥက္ကလာပ)),BEPS,North Okkalapa,MMR013013,Yangon Region,MMR013,township,Ka Ward,"Nwe Thar Gi St., Between Nwe Thar Gi 4th St. and Nwe Thar Gi 5th St., Ka Ward,, North Okkalapa Township, Yangon , Myanmar",09-420037536,Yangon,active,,https://www.edge.com.mm/listing/north-okkalapa-b-e-p-s-26-l44319.html
MMR013013-BEPS27,Basic Education Primary School No. 27 North Okkalapa (အမှတ် (27) အခြေခံပညာမူလတန်းကျောင်း မြောက်ဥက္ကလာပ (အ.မ.က 27 မြောက်ဥက္ကလာပ)),BEPS,North Okkalapa,MMR013013,Yangon Region,MMR013,township,Ward (2),"Yuzana St., Ward (2),, North Okkalapa Township, Yangon , Myanmar",09-443048870,Yangon,active,,https://www.edge.com.mm/listing/north-okkalapa-b-e-p-s-27-l44320.html
MMR013013-BEPS28,Basic Education Primary School No. 28 North Okkalapa (အမှတ် (28) အခြေခံပညာမူလတန်းကျောင်း မြောက်ဥက္ကလာပ (အ.မ.က 28 မြောက်ဥက္ကလာပ)),BEPS,North Okkalapa,MMR013013,Yangon Region,MMR013,township,Za Myin Zwel Ward,"Ayeyar St., Za Myin Zwel Ward,, North Okkalapa Township, Yangon , Myanmar",09-425017363,Yangon,active,,https://www.edge.com.mm/listing/north-okkalapa-b-e-p-s-28-l44321.html
MMR013013-BEPS29,Basic Education Primary School No. 29 North Okkalapa (အမှတ် (29) အခြေခံပညာမူလတန်းကျောင်း မြောက်ဥက္ကလာပ (အ.မ.က 29 မြောက်ဥက္ကလာပ)),BEPS,North Okkalapa,MMR013013,Yangon Region,MMR013,township,Ward (2),"Arthawaddy St., Ward (2),, North Okkalapa Township, Yangon , Myanmar",09-448046302,Yangon,active,,https://www.edge.com.mm/listing/north-okkalapa-b-e-p-s-29-l94770.html
MMR013013-BEPS02,Basic Education Primary School No. 2 North Okkalapa (အမှတ် (2) အခြေခံပညာမူလတန်းကျောင်း မြောက်ဥက္ကလာပ (အ.မ.က 2 မြောက်ဥက္ကလာပ)),BEPS,North Okkalapa,MMR013013,Yangon Region,MMR013,township,Ward (1),"Thu Matetar 8th St., Ward (1),, North Okkalapa Township, Yangon , Myanmar",09-421003305,Yangon,active,,https://www.edge.com.mm/listing/north-okkalapa-b-e-p-s-2-l44295.html
MMR013013-BEPS30,Basic Education Primary School No. 30 North Okkalapa (အမှတ် (30) အခြေခံပညာမူလတန်းကျောင်း မြောက်ဥက္ကလာပ (အ.မ.က 30 မြောက်ဥက္ကလာပ)),BEPS,North Okkalapa,MMR013013,Yangon Region,MMR013,township,Kha Ward,"Man Daing St., Kha Ward,, North Okkalapa Township, Yangon , Myanmar",09-32320273,Yangon,active,,https://www.edge.com.mm/listing/north-okkalapa-b-e-p-s-30-l44322.html
MMR013013-BEPS31,Basic Education Primary School No. 31 North Okkalapa (အမှတ် (31) အခြေခံပညာမူလတန်းကျောင်း မြောက်ဥက္ကလာပ (အ.မ.က 31 မြောက်ဥက္ကလာပ)),BEPS,North Okkalapa,MMR013013,Yangon Region,MMR013,township,Nga Ward,"Amara St., Corner of Set Hmu Let Hmu St., Nga Ward,, North Okkalapa Township, Yangon , Myanmar",09-32146529,Yangon,active,,https://www.edge.com.mm/listing/north-okkalapa-b-e-p-s-31-l00331528.html
MMR013013-BEPS32,Basic Education Primary School No. 32 North Okkalapa (အမှတ် (32) အခြေခံပညာမူလတန်းကျောင်း မြောက်ဥက္ကလာပ (အ.မ.က 32 မြောက်ဥက္ကလာပ)),BEPS,North Okkalapa,MMR013013,Yangon Region,MMR013,township,Ta Ta Lin Cheik Ward,"Thu Nandar Rd., Ta Ta Lin Cheik Ward,, North Okkalapa Township, Yangon , Myanmar",09-796233268,Yangon,active,,https://www.edge.com.mm/listing/north-okkalapa-b-e-p-s-32-l44324.html
MMR013013-BEPS33,Basic Education Primary School No. 33 North Okkalapa (အမှတ် (33) အခြေခံပညာမူလတန်းကျောင်း မြောက်ဥက္ကလာပ (အ.မ.က 33 မြောက်ဥက္ကလာပ)),BEPS,North Okkalapa,MMR013013,Yangon Region,MMR013,township,Ward (1),"Thu Matetar 17th St., Ward (1),, North Okkalapa Township, Yangon , Myanmar",09-448052278,Yangon,active,,https://www.edge.com.mm/listing/north-okkalapa-b-e-p-s-33-l44325.html
MMR013013-BEPS34,Basic Education Primary School No. 34 North Okkalapa (အမှတ် (34) အခြေခံပညာမူလတန်းကျောင်း မြောက်ဥက္ကလာပ (အ.မ.က 34 မြောက်ဥက္ကလာပ)),BEPS,North Okkalapa,MMR013013,Yangon Region,MMR013,township,Hta Wun Bae Ward,"Khay Mar Kyaung St., Hta Wun Bae Ward,, North Okkalapa Township, Yangon , Myanmar",09-254113437,Yangon,active,,https://www.edge.com.mm/listing/north-okkalapa-b-e-p-s-34-l00331535.html
MMR013013-BEPS35,Basic Education Primary School No. 35 North Okkalapa (အမှတ် (35) အခြေခံပညာမူလတန်းကျောင်း မြောက်ဥက္ကလာပ (အ.မ.က 35 မြောက်ဥက္ကလာပ)),BEPS,North Okkalapa,MMR013013,Yangon Region,MMR013,township,Nya Ward,"Ayeyar 10th St., Nya Ward,, North Okkalapa Township, Yangon , Myanmar",09-32322664,Yangon,active,,https://www.edge.com.mm/listing/north-okkalapa-b-e-p-s-35-l00331538.html
MMR013013-BEPS36,Basic Education Primary School No. 36 North Okkalapa (အမှတ် (36) အခြေခံပညာမူလတန်းကျောင်း မြောက်ဥက္ကလာပ (အ.မ.က 36 မြောက်ဥက္ကလာပ)),BEPS,North Okkalapa,MMR013013,Yangon Region,MMR013,township,Ward (2),"Oak Pon Seik St., Ward (2),, North Okkalapa Township, Yangon , Myanmar",09-31355081,Yangon,active,,https://www.edge.com.mm/listing/north-okkalapa-b-e-p-s-36-l44328.html
MMR013013-BEPS37,Basic Education Primary School No. 37 North Okkalapa (အမှတ် (37) အခြေခံပညာမူလတန်းကျောင်း မြောက်ဥက္ကလာပ (အ.မ.က 37 မြောက်ဥက္ကလာပ)),BEPS,North Okkalapa,MMR013013,Yangon Region,MMR013,township,Hta Wun Bae Ward,"Thudhamar Rd., Hta Wun Bae Ward,, North Okkalapa Township, Yangon , Myanmar",09-779877631,Yangon,active,,https://www.edge.com.mm/listing/north-okkalapa-b-e-p-s-37-l44329.html
MMR013013-BEPS38,Basic Education Primary School No. 38 North Okkalapa (အမှတ် (38) အခြေခံပညာမူလတန်းကျောင်း မြောက်ဥက္ကလာပ (အ.မ.က 38 မြောက်ဥက္ကလာပ)),BEPS,North Okkalapa,MMR013013,Yangon Region,MMR013,township,Nga Ward,"Nwe Ni 16th St., Nga Ward,, North Okkalapa Township, Yangon , Myanmar",09-448053298,Yangon,active,,https://www.edge.com.mm/listing/north-okkalapa-b-e-p-s-38-l44330.html
MMR013013-BEPS39,Basic Education Primary School No. 39 North Okkalapa (အမှတ် (39) အခြေခံပညာမူလတန်းကျောင်း မြောက်ဥက္ကလာပ (အ.မ.က 39 မြောက်ဥက္ကလာပ)),BEPS,North Okkalapa,MMR013013,Yangon Region,MMR013,township,Ta Ta Lin Cheik Ward,"Karunar 1st St., Ta Ta Lin Cheik Ward,, North Okkalapa Township, Yangon , Myanmar",09-796233268,Yangon,active,,https://www.edge.com.mm/listing/north-okkalapa-b-e-p-s-39-l44331.html
MMR013013-BEPS03,Basic Education Primary School No. 3 North Okkalapa (အမှတ် (3) အခြေခံပညာမူလတန်းကျောင်း မြောက်ဥက္ကလာပ (အ.မ.က 3 မြောက်ဥက္ကလာပ)),BEPS,North Okkalapa,MMR013013,Yangon Region,MMR013,township,Ward (2),"Thudhamar Rd., Ward (2),, North Okkalapa Township, Yangon , Myanmar",09-448046306,Yangon,active,,https://www.edge.com.mm/listing/north-okkalapa-b-e-p-s-3-l146822.html
MMR013013-BEPS40,Basic Education Primary School No. 40 North Okkalapa (အမှတ် (40) အခြေခံပညာမူလတန်းကျောင်း မြောက်ဥက္ကလာပ (အ.မ.က 40 မြောက်ဥက္ကလာပ)),BEPS,North Okkalapa,MMR013013,Yangon Region,MMR013,township,Za Myin Zwel Ward,"Min Yan Aung 2nd St., Za Myin Zwel Ward,, North Okkalapa Township, Yangon , Myanmar",09-420049416,Yangon,active,,https://www.edge.com.mm/listing/north-okkalapa-b-e-p-s-40-l44332.html
MMR013013-BEPS41,Basic Education Primary School No. 41 North Okkalapa (အမှတ် (41) အခြေခံပညာမူလတန်းကျောင်း မြောက်ဥက္ကလာပ (အ.မ.က 41 မြောက်ဥက္ကလာပ)),BEPS,North Okkalapa,MMR013013,Yangon Region,MMR013,township,Ga Gyi Ward,"Wai Pon La 2nd St., Ga Gyi Ward,, North Okkalapa Township, Yangon , Myanmar",09-450002118,Yangon,active,,https://www.edge.com.mm/listing/north-okkalapa-b-e-p-s-41-l44333.html
MMR013013-BEPS42,Basic Education Primary School No. 42 North Okkalapa (အမှတ် (42) အခြေခံပညာမူလတန်းကျောင်း မြောက်ဥက္ကလာပ (အ.မ.က 42 မြောက်ဥက္ကလာပ)),BEPS,North Okkalapa,MMR013013,Yangon Region,MMR013,township,Wai Bar Gi Ward (7),"Wai Hin St., Wai Bar Gi Ward (7),, North Okkalapa Township, Yangon , Myanmar",09-773133166,Yangon,active,,https://www.edge.com.mm/listing/north-okkalapa-b-e-p-s-42-l44334.html
MMR013013-BEPS43,Basic Education Primary School No. 43 North Okkalapa (အမှတ် (43) အခြေခံပညာမူလတန်းကျောင်း မြောက်ဥက္ကလာပ (အ.မ.က 43 မြောက်ဥက္ကလာပ)),BEPS,North Okkalapa,MMR013013,Yangon Region,MMR013,township,Wai Bar Gi Ward (4),"Wai Hin St., Wai Bar Gi Myoh Thit, Wai Bar Gi Ward (4),, North Okkalapa Township, Yangon , Myanmar",09-43116042,Yangon,active,,https://www.edge.com.mm/listing/north-okkalapa-b-e-p-s-43-l00331547.html
MMR013013-BEPS44,Basic Education Primary School No. 44 North Okkalapa (အမှတ် (44) အခြေခံပညာမူလတန်းကျောင်း မြောက်ဥက္ကလာပ (အ.မ.က 44 မြောက်ဥက္ကလာပ)),BEPS,North Okkalapa,MMR013013,Yangon Region,MMR013,township,Shwe Paukkan Ward (11),"Bagan Rd., Shwe Paukkan Ward (11),, North Okkalapa Township, Yangon , Myanmar",09-799475548,Yangon,active,,https://www.edge.com.mm/listing/north-okkalapa-b-e-p-s-44-l44336.html
MMR013013-BEPS45,Basic Education Primary School No. 45 North Okkalapa (အမှတ် (45) အခြေခံပညာမူလတန်းကျောင်း မြောက်ဥက္ကလာပ (အ.မ.က 45 မြောက်ဥက္ကလာပ)),BEPS,North Okkalapa,MMR013013,Yangon Region,MMR013,township,Shwe Paukkan Ward (21),"Min Htoo Kyaw St., Shwe Pauk Kan Myoh Thit, Shwe Paukkan Ward (21),, North Okkalapa Township, Yangon , Myanmar",09-420182026,Yangon,active,,https://www.edge.com.mm/listing/north-okkalapa-b-e-p-s-45-l44337.html
MMR013013-BEPS46,Basic Education Primary School No. 46 North Okkalapa (အမှတ် (46) အခြေခံပညာမူလတန်းကျောင်း မြောက်ဥက္ကလာပ (အ.မ.က 46 မြောက်ဥက္ကလာပ)),BEPS,North Okkalapa,MMR013013,Yangon Region,MMR013,township,Shwe Paukkan Ward (16),"Aung Zeya St., Shwe Pauk Kan Myoh Thit, Shwe Paukkan Ward (16),, North Okkalapa Township, Yangon , Myanmar",09-799463720,Yangon,active,,https://www.edge.com.mm/listing/north-okkalapa-b-e-p-s-46-l44338.html
MMR013013-BEPS04,Basic Education Primary School No. 4 North Okkalapa (အမှတ် (4) အခြေခံပညာမူလတန်းကျောင်း မြောက်ဥက္ကလာပ (အ.မ.က 4 မြောက်ဥက္ကလာပ)),BEPS,North Okkalapa,MMR013013,Yangon Region,MMR013,township,Ka Ward,"May Yu St., Ka Ward,, North Okkalapa Township, Yangon , Myanmar",09-420069755,Yangon,active,,https://www.edge.com.mm/listing/north-okkalapa-b-e-p-s-4-l44297.html
MMR013013-BEPS05,Basic Education Primary School No. 5 North Okkalapa (အမှတ် (5) အခြေခံပညာမူလတန်းကျောင်း မြောက်ဥက္ကလာပ (အ.မ.က 5 မြောက်ဥက္ကလာပ)),BEPS,North Okkalapa,MMR013013,Yangon Region,MMR013,township,Kha Ward,"Mya Yadanar St., Kha Ward,, North Okkalapa Township, Yangon , Myanmar",09-420128533,Yangon,active,,https://www.edge.com.mm/listing/north-okkalapa-b-e-p-s-5-l44298.html
MMR013013-BEPS06,Basic Education Primary School No. 6 North Okkalapa (အမှတ် (6) အခြေခံပညာမူလတန်းကျောင်း မြောက်ဥက္ကလာပ (အ.မ.က 6 မြောက်ဥက္ကလာပ)),BEPS,North Okkalapa,MMR013013,Yangon Region,MMR013,township,Ga Nge Ward,"Nilar St., Ga Nge Ward,, North Okkalapa Township, Yangon , Myanmar",09-448041140,Yangon,active,,https://www.edge.com.mm/listing/north-okkalapa-b-e-p-s-6-l44299.html
MMR013013-BEPS07,Basic Education Primary School No. 7 North Okkalapa (အမှတ် (7) အခြေခံပညာမူလတန်းကျောင်း မြောက်ဥက္ကလာပ (အ.မ.က 7 မြောက်ဥက္ကလာပ)),BEPS,North Okkalapa,MMR013013,Yangon Region,MMR013,township,Ga Gyi Ward,"Nwe Ni 4th St., Ga Gyi Ward,, North Okkalapa Township, Yangon , Myanmar",09-424026927,Yangon,active,,https://www.edge.com.mm/listing/north-okkalapa-b-e-p-s-7-l44300.html
MMR013013-BEPS08,Basic Education Primary School No. 8 North Okkalapa (အမှတ် (8) အခြေခံပညာမူလတန်းကျောင်း မြောက်ဥက္ကလာပ (အ.မ.က 8 မြောက်ဥက္ကလာပ)),BEPS,North Okkalapa,MMR013013,Yangon Region,MMR013,township,Nga Ward,"Thandar 9th St., Nga Ward,, North Okkalapa Township, Yangon , Myanmar",09-420147241,Yangon,active,,https://www.edge.com.mm/listing/north-okkalapa-b-e-p-s-8-l00331508.html
MMR013013-BEPS09,Basic Education Primary School No. 9 North Okkalapa (အမှတ် (9) အခြေခံပညာမူလတန်းကျောင်း မြောက်ဥက္ကလာပ (အ.မ.က 9 မြောက်ဥက္ကလာပ)),BEPS,North Okkalapa,MMR013013,Yangon Region,MMR013,township,Ga Gyi Ward,"Theingi St., Ga Gyi Ward,, North Okkalapa Township, Yangon , Myanmar",09-5076953,Yangon,active,,https://www.edge.com.mm/listing/north-okkalapa-b-e-p-s-9-l44302.html
MMR013013-BEPS21,Basic Education Primary School North Okkalapa (အခြေခံပညာမူလတန်းကျောင်း မြောက်ဥက္ကလာပ),BEPS,North Okkalapa,MMR013013,Yangon Region,MMR013,township,Sa Lein Ward,"Khay Mar Thi Rd., Corner of May Darwi Rd., Sa Lein Ward,, North Okkalapa Township, Yangon , Myanmar",01-9699543,Yangon,active,,https://www.edge.com.mm/listing/north-okkalapa-pre-primary-school-l22583.html
MMR007006-BEHS-BR01,Basic Education High School (Branch) Nyaunglebin (အခြေခံပညာအထက်တန်းကျောင်း (ခွဲ) ညောင်လေးပင်),BEHS-BR,Nyaunglebin,MMR007006,Bago Region,MMR007,township,Myoh Ma (1) Ward,"Mill St., Myoh Ma (1) Ward,, Nyaung Lay Pin Township, Bago , Myanmar",052-50809,Bago,active,,https://www.edge.com.mm/listing/nyaung-lay-pin-b-e-h-s-branch-l00256272.html
MMR007006-BEHS01,Basic Education High School No. 1 Nyaunglebin (အမှတ် (1) အခြေခံပညာအထက်တန်းကျောင်း ညောင်လေးပင် (အ.ထ.က 1 ညောင်လေးပင်)),BEHS,Nyaunglebin,MMR007006,Bago Region,MMR007,township,Myoh Ma (2) Ward,"Mahar Bawga St., Myoh Ma (2) Ward,, Nyaung Lay Pin Township, Bago , Myanmar","052-2750061, 052-50061",Bago,active,,https://www.edge.com.mm/listing/nyaung-lay-pin-b-e-h-s-1-l00256269.html
MMR007006-BEHS02,Basic Education High School No. 2 Nyaunglebin (အမှတ် (2) အခြေခံပညာအထက်တန်းကျောင်း ညောင်လေးပင် (အ.ထ.က 2 ညောင်လေးပင်)),BEHS,Nyaunglebin,MMR007006,Bago Region,MMR007,township,Myoh Ma (5) Ward,"Yangon-Mandalay Rd., Myoh Ma (5) Ward ,, Nyaung Lay Pin Township, Bago , Myanmar","052-2750062, 052-50062",Bago,active,,https://www.edge.com.mm/listing/nyaung-lay-pin-b-e-h-s-2-l00256270.html
MMR013005-BEHS01,Basic Education High School No. 1 Pabedan (အမှတ် (1) အခြေခံပညာအထက်တန်းကျောင်း ပန်းဘဲတန်း (အ.ထ.က 1 ပန်းဘဲတန်း)),BEHS,Pabedan,MMR013005,Yangon Region,MMR013,township,,"270, Shwe Dagon Pagoda Rd.,, Pabedan Township, Yangon , Myanmar","01-375350, 01-381383",Yangon,active,,https://www.edge.com.mm/listing/pabedan-b-e-h-s-1-l00331879.html
MMR013005-BEHS02,Basic Education High School No. 2 Pabedan (အမှတ် (2) အခြေခံပညာအထက်တန်းကျောင်း ပန်းဘဲတန်း (အ.ထ.က 2 ပန်းဘဲတန်း)),BEHS,Pabedan,MMR013005,Yangon Region,MMR013,township,,"124/142, Shwe Bon Tha St.,, Pabedan Township, Yangon , Myanmar",01-376875,Yangon,active,,https://www.edge.com.mm/listing/pabedan-b-e-h-s-2-l46284.html
MMR013005-BEHS03,Basic Education High School No. 3 Pabedan (အမှတ် (3) အခြေခံပညာအထက်တန်းကျောင်း ပန်းဘဲတန်း (အ.ထ.က 3 ပန်းဘဲတန်း)),BEHS,Pabedan,MMR013005,Yangon Region,MMR013,township,,"88/90, Bo Soon Pat St., Lower Block,, Pabedan Township, Yangon , Myanmar",01-377065,Yangon,active,,https://www.edge.com.mm/listing/pabedan-b-e-h-s-3-l46285.html
MMR013005-BEMS01,Basic Education Middle School No. 1 Pabedan (အမှတ် (1) အခြေခံပညာအလယ်တန်းကျောင်း ပန်းဘဲတန်း (အ.လ.က 1 ပန်းဘဲတန်း)),BEMS,Pabedan,MMR013005,Yangon Region,MMR013,township,,"36/38, 25th St., Lower Block,, Pabedan Township, Yangon , Myanmar",01-373535,Yangon,active,,https://www.edge.com.mm/listing/pabedan-b-e-m-s-1-l46286.html
MMR013005-BEMS02,Basic Education Middle School No. 2 Pabedan (အမှတ် (2) အခြေခံပညာအလယ်တန်းကျောင်း ပန်းဘဲတန်း (အ.လ.က 2 ပန်းဘဲတန်း)),BEMS,Pabedan,MMR013005,Yangon Region,MMR013,township,,"80, 4th Flr, 31st St., Lower Block,, Pabedan Township, Yangon , Myanmar",01-374989,Yangon,active,,https://www.edge.com.mm/listing/pabedan-b-e-m-s-2-l46287.html
MMR013005-BEPS01,Basic Education Primary School No. 1 Pabedan (အမှတ် (1) အခြေခံပညာမူလတန်းကျောင်း ပန်းဘဲတန်း (အ.မ.က 1 ပန်းဘဲတန်း)),BEPS,Pabedan,MMR013005,Yangon Region,MMR013,township,,"7, 28th St., Lower Block,, Pabedan Township, Yangon , Myanmar",01-387665,Yangon,active,,https://www.edge.com.mm/listing/pabedan-b-e-p-s-1-l167858.html
MMR013005-BEPS02,Basic Education Primary School No. 2 Pabedan (အမှတ် (2) အခြေခံပညာမူလတန်းကျောင်း ပန်းဘဲတန်း (အ.မ.က 2 ပန်းဘဲတန်း)),BEPS,Pabedan,MMR013005,Yangon Region,MMR013,township,,"326, Bo Soon Pat St., Upper Block,, Pabedan Township, Yangon , Myanmar",01-385478,Yangon,active,,https://www.edge.com.mm/listing/pabedan-b-e-p-s-2-l46292.html
MMR013005-BEPS03,Basic Education Primary School No. 3 Pabedan (အမှတ် (3) အခြေခံပညာမူလတန်းကျောင်း ပန်းဘဲတန်း (အ.မ.က 3 ပန်းဘဲတန်း)),BEPS,Pabedan,MMR013005,Yangon Region,MMR013,township,,"191, 27th St., Upper Block,, Pabedan Township, Yangon , Myanmar",01-389647,Yangon,active,,https://www.edge.com.mm/listing/pabedan-b-e-p-s-3-l00331897.html
MMR017001-BEHS01-1,Basic Education High School No. 1 Pathein (အမှတ် (1) အခြေခံပညာအထက်တန်းကျောင်း ပုသိမ် (အ.ထ.က 1 ပုသိမ်)),BEHS,Pathein,MMR017001,Ayeyarwady Region,MMR017,township,Ward(3),"Maha Bandoola Rd., Ward(3),, Pathein Township, Ayeyawady , Myanmar",042-25052,Ayeyawady,active,,https://www.edge.com.mm/listing/pathein-b-e-h-s-1-l00255404.html
MMR017001-BEHS02,Basic Education High School No. 2 Pathein (အမှတ် (2) အခြေခံပညာအထက်တန်းကျောင်း ပုသိမ် (အ.ထ.က 2 ပုသိမ်)),BEHS,Pathein,MMR017001,Ayeyarwady Region,MMR017,township,,"Full Address, Pathein Township, Ayeyawady , Myanmar",042-24565,Ayeyawady,active,,https://www.edge.com.mm/listing/pathein-b-e-h-s-2-l00255407.html
MMR017001-BEHS03,Basic Education High School No. 3 Pathein (အမှတ် (3) အခြေခံပညာအထက်တန်းကျောင်း ပုသိမ် (အ.ထ.က 3 ပုသိမ်)),BEHS,Pathein,MMR017001,Ayeyarwady Region,MMR017,township,Ward(2),"Maha Bandoola Rd., Ward(2),, Pathein Township, Ayeyawady , Myanmar",042-24566,Ayeyawady,active,,https://www.edge.com.mm/listing/pathein-b-e-h-s-3-l00255410.html
MMR017001-BEHS04,Basic Education High School No. 4 Pathein (အမှတ် (4) အခြေခံပညာအထက်တန်းကျောင်း ပုသိမ် (အ.ထ.က 4 ပုသိမ်)),BEHS,Pathein,MMR017001,Ayeyarwady Region,MMR017,township,Ward(8),"Maha Bawdi St., Ward(8),, Pathein Township, Ayeyawady , Myanmar",042-21837,Ayeyawady,active,,https://www.edge.com.mm/listing/pathein-b-e-h-s-4-l00255413.html
MMR017001-BEHS05,Basic Education High School No. 5 Pathein (အမှတ် (5) အခြေခံပညာအထက်တန်းကျောင်း ပုသိမ် (အ.ထ.က 5 ပုသိမ်)),BEHS,Pathein,MMR017001,Ayeyarwady Region,MMR017,township,Ward(2),"Yoedayar Kone St., Ward(2),, Pathein Township, Ayeyawady , Myanmar",042-21323,Ayeyawady,active,,https://www.edge.com.mm/listing/pathein-b-e-h-s-5-l00255417.html
MMR017001-BEHS06,Basic Education High School No. 6 Pathein (အမှတ် (6) အခြေခံပညာအထက်တန်းကျောင်း ပုသိမ် (အ.ထ.က 6 ပုသိမ်)),BEHS,Pathein,MMR017001,Ayeyarwady Region,MMR017,township,Ward (4),"Min Gyi St., Ward (4),, Pathein Township, Ayeyawady , Myanmar",042-21076,Ayeyawady,active,,https://www.edge.com.mm/listing/pathein-b-e-h-s-6-l00255424.html
MMR017001-BEHS07,Basic Education High School No. 7 Pathein (အမှတ် (7) အခြေခံပညာအထက်တန်းကျောင်း ပုသိမ် (အ.ထ.က 7 ပုသိမ်)),BEHS,Pathein,MMR017001,Ayeyarwady Region,MMR017,township,Ward(11),"Taung Paw Rd., Ward(11),, Pathein Township, Ayeyawady , Myanmar",042-21855,Ayeyawady,active,,https://www.edge.com.mm/listing/pathein-b-e-h-s-7-l00255426.html
MMR017001-BEHS08,Basic Education High School No. 8 Pathein (အမှတ် (8) အခြေခံပညာအထက်တန်းကျောင်း ပုသိမ် (အ.ထ.က 8 ပုသိမ်)),BEHS,Pathein,MMR017001,Ayeyarwady Region,MMR017,township,Ward (9),"Thin Baw Kyin St., Ward (9),, Pathein Township, Ayeyawady , Myanmar",042-24221,Ayeyawady,active,,https://www.edge.com.mm/listing/pathein-b-e-h-s-8-l00255427.html
MMR017001-BEMS01,Basic Education Middle School No. 1 Pathein (အမှတ် (1) အခြေခံပညာအလယ်တန်းကျောင်း ပုသိမ် (အ.လ.က 1 ပုသိမ်)),BEMS,Pathein,MMR017001,Ayeyarwady Region,MMR017,township,Ward (4),"Merchant St., Shwe Maw Daw Pagoda, East Entrance, Ward (4),, Pathein Township, Ayeyawady , Myanmar",042-21257,Ayeyawady,active,,https://www.edge.com.mm/listing/pathein-b-e-m-s-1-l00255433.html
MMR017001-BEMS01-1,Basic Education Middle School No. 1 Pathein (အမှတ် (1) အခြေခံပညာအလယ်တန်းကျောင်း ပုသိမ် (အ.လ.က 1 ပုသိမ်)),BEMS,Pathein,MMR017001,Ayeyarwady Region,MMR017,township,,"Min Gyi St.,, Pathein Township, Ayeyawady , Myanmar",042-21298,Ayeyawady,active,,https://www.edge.com.mm/listing/pathein-b-e-m-s-1-l00255376.html
MMR017001-BEMS03,Basic Education Middle School No. 3 Pathein (အမှတ် (3) အခြေခံပညာအလယ်တန်းကျောင်း ပုသိမ် (အ.လ.က 3 ပုသိမ်)),BEMS,Pathein,MMR017001,Ayeyarwady Region,MMR017,township,Ward(2),"Kaba Aye St., Ward(2),, Pathein Township, Ayeyawady , Myanmar",042-21997,Ayeyawady,active,,https://www.edge.com.mm/listing/pathein-b-e-m-s-3-l00255380.html
MMR017001-BEMS05,Basic Education Middle School No. 5 Pathein (အမှတ် (5) အခြေခံပညာအလယ်တန်းကျောင်း ပုသိမ် (အ.လ.က 5 ပုသိမ်)),BEMS,Pathein,MMR017001,Ayeyarwady Region,MMR017,township,,"Strand St., Shwe Bone Thar,, Pathein Township, Ayeyawady , Myanmar",042-21926,Ayeyawady,active,,https://www.edge.com.mm/listing/pathein-b-e-m-s-5-l00255383.html
MMR017001-BEMS06,Basic Education Middle School No. 6 Pathein (အမှတ် (6) အခြေခံပညာအလယ်တန်းကျောင်း ပုသိမ် (အ.လ.က 6 ပုသိမ်)),BEMS,Pathein,MMR017001,Ayeyarwady Region,MMR017,township,,"Myoe Pat St., Kyaut Ngu,, Pathein Township, Ayeyawady , Myanmar",042-21673,Ayeyawady,active,,https://www.edge.com.mm/listing/pathein-b-e-m-s-6-l00255386.html
MMR017001-BEPS10,Basic Education Primary School No. 10 Pathein (အမှတ် (10) အခြေခံပညာမူလတန်းကျောင်း ပုသိမ် (အ.မ.က 10 ပုသိမ်)),BEPS,Pathein,MMR017001,Ayeyarwady Region,MMR017,township,,"Yangon-Pathein Rd.,, Pathein Township, Ayeyawady , Myanmar",042-22169,Ayeyawady,active,,https://www.edge.com.mm/listing/pathein-b-e-p-s-10-l00255393.html
MMR017001-BEPS12,Basic Education Primary School No. 12 Pathein (အမှတ် (12) အခြေခံပညာမူလတန်းကျောင်း ပုသိမ် (အ.မ.က 12 ပုသိမ်)),BEPS,Pathein,MMR017001,Ayeyarwady Region,MMR017,township,,"Full Address, Pathein Township, Ayeyawady , Myanmar",042-22012,Ayeyawady,active,,https://www.edge.com.mm/listing/pathein-b-e-p-s-12-l00255396.html
MMR017001-BEPS24,Basic Education Primary School No. 24 Pathein (အမှတ် (24) အခြေခံပညာမူလတန်းကျောင်း ပုသိမ် (အ.မ.က 24 ပုသိမ်)),BEPS,Pathein,MMR017001,Ayeyarwady Region,MMR017,township,Ward (4),"Merchant St., Corner of Myat Lay St., Ward (4),, Pathein Township, Ayeyawady , Myanmar",042-22162,Ayeyawady,active,,https://www.edge.com.mm/listing/pathein-b-e-p-s-24-l00255400.html
MMR017001-BEPS09,Basic Education Primary School No. 9 Pathein (အမှတ် (9) အခြေခံပညာမူလတန်းကျောင်း ပုသိမ် (အ.မ.က 9 ပုသိမ်)),BEPS,Pathein,MMR017001,Ayeyarwady Region,MMR017,township,,"Full Address, Pathein Township, Ayeyawady , Myanmar",042-22167,Ayeyawady,active,,https://www.edge.com.mm/listing/pathein-b-e-p-s-9-l00255389.html
MMR009007-BEMS-BR11,Basic Education Middle School (Branch) No. 11 Patheingyi (အမှတ် (11) အခြေခံပညာအလယ်တန်းကျောင်း (ခွဲ) ပုသိမ်ကြီး (အ.လ.က (ခွဲ) 11 ပုသိမ်ကြီး)),BEMS-BR,Patheingyi,MMR009007,Mandalay Region,MMR009,township,Tamataw Village,"Mandalay-Pyin Oo Lwin Up St., Tamataw Village,, Patheingyi Township, Mandalay , Myanmar","09-797184633, 09-953030610",Mandalay,active,,https://www.edge.com.mm/listing/patheingyi-b-e-m-s-11-branch-u02522259.html
MMR009007-PV03,Patheingyi Township Education Office,PV,Patheingyi,MMR009007,Mandalay Region,MMR009,township,Aung Mingalar Ward,"Pathein Gyi Main St., Aung Mingalar Ward, Myoth Ma Ward,, Patheingyi Township, Mandalay , Myanmar","09-896502406, 02-58112",Mandalay,active,,https://www.edge.com.mm/listing/patheingyi-township-education-office-u02522578.html
MMR010005-BEHS01,Basic Education High School Paung (အခြေခံပညာအထက်တန်းကျောင်း ပေါင်),BEHS,Paung,MMR010005,Mon State,MMR010,township,Paung Ward,"Butar St., Paung Ward,, Paung Township, Mon State , Myanmar",057-47229,Mon State,active,,https://www.edge.com.mm/listing/paung-b-e-h-s-l00252497.html
MMR010005-BEHS02,Basic Education High School Paung (အခြေခံပညာအထက်တန်းကျောင်း ပေါင်),BEHS,Paung,MMR010005,Mon State,MMR010,township,Zin Kyaik Village,"Zin Kyaik Village,, Paung Township, Mon State , Myanmar",057-49169,Mon State,active,,https://www.edge.com.mm/listing/paung-b-e-h-s-zin-kyaik-l00252487.html
MMR007007-BEHS01,Basic Education High School Paungde (အခြေခံပညာအထက်တန်းကျောင်း ပေါင်းတည်),BEHS,Paungde,MMR007007,Bago Region,MMR007,township,Zay (1) Ward,"Yangon-Pyay Rd., Zay (1) Ward,, Paungde Township, Bago , Myanmar","053-38060, 09-423680082",Bago,active,,https://www.edge.com.mm/listing/paung-te-b-e-h-s-l00254481.html
MMR007007-BEHS02,Basic Education High School Paungde (အခြေခံပညာအထက်တန်းကျောင်း ပေါင်းတည်),BEHS,Paungde,MMR007007,Bago Region,MMR007,township,Zay (1) Ward,"1st St., Zay (1) Ward,, Paungde Township, Bago , Myanmar","053-38867, 09-423676834",Bago,active,,https://www.edge.com.mm/listing/paung-te-b-e-h-s-myoma-l00254494.html
MMR013019-BEHS01,Basic Education High School No. 1 Pazundaung (အမှတ် (1) အခြေခံပညာအထက်တန်းကျောင်း ပုဇွန်တောင် (အ.ထ.က 1 ပုဇွန်တောင်)),BEHS,Pazundaung,MMR013019,Yangon Region,MMR013,township,,"118, Anawrahta Rd.,, Pazundaung Township, Yangon , Myanmar","01-291835, 09-795404067",Yangon,active,,https://www.edge.com.mm/listing/pazundaung-b-e-h-s-1-l50203.html
MMR013019-BEHS02,Basic Education High School No. 2 Pazundaung (အမှတ် (2) အခြေခံပညာအထက်တန်းကျောင်း ပုဇွန်တောင် (အ.ထ.က 2 ပုဇွန်တောင်)),BEHS,Pazundaung,MMR013019,Yangon Region,MMR013,township,,"210, Maha Bandoola Rd.,, Pazundaung Township, Yangon , Myanmar",01-292325,Yangon,active,,https://www.edge.com.mm/listing/pazundaung-b-e-h-s-2-l50204.html
MMR013019-BEHS03,Basic Education High School No. 3 Pazundaung (အမှတ် (3) အခြေခံပညာအထက်တန်းကျောင်း ပုဇွန်တောင် (အ.ထ.က 3 ပုဇွန်တောင်)),BEHS,Pazundaung,MMR013019,Yangon Region,MMR013,township,,"94/96, 52nd St., Upper Middle Block,, Pazundaung Township, Yangon , Myanmar","01-291624, 09-421132605",Yangon,active,,https://www.edge.com.mm/listing/pazundaung-b-e-h-s-3-l50205.html
MMR013019-BEHS04,Basic Education High School No. 4 Pazundaung (အမှတ် (4) အခြေခံပညာအထက်တန်းကျောင်း ပုဇွန်တောင် (အ.ထ.က 4 ပုဇွန်တောင်)),BEHS,Pazundaung,MMR013019,Yangon Region,MMR013,township,,"242, Bo Myat Tun St., Upper Block,, Pazundaung Township, Yangon , Myanmar","01-292184, 09-799413547",Yangon,active,,https://www.edge.com.mm/listing/pazundaung-b-e-h-s-4-l50206.html
MMR013019-BEMS01,Basic Education Middle School No. 1 Pazundaung (အမှတ် (1) အခြေခံပညာအလယ်တန်းကျောင်း ပုဇွန်တောင် (အ.လ.က 1 ပုဇွန်တောင်)),BEMS,Pazundaung,MMR013019,Yangon Region,MMR013,township,,"190/192, Botahtaung Pagoda St., Middle Block,, Pazundaung Township, Yangon , Myanmar","01-292217, 09-31359059",Yangon,active,,https://www.edge.com.mm/listing/pazundaung-b-e-m-s-1-l50207.html
MMR013019-BEMS02,Basic Education Middle School No. 2 Pazundaung (အမှတ် (2) အခြေခံပညာအလယ်တန်းကျောင်း ပုဇွန်တောင် (အ.လ.က 2 ပုဇွန်တောင်)),BEMS,Pazundaung,MMR013019,Yangon Region,MMR013,township,,"188/186, Bo Myat Tun St., Middle Block,, Pazundaung Township, Yangon , Myanmar","01-292502, 09-450028448",Yangon,active,,https://www.edge.com.mm/listing/pazundaung-b-e-m-s-2-l50208.html
MMR013019-BEMS03,Basic Education Middle School No. 3 Pazundaung (အမှတ် (3) အခြေခံပညာအလယ်တန်းကျောင်း ပုဇွန်တောင် (အ.လ.က 3 ပုဇွန်တောင်)),BEMS,Pazundaung,MMR013019,Yangon Region,MMR013,township,,"13, Nyaung Dan St.,, Pazundaung Township, Yangon , Myanmar","01-290533, 09-5043384",Yangon,active,,https://www.edge.com.mm/listing/pazundaung-b-e-m-s-3-l50209.html
MMR013019-BEPS10,Basic Education Primary School No. 10 Pazundaung (အမှတ် (10) အခြေခံပညာမူလတန်းကျောင်း ပုဇွန်တောင် (အ.မ.က 10 ပုဇွန်တောင်)),BEPS,Pazundaung,MMR013019,Yangon Region,MMR013,township,,"Bawga Theiddi St., Thidar Seik Bus Stop,, Pazundaung Township, Yangon , Myanmar","01-292270, 09-5413326",Yangon,active,,https://www.edge.com.mm/listing/pazundaung-b-e-p-s-10-l50219.html
MMR013019-BEPS02,Basic Education Primary School No. 2 Pazundaung (အမှတ် (2) အခြေခံပညာမူလတန်းကျောင်း ပုဇွန်တောင် (အ.မ.က 2 ပုဇွန်တောင်)),BEPS,Pazundaung,MMR013019,Yangon Region,MMR013,township,,"209, Botahtaung Zay St., Upper Middle Block,, Pazundaung Township, Yangon , Myanmar","01-292409, 09-420144895",Yangon,active,,https://www.edge.com.mm/listing/pazundaung-b-e-p-s-2-l50212.html
MMR013019-BEPS03,Basic Education Primary School No. 3 Pazundaung (အမှတ် (3) အခြေခံပညာမူလတန်းကျောင်း ပုဇွန်တောင် (အ.မ.က 3 ပုဇွန်တောင်)),BEPS,Pazundaung,MMR013019,Yangon Region,MMR013,township,,"12, Sut Tha Phu St.,, Pazundaung Township, Yangon , Myanmar",09-30893006,Yangon,active,,https://www.edge.com.mm/listing/pazundaung-b-e-p-s-3-l50213.html
MMR013019-BEPS04,Basic Education Primary School No. 4 Pazundaung (အမှတ် (4) အခြေခံပညာမူလတန်းကျောင်း ပုဇွန်တောင် (အ.မ.က 4 ပုဇွန်တောင်)),BEPS,Pazundaung,MMR013019,Yangon Region,MMR013,township,,"261/265, Botahtaung Pagoda St., Upper Block,, Pazundaung Township, Yangon , Myanmar","09-420093682, 09-421044923",Yangon,active,,https://www.edge.com.mm/listing/pazundaung-b-e-p-s-4-l50214.html
MMR013019-BEPS05,Basic Education Primary School No. 5 Pazundaung (အမှတ် (5) အခြေခံပညာမူလတန်းကျောင်း ပုဇွန်တောင် (အ.မ.က 5 ပုဇွန်တောင်)),BEPS,Pazundaung,MMR013019,Yangon Region,MMR013,township,,"17, Wutt Kyaung St.,, Pazundaung Township, Yangon , Myanmar",09-420100224,Yangon,active,,https://www.edge.com.mm/listing/pazundaung-b-e-p-s-5-l50215.html
MMR013019-BEPS06,Basic Education Primary School No. 6 Pazundaung (အမှတ် (6) အခြေခံပညာမူလတန်းကျောင်း ပုဇွန်တောင် (အ.မ.က 6 ပုဇွန်တောင်)),BEPS,Pazundaung,MMR013019,Yangon Region,MMR013,township,,"82, Maha Bandoola Rd.,, Pazundaung Township, Yangon , Myanmar","01-292460, 09-5502101",Yangon,active,,https://www.edge.com.mm/listing/pazundaung-b-e-p-s-6-l50216.html
MMR013019-BEPS07,Basic Education Primary School No. 7 Pazundaung (အမှတ် (7) အခြေခံပညာမူလတန်းကျောင်း ပုဇွန်တောင် (အ.မ.က 7 ပုဇွန်တောင်)),BEPS,Pazundaung,MMR013019,Yangon Region,MMR013,township,,"27, U Weikzar St.,, Pazundaung Township, Yangon , Myanmar",09-796136106,Yangon,active,,https://www.edge.com.mm/listing/pazundaung-b-e-p-s-7-l50217.html
MMR013019-BEPS08,Basic Education Primary School No. 8 Pazundaung (အမှတ် (8) အခြေခံပညာမူလတန်းကျောင်း ပုဇွန်တောင် (အ.မ.က 8 ပုဇွန်တောင်)),BEPS,Pazundaung,MMR013019,Yangon Region,MMR013,township,,"111/113, 51st St., Middle Block,, Pazundaung Township, Yangon , Myanmar","01-200966, 09-795294633",Yangon,active,,https://www.edge.com.mm/listing/pazundaung-b-e-p-s-8-l92115.html
MMR013019-BEPS09,Basic Education Primary School No. 9 Pazundaung (အမှတ် (9) အခြေခံပညာမူလတန်းကျောင်း ပုဇွန်တောင် (အ.မ.က 9 ပုဇွန်တောင်)),BEPS,Pazundaung,MMR013019,Yangon Region,MMR013,township,,"17, Yae Kyaw St.,, Pazundaung Township, Yangon , Myanmar",09-693105447,Yangon,active,,https://www.edge.com.mm/listing/pazundaung-b-e-p-s-9-l50218.html
MMR009001-BEHS02,Basic Education High School Aungmyethazan (အခြေခံပညာအထက်တန်းကျောင်း အောင်မြေသာစံ),BEHS,Aungmyethazan,MMR009001,Mandalay Region,MMR009,township,,"19th St., Between 59th St. and 60th St., Near Nan Shae , Monetaing Zayat, Daw Na Bwar,, Aung Myay Thar Zan Township, Mandalay , Myanmar","09-2026951, 09-2020661",Mandalay,active,,https://www.edge.com.mm/listing/phaung-daw-oo-monastic-education-high-school-u132792.html
MMR017007-BEHS01,Basic Education High School No. 1 Pyapon (အမှတ် (1) အခြေခံပညာအထက်တန်းကျောင်း ဖျာပုံ (အ.ထ.က 1 ဖျာပုံ)),BEHS,Pyapon,MMR017007,Ayeyarwady Region,MMR017,township,Ward(12),"5th St., Ward(12),, Phyar Pone Township, Ayeyawady , Myanmar",045-40018,Ayeyawady,active,,https://www.edge.com.mm/listing/phyar-pone-b-e-h-s-1-l00253951.html
MMR017007-BEHS02,Basic Education High School No. 2 Pyapon (အမှတ် (2) အခြေခံပညာအထက်တန်းကျောင်း ဖျာပုံ (အ.ထ.က 2 ဖျာပုံ)),BEHS,Pyapon,MMR017007,Ayeyarwady Region,MMR017,township,Ward(14),"Phyar Pon-Bogalay St., Ward(14),, Phyar Pone Township, Ayeyawady , Myanmar","045-40204, 09-451239443",Ayeyawady,active,,https://www.edge.com.mm/listing/phyar-pone-b-e-h-s-2-l00253954.html
MMR017007-BEHS03,Basic Education High School No. 3 Pyapon (အမှတ် (3) အခြေခံပညာအထက်တန်းကျောင်း ဖျာပုံ (အ.ထ.က 3 ဖျာပုံ)),BEHS,Pyapon,MMR017007,Ayeyarwady Region,MMR017,township,Ward(14),"Bogyoke Aung San St., Ward(14),, Phyar Pone Township, Ayeyawady , Myanmar","045-40204, 09-422443555",Ayeyawady,active,,https://www.edge.com.mm/listing/phyar-pone-b-e-h-s-3-l00253959.html
MMR017007-BEMS01,Basic Education Middle School No. 1 Pyapon (အမှတ် (1) အခြေခံပညာအလယ်တန်းကျောင်း ဖျာပုံ (အ.လ.က 1 ဖျာပုံ)),BEMS,Pyapon,MMR017007,Ayeyarwady Region,MMR017,township,Ward(4),"Du Ta Ya St., Ward(4),, Phyar Pone Township, Ayeyawady , Myanmar","045-40670, 09-250904990",Ayeyawady,active,,https://www.edge.com.mm/listing/phyar-pone-b-e-m-s-1-l00253960.html
MMR017007-BEMS02,Basic Education Middle School No. 2 Pyapon (အမှတ် (2) အခြေခံပညာအလယ်တန်းကျောင်း ဖျာပုံ (အ.လ.က 2 ဖျာပုံ)),BEMS,Pyapon,MMR017007,Ayeyarwady Region,MMR017,township,Ward(18),"Leik Ou Kone St., Ward(18),, Phyar Pone Township, Ayeyawady , Myanmar","09-31370279, 09-782540217",Ayeyawady,active,,https://www.edge.com.mm/listing/phyar-pone-b-e-m-s-2-l00253963.html
MMR017007-BEPS10,Basic Education Primary School No. 10 Pyapon (အမှတ် (10) အခြေခံပညာမူလတန်းကျောင်း ဖျာပုံ (အ.မ.က 10 ဖျာပုံ)),BEPS,Pyapon,MMR017007,Ayeyarwady Region,MMR017,township,Ward(5),"Bogyoke Aung San St., Ward(5),, Phyar Pone Township, Ayeyawady , Myanmar",09-451239994,Ayeyawady,active,,https://www.edge.com.mm/listing/phyar-pone-b-e-p-s-10-l00254021.html
MMR017007-BEPS11,Basic Education Primary School No. 11 Pyapon (အမှတ် (11) အခြေခံပညာမူလတန်းကျောင်း ဖျာပုံ (အ.မ.က 11 ဖျာပုံ)),BEPS,Pyapon,MMR017007,Ayeyarwady Region,MMR017,township,Ward(4),"Shwe Thar Kyaung St., Ward(4),, Phyar Pone Township, Ayeyawady , Myanmar",09-455939222,Ayeyawady,active,,https://www.edge.com.mm/listing/phyar-pone-b-e-p-s-11-l00254025.html
MMR017007-BEPS14,Basic Education Primary School No. 14 Pyapon (အမှတ် (14) အခြေခံပညာမူလတန်းကျောင်း ဖျာပုံ (အ.မ.က 14 ဖျာပုံ)),BEPS,Pyapon,MMR017007,Ayeyarwady Region,MMR017,township,Ward(3),"Aung Thitsar St., Ward(3),, Phyar Pone Township, Ayeyawady , Myanmar",09-250580201,Ayeyawady,active,,https://www.edge.com.mm/listing/phyar-pone-b-e-p-s-14-l00254042.html
MMR017007-BEPS15,Basic Education Primary School No. 15 Pyapon (အမှတ် (15) အခြေခံပညာမူလတန်းကျောင်း ဖျာပုံ (အ.မ.က 15 ဖျာပုံ)),BEPS,Pyapon,MMR017007,Ayeyarwady Region,MMR017,township,Ward(15),"Aung Thitsar St., Ward(15),, Phyar Pone Township, Ayeyawady , Myanmar",09-422485737,Ayeyawady,active,,https://www.edge.com.mm/listing/phyar-pone-b-e-p-s-15-l00254047.html
MMR017007-BEPS16,Basic Education Primary School No. 16 Pyapon (အမှတ် (16) အခြေခံပညာမူလတန်းကျောင်း ဖျာပုံ (အ.မ.က 16 ဖျာပုံ)),BEPS,Pyapon,MMR017007,Ayeyarwady Region,MMR017,township,Ward(16),"Padonmar 8th St., Ward(16),, Phyar Pone Township, Ayeyawady , Myanmar",09-251111745,Ayeyawady,active,,https://www.edge.com.mm/listing/phyar-pone-b-e-p-s-16-l00254052.html
MMR017007-BEPS03,Basic Education Primary School No. 3 Pyapon (အမှတ် (3) အခြေခံပညာမူလတန်းကျောင်း ဖျာပုံ (အ.မ.က 3 ဖျာပုံ)),BEPS,Pyapon,MMR017007,Ayeyarwady Region,MMR017,township,Ward(17),"Bagan St., Ward(17),, Phyar Pone Township, Ayeyawady , Myanmar","09-955696982, 09-783581469",Ayeyawady,active,,https://www.edge.com.mm/listing/phyar-pone-b-e-p-s-3-l00253989.html
MMR017007-BEPS05,Basic Education Primary School No. 5 Pyapon (အမှတ် (5) အခြေခံပညာမူလတန်းကျောင်း ဖျာပုံ (အ.မ.က 5 ဖျာပုံ)),BEPS,Pyapon,MMR017007,Ayeyarwady Region,MMR017,township,Ward(11),"13th St.(Myoe Pattar St.), Ward(11),, Phyar Pone Township, Ayeyawady , Myanmar","09-8591029, 09-457674432",Ayeyawady,active,,https://www.edge.com.mm/listing/phyar-pone-b-e-p-s-5-l00253993.html
MMR017007-BEPS06,Basic Education Primary School No. 6 Pyapon (အမှတ် (6) အခြေခံပညာမူလတန်းကျောင်း ဖျာပုံ (အ.မ.က 6 ဖျာပုံ)),BEPS,Pyapon,MMR017007,Ayeyarwady Region,MMR017,township,Ward(10),"13th St.(Myoe Pattar St.), Ward(10) ,, Phyar Pone Township, Ayeyawady , Myanmar","09-31140316, 09-252364184",Ayeyawady,active,,https://www.edge.com.mm/listing/phyar-pone-b-e-p-s-6-l00253997.html
MMR017007-BEPS07,Basic Education Primary School No. 7 Pyapon (အမှတ် (7) အခြေခံပညာမူလတန်းကျောင်း ဖျာပုံ (အ.မ.က 7 ဖျာပုံ)),BEPS,Pyapon,MMR017007,Ayeyarwady Region,MMR017,township,Ward(5),"Maha Bandoola St., Corner of 5th St., Ward(5),, Phyar Pone Township, Ayeyawady , Myanmar",09-254298568,Ayeyawady,active,,https://www.edge.com.mm/listing/phyar-pone-b-e-p-s-7-l00254002.html
MMR017007-BEPS08,Basic Education Primary School No. 8 Pyapon (အမှတ် (8) အခြေခံပညာမူလတန်းကျောင်း ဖျာပုံ (အ.မ.က 8 ဖျာပုံ)),BEPS,Pyapon,MMR017007,Ayeyarwady Region,MMR017,township,,"Full Address, Phyar Pone Township, Ayeyawady , Myanmar",09-774677257,Ayeyawady,active,,https://www.edge.com.mm/listing/phyar-pone-b-e-p-s-8-l00254010.html
MMR017007-BEPS09,Basic Education Primary School No. 9 Pyapon (အမှတ် (9) အခြေခံပညာမူလတန်းကျောင်း ဖျာပုံ (အ.မ.က 9 ဖျာပုံ)),BEPS,Pyapon,MMR017007,Ayeyarwady Region,MMR017,township,Ward(7),"13th St.(Myoe Pattar St.), Ward(7),, Phyar Pone Township, Ayeyawady , Myanmar",09-250753728,Ayeyawady,active,,https://www.edge.com.mm/listing/phyar-pone-b-e-p-s-9-l00254016.html
MMR017007-BEPS01,Basic Education Primary School Pyapon (အခြေခံပညာမူလတန်းကျောင်း ဖျာပုံ),BEPS,Pyapon,MMR017007,Ayeyarwady Region,MMR017,township,,"Full Address, Phyar Pone Township, Ayeyawady , Myanmar",09-252654816,Ayeyawady,active,,https://www.edge.com.mm/listing/phyar-pone-b-e-p-s-chaung-twin-taung-l00254066.html
MMR017007-BEPS02,Basic Education Primary School Pyapon (အခြေခံပညာမူလတန်းကျောင်း ဖျာပုံ),BEPS,Pyapon,MMR017007,Ayeyarwady Region,MMR017,township,Ward(14),"Corner of Kyaung St., Ward(14),, Phyar Pone Township, Ayeyawady , Myanmar",09-31140041,Ayeyawady,active,,https://www.edge.com.mm/listing/phyar-pone-b-e-p-s-dhama-thuma-l00254062.html
MMR017007-BEPS02-1,Basic Education Primary School No. 2 Pyapon (အမှတ် (2) အခြေခံပညာမူလတန်းကျောင်း ဖျာပုံ (အ.မ.က 2 ဖျာပုံ)),BEPS,Pyapon,MMR017007,Ayeyarwady Region,MMR017,township,Ward(18),"Leik Ou Kone St., Ward(18),, Phyar Pone Township, Ayeyawady , Myanmar",09-453008396,Ayeyawady,active,,https://www.edge.com.mm/listing/phyar-pone-b-e-p-s-leik-ou-kone-2-l00253980.html
MMR017007-BEPS04,Basic Education Primary School Pyapon (အခြေခံပညာမူလတန်းကျောင်း ဖျာပုံ),BEPS,Pyapon,MMR017007,Ayeyarwady Region,MMR017,township,Ward(1),"Aung Thiha St., Ward(1),, Phyar Pone Township, Ayeyawady , Myanmar","09-36218654, 09-422468721",Ayeyawady,active,,https://www.edge.com.mm/listing/phyar-pone-b-e-p-s-north-paing-l00254033.html
MMR017007-BEPS12,Basic Education Primary School Pyapon (အခြေခံပညာမူလတန်းကျောင်း ဖျာပုံ),BEPS,Pyapon,MMR017007,Ayeyarwady Region,MMR017,township,Ward(13),"Pa Hta Ma St., Army (98), Ward(13),, Phyar Pone Township, Ayeyawady , Myanmar","09-252577611, 09-422479478",Ayeyawady,active,,https://www.edge.com.mm/listing/phyar-pone-b-e-p-s-tet-myay-l00253974.html
MMR017007-BEPS13,Basic Education Primary School Pyapon (အခြေခံပညာမူလတန်းကျောင်း ဖျာပုံ),BEPS,Pyapon,MMR017007,Ayeyarwady Region,MMR017,township,Ward(1),"Between 2nd St. and 3rd St., Ward(1),, Phyar Pone Township, Ayeyawady , Myanmar",09-781728143,Ayeyawady,active,,https://www.edge.com.mm/listing/phyar-pone-b-e-p-s-war-tan-l00254040.html
MMR007014-BEHS01,Basic Education High School No. 1 Phyu (အမှတ် (1) အခြေခံပညာအထက်တန်းကျောင်း ဖြူး (အ.ထ.က 1 ဖြူး)),BEHS,Phyu,MMR007014,Bago Region,MMR007,township,Say Yone Ward,"Bogyoke St., Say Yone Ward,, Phyue Township, Bago , Myanmar",054-40046,Bago,active,,https://www.edge.com.mm/listing/phyu-b-e-h-s-1-l00255122.html
MMR007014-BEHS02,Basic Education High School No. 2 Phyu (အမှတ် (2) အခြေခံပညာအထက်တန်းကျောင်း ဖြူး (အ.ထ.က 2 ဖြူး)),BEHS,Phyu,MMR007014,Bago Region,MMR007,township,Oak Phyat Ward,"Oak Phyat St., Oak Phyat Ward,, Phyue Township, Bago , Myanmar",054-40073,Bago,active,,https://www.edge.com.mm/listing/phyu-b-e-h-s-2-l00255123.html
MMR007003-PV01,Pre School,PV,Pyay,MMR007003,Bago Region,MMR007,township,Ywar Bae Ward,"Padain Tan St., Corner of Bogyoke Rd., Ywar Bae Ward,, Pyay Township, Bago , Myanmar","053-24702, 09-43180302",Bago,active,,https://www.edge.com.mm/listing/pre-school-l78600.html
MMR013019-BEPS01,Basic Education Primary School Pazundaung (အခြေခံပညာမူလတန်းကျောင်း ပုဇွန်တောင်),BEPS,Pazundaung,MMR013019,Yangon Region,MMR013,township,,"103, 52nd St., Upper Middle Block,, Pazundaung Township, Yangon , Myanmar","09-31774900, 09-795287712",Yangon,active,,https://www.edge.com.mm/listing/pre-primary-school-l83715.html
MMR007003-BEHS01,Basic Education High School No. 1 Pyay (အမှတ် (1) အခြေခံပညာအထက်တန်းကျောင်း ပြည် (အ.ထ.က 1 ပြည်)),BEHS,Pyay,MMR007003,Bago Region,MMR007,township,San Taw Ward,"Sit Kae St., San Taw Ward,, Pyay Township, Bago , Myanmar","053-24118, 053-25801",Bago,active,,https://www.edge.com.mm/listing/pyay-b-e-h-s-1-l00256154.html
MMR007003-BEHS02,Basic Education High School No. 2 Pyay (အမှတ် (2) အခြေခံပညာအထက်တန်းကျောင်း ပြည် (အ.ထ.က 2 ပြည်)),BEHS,Pyay,MMR007003,Bago Region,MMR007,township,Kyaung Gyi Ohe Tan Ward,"Pwal Sar St., Kyaung Gyi Ohe Tan Ward,, Pyay Township, Bago , Myanmar",053-24204,Bago,active,,https://www.edge.com.mm/listing/pyay-b-e-h-s-2-l00256159.html
MMR007003-BEHS03,Basic Education High School No. 3 Pyay (အမှတ် (3) အခြေခံပညာအထက်တန်းကျောင်း ပြည် (အ.ထ.က 3 ပြည်)),BEHS,Pyay,MMR007003,Bago Region,MMR007,township,San Taw Ward,"Yangon-Pyay Rd., San Taw Ward,, Pyay Township, Bago , Myanmar","053-24210, 053-27820",Bago,active,,https://www.edge.com.mm/listing/pyay-b-e-h-s-3-l00256164.html
MMR007003-BEHS04,Basic Education High School No. 4 Pyay (အမှတ် (4) အခြေခံပညာအထက်တန်းကျောင်း ပြည် (အ.ထ.က 4 ပြည်)),BEHS,Pyay,MMR007003,Bago Region,MMR007,township,Ywar Bae Ward,"Bogyoke Rd., Ywar Bae Ward,, Pyay Township, Bago , Myanmar",053-28822,Bago,active,,https://www.edge.com.mm/listing/pyay-b-e-h-s-4-l00256169.html
MMR007003-BEHS05,Basic Education High School No. 5 Pyay (အမှတ် (5) အခြေခံပညာအထက်တန်းကျောင်း ပြည် (အ.ထ.က 5 ပြည်)),BEHS,Pyay,MMR007003,Bago Region,MMR007,township,Khit Tayar Myoe Thit Ward,"Shwe Tagar St., Khit Tayar Myoe Thit Ward,, Pyay Township, Bago , Myanmar",053-28085,Bago,active,,https://www.edge.com.mm/listing/pyay-b-e-h-s-5-l00256173.html
MMR007003-BEHS06,Basic Education High School Pyay (အခြေခံပညာအထက်တန်းကျောင်း ပြည်),BEHS,Pyay,MMR007003,Bago Region,MMR007,township,Pyay Tharyar Ward,"Pyay-Pauk Khaung Rd, Pyay Tharyar Ward,, Pyay Township, Bago , Myanmar",053-49253,Bago,active,,https://www.edge.com.mm/listing/pyay-b-e-h-s-paung-ta-lal-l00256176.html
MMR007003-BEMS01,Basic Education Middle School No. 1 Pyay (အမှတ် (1) အခြေခံပညာအလယ်တန်းကျောင်း ပြည် (အ.လ.က 1 ပြည်)),BEMS,Pyay,MMR007003,Bago Region,MMR007,township,San Taw Ward,"Thain St., San Taw Ward,, Pyay Township, Bago , Myanmar",053-27526,Bago,active,,https://www.edge.com.mm/listing/pyay-b-e-m-s-1-l00256184.html
MMR007003-BEMS02,Basic Education Middle School No. 2 Pyay (အမှတ် (2) အခြေခံပညာအလယ်တန်းကျောင်း ပြည် (အ.လ.က 2 ပြည်)),BEMS,Pyay,MMR007003,Bago Region,MMR007,township,Shwe Ku Ward,"Shwe Ta Chaung St., Shwe Ku Ward,, Pyay Township, Bago , Myanmar",053-28773,Bago,active,,https://www.edge.com.mm/listing/pyay-b-e-m-s-2-l00256190.html
MMR007003-BEMS03,Basic Education Middle School No. 3 Pyay (အမှတ် (3) အခြေခံပညာအလယ်တန်းကျောင်း ပြည် (အ.လ.က 3 ပြည်)),BEMS,Pyay,MMR007003,Bago Region,MMR007,township,Kyaung Gyi Ohe Tan Ward,"Merchant St., Kyaung Gyi Ohe Tan Ward,, Pyay Township, Bago , Myanmar",053-24203,Bago,active,,https://www.edge.com.mm/listing/pyay-b-e-m-s-3-l00256199.html
MMR007003-BEMS04,Basic Education Middle School Pyay (အခြေခံပညာအလယ်တန်းကျောင်း ပြည်),BEMS,Pyay,MMR007003,Bago Region,MMR007,township,Pauk Kone Village,"Yangon-Pyay Rd., Pauk Kone Village,, Pyay Township, Bago , Myanmar",053-27597,Bago,active,,https://www.edge.com.mm/listing/pyay-b-e-m-s-tet-nel-l00256204.html
MMR009001-PV04,Pyi Gyi Kyat Tha Yay Pre School,PV,Aungmyethazan,MMR009001,Mandalay Region,MMR009,township,,"175, 25th St., Corner of 81th St., Pyi Gyi Kyat Tha Yay East,, Aung Myay Thar Zan Township, Mandalay , Myanmar",02-4021071,Mandalay,active,,https://www.edge.com.mm/listing/pyi-gyi-kyat-tha-yay-pre-school-u133387.html
MMR009005-BEHS27,Basic Education High School No. 27 Pyigyitagon (အမှတ် (27) အခြေခံပညာအထက်တန်းကျောင်း ပြည်ကြီးတံခွန် (အ.ထ.က 27 ပြည်ကြီးတံခွန်)),BEHS,Pyigyitagon,MMR009005,Mandalay Region,MMR009,township,Za Myin Zwe Ward,"Pa Pa-14, 135th St. [Yaw Min Gyi St.], Between 60th [A St.] and 60th [B St.], Industrial Zone(1), Za Myin Zwe Ward,, Pyigyi Tagon Township, Mandalay , Myanmar",02-5153595,Mandalay,active,,https://www.edge.com.mm/listing/pyigyi-tagon-b-e-h-s-27-u201200.html
MMR009005-BEHS29,Basic Education High School No. 29 Pyigyitagon (အမှတ် (29) အခြေခံပညာအထက်တန်းကျောင်း ပြည်ကြီးတံခွန် (အ.ထ.က 29 ပြည်ကြီးတံခွန်)),BEHS,Pyigyitagon,MMR009005,Mandalay Region,MMR009,township,,"Ta Ta-16, Bet; 51 St. and 52 St. & Bet; Banyint Naung St. and Kyan Sitthar St., Yadanar Pon Myot Thit, Sa Lone Block,, Pyigyi Tagon Township, Mandalay , Myanmar",09-91044940,Mandalay,active,,https://www.edge.com.mm/listing/pyigyi-tagon-b-e-h-s-29-u201201.html
MMR009005-BEHS32,Basic Education High School No. 32 Pyigyitagon (အမှတ် (32) အခြေခံပညာအထက်တန်းကျောင်း ပြည်ကြီးတံခွန် (အ.ထ.က 32 ပြည်ကြီးတံခွန်)),BEHS,Pyigyitagon,MMR009005,Mandalay Region,MMR009,township,,"Yangon-Mandalay St., Inside Yar Tha Ya(1)Army, Tagun Taing,, Pyigyi Tagon Township, Mandalay , Myanmar","09-265466446, 09-444027313",Mandalay,active,,https://www.edge.com.mm/listing/pyigyi-tagon-b-e-h-s-32-u201194.html
MMR009005-BEHS-BR05,Basic Education High School (Branch) No. 5 Pyigyitagon (အမှတ် (5) အခြေခံပညာအထက်တန်းကျောင်း (ခွဲ) ပြည်ကြီးတံခွန် (အ.ထ.က (ခွဲ) 5 ပြည်ကြီးတံခွန်)),BEHS-BR,Pyigyitagon,MMR009005,Mandalay Region,MMR009,township,,"Nya Nya-11, 60th [A St.], Between 122th St. [Bo Ba Htoo St.] and 123th St. [Aung San St.], Nga Block,, Pyigyi Tagon Township, Mandalay , Myanmar",09-444037972,Mandalay,active,,https://www.edge.com.mm/listing/pyigyi-tagon-b-e-h-s-5-branch-u201162.html
MMR009005-BEMS12,Basic Education Middle School No. 12 Pyigyitagon (အမှတ် (12) အခြေခံပညာအလယ်တန်းကျောင်း ပြည်ကြီးတံခွန် (အ.လ.က 12 ပြည်ကြီးတံခွန်)),BEMS,Pyigyitagon,MMR009005,Mandalay Region,MMR009,township,,"Ta Ta-50, Bet; 56 St. and 57 St. & Bet; Aung Zayya St. and Banyint Naung St., Sa Lone Block,, Pyigyi Tagon Township, Mandalay , Myanmar",09-265592900,Mandalay,active,,https://www.edge.com.mm/listing/pyigyi-tagon-b-e-m-s-12-u201166.html
MMR009005-BEMS20,Basic Education Middle School No. 20 Pyigyitagon (အမှတ် (20) အခြေခံပညာအလယ်တန်းကျောင်း ပြည်ကြီးတံခွန် (အ.လ.က 20 ပြည်ကြီးတံခွန်)),BEMS,Pyigyitagon,MMR009005,Mandalay Region,MMR009,township,,"Nya Nya-33, 56th St., Between 122th St. [Bo Ba Htoo St.] and 123th St. [Aung San St.], Thin Pann Gon,, Pyigyi Tagon Township, Mandalay , Myanmar","09-33428043, 09-442607511",Mandalay,active,,https://www.edge.com.mm/listing/pyigyi-tagon-b-e-m-s-20-u201163.html
MMR009005-BEMS21,Basic Education Middle School No. 21 Pyigyitagon (အမှတ် (21) အခြေခံပညာအလယ်တန်းကျောင်း ပြည်ကြီးတံခွန် (အ.လ.က 21 ပြည်ကြီးတံခွန်)),BEMS,Pyigyitagon,MMR009005,Mandalay Region,MMR009,township,Ka Gyi Ward,"La-6, 69th St., Between 114th St. [Waitharli St.] and 113th St. [Sin Phyu Shin St], Ka Gyi Ward,, Pyigyi Tagon Township, Mandalay , Myanmar",09-256029863,Mandalay,active,,https://www.edge.com.mm/listing/pyigyi-tagon-b-e-m-s-21-u201176.html
MMR009005-BEMS24,Basic Education Middle School No. 24 Pyigyitagon (အမှတ် (24) အခြေခံပညာအလယ်တန်းကျောင်း ပြည်ကြီးတံခွန် (အ.လ.က 24 ပြည်ကြီးတံခွန်)),BEMS,Pyigyitagon,MMR009005,Mandalay Region,MMR009,township,,"Nya Nya-44, 54th St., Between 118th St. [Banyar Dala St.] and Thamain Bayan St., Thin Pan Kone, Thin Pann Gon,, Pyigyi Tagon Township, Mandalay , Myanmar",09-2002030,Mandalay,active,,https://www.edge.com.mm/listing/pyigyi-tagon-b-e-m-s-24-u201164.html
MMR009005-BEMS-BR25,Basic Education Middle School (Branch) No. 25 Pyigyitagon (အမှတ် (25) အခြေခံပညာအလယ်တန်းကျောင်း (ခွဲ) ပြည်ကြီးတံခွန် (အ.လ.က (ခွဲ) 25 ပြည်ကြီးတံခွန်)),BEMS-BR,Pyigyitagon,MMR009005,Mandalay Region,MMR009,township,,"Ha-14, 116th St. [Pyu Saw Htee St.], Between 60th [A St.] and 60th [B St.], Ga Gyi Block,, Pyigyi Tagon Township, Mandalay , Myanmar",09-402596393,Mandalay,active,,https://www.edge.com.mm/listing/pyigyi-tagon-b-e-m-s-25-branch-u201161.html
MMR009005-BEMS29,Basic Education Middle School No. 29 Pyigyitagon (အမှတ် (29) အခြေခံပညာအလယ်တန်းကျောင်း ပြည်ကြီးတံခွန် (အ.လ.က 29 ပြည်ကြီးတံခွန်)),BEMS,Pyigyitagon,MMR009005,Mandalay Region,MMR009,township,,"67th St., Corner of 119th St. [Kutho Taw St], Ga Nge Block,, Pyigyi Tagon Township, Mandalay , Myanmar",09-402574645,Mandalay,active,,https://www.edge.com.mm/listing/pyigyi-tagon-b-e-m-s-29-u25255299.html
MMR009005-BEPS10,Basic Education Primary School No. 10 Pyigyitagon (အမှတ် (10) အခြေခံပညာမူလတန်းကျောင်း ပြည်ကြီးတံခွန် (အ.မ.က 10 ပြည်ကြီးတံခွန်)),BEPS,Pyigyitagon,MMR009005,Mandalay Region,MMR009,township,,"Bet; 50 St. and 51 St. & Bet; Min Gyi Yan Naung St. and Min Ye Kyaw Swar St., Thin Pann Gon,, Pyigyi Tagon Township, Mandalay , Myanmar","09-444018467, 09-404045465",Mandalay,active,,https://www.edge.com.mm/listing/pyigyi-tagon-b-e-p-s-10-u201160.html
MMR009005-BEPS15,Basic Education Primary School No. 15 Pyigyitagon (အမှတ် (15) အခြေခံပညာမူလတန်းကျောင်း ပြည်ကြီးတံခွန် (အ.မ.က 15 ပြည်ကြီးတံခွန်)),BEPS,Pyigyitagon,MMR009005,Mandalay Region,MMR009,township,,"Nya Nya-87, Bet; 46 St. and 47 St. & Bet; Min Ye Kyaw Swar St. and Ba Htoo St., Thin Pann Gon,, Pyigyi Tagon Township, Mandalay , Myanmar",09-402645281,Mandalay,active,,https://www.edge.com.mm/listing/pyigyi-tagon-b-e-p-s-15-u201165.html
MMR009005-BEPS-BR17,Basic Education Primary School (Branch) No. 17 Pyigyitagon (အမှတ် (17) အခြေခံပညာမူလတန်းကျောင်း (ခွဲ) ပြည်ကြီးတံခွန် (အ.မ.က (ခွဲ) 17 ပြည်ကြီးတံခွန်)),BEPS-BR,Pyigyitagon,MMR009005,Mandalay Region,MMR009,township,Sa Lein Block Ward,"Da Wa Cheik Da Wa Cheik-50, 56th St., Between 118th St. [Yadanar St.] and 132th St. [Mingalar St.], Sa Lein Block Ward,, Pyigyi Tagon Township, Mandalay , Myanmar",09-444034126,Mandalay,active,,https://www.edge.com.mm/listing/pyigyi-tagon-b-e-p-s-17-branch-u25255113.html
MMR009005-BEPS18,Basic Education Primary School No. 18 Pyigyitagon (အမှတ် (18) အခြေခံပညာမူလတန်းကျောင်း ပြည်ကြီးတံခွန် (အ.မ.က 18 ပြည်ကြီးတံခွန်)),BEPS,Pyigyitagon,MMR009005,Mandalay Region,MMR009,township,Sa Lein Block Ward,"Da Da-42, 53th St., Between 129th St. [Aye Myittar St.] and 130th St. [Aye Thukha St.], Sa Lein Block Ward,, Pyigyi Tagon Township, Mandalay , Myanmar",09-979314227,Mandalay,active,,https://www.edge.com.mm/listing/pyigyi-tagon-b-e-p-s-18-u201168.html
MMR009005-BEPS19,Basic Education Primary School No. 19 Pyigyitagon (အမှတ် (19) အခြေခံပညာမူလတန်းကျောင်း ပြည်ကြီးတံခွန် (အ.မ.က 19 ပြည်ကြီးတံခွန်)),BEPS,Pyigyitagon,MMR009005,Mandalay Region,MMR009,township,Za Myin Zwe Ward,"139th St. [Kanaung Min Thar Gyi St], Between 47th St. and 48th St., Industrial Zone(2), Za Myin Zwe Ward,, Pyigyi Tagon Township, Mandalay , Myanmar",09-780782395,Mandalay,active,,https://www.edge.com.mm/listing/pyigyi-tagon-b-e-p-s-19-u25255114.html
MMR009005-BEPS01,Basic Education Primary School No. 1 Pyigyitagon (အမှတ် (1) အခြေခံပညာမူလတန်းကျောင်း ပြည်ကြီးတံခွန် (အ.မ.က 1 ပြည်ကြီးတံခွန်)),BEPS,Pyigyitagon,MMR009005,Mandalay Region,MMR009,township,,"Yangon-Mandalay St., East Lay Myat Hnar Pagoda, Tagun Taing,, Pyigyi Tagon Township, Mandalay , Myanmar",09-400916616,Mandalay,active,,https://www.edge.com.mm/listing/pyigyi-tagon-b-e-p-s-1-u201159.html
MMR009005-BEPS20,Basic Education Primary School No. 20 Pyigyitagon (အမှတ် (20) အခြေခံပညာမူလတန်းကျောင်း ပြည်ကြီးတံခွန် (အ.မ.က 20 ပြည်ကြီးတံခွန်)),BEPS,Pyigyitagon,MMR009005,Mandalay Region,MMR009,township,Sa Lein Block Ward,"118th St. [Yadanar St.], Between 63th St. and 64th St., Sa Lein Block Ward,, Pyigyi Tagon Township, Mandalay , Myanmar",09-2039589,Mandalay,active,,https://www.edge.com.mm/listing/pyigyi-tagon-b-e-p-s-20-u201171.html
MMR009005-BEPS22,Basic Education Primary School No. 22 Pyigyitagon (အမှတ် (22) အခြေခံပညာမူလတန်းကျောင်း ပြည်ကြီးတံခွန် (အ.မ.က 22 ပြည်ကြီးတံခွန်)),BEPS,Pyigyitagon,MMR009005,Mandalay Region,MMR009,township,,"Ha-9/137, 64th St., Corner of 117th St. [Kyan Sitthar St.], Kha Khway Block,, Pyigyi Tagon Township, Mandalay , Myanmar",09-43190834,Mandalay,active,,https://www.edge.com.mm/listing/pyigyi-tagon-b-e-p-s-22-u202186.html
MMR009005-BEPS02,Basic Education Primary School No. 2 Pyigyitagon (အမှတ် (2) အခြေခံပညာမူလတန်းကျောင်း ပြည်ကြီးတံခွန် (အ.မ.က 2 ပြည်ကြီးတံခွန်)),BEPS,Pyigyitagon,MMR009005,Mandalay Region,MMR009,township,,"Yangon-Mandalay St., Yar Taw Block,, Pyigyi Tagon Township, Mandalay , Myanmar",09-259029177,Mandalay,active,,https://www.edge.com.mm/listing/pyigyi-tagon-b-e-p-s-2-u201170.html
MMR009005-BEPS03,Basic Education Primary School No. 3 Pyigyitagon (အမှတ် (3) အခြေခံပညာမူလတန်းကျောင်း ပြည်ကြီးတံခွန် (အ.မ.က 3 ပြည်ကြီးတံခွန်)),BEPS,Pyigyitagon,MMR009005,Mandalay Region,MMR009,township,,"Yangon-Mandalay St., Taung Myint,, Pyigyi Tagon Township, Mandalay , Myanmar",09-33052053,Mandalay,active,,https://www.edge.com.mm/listing/pyigyi-tagon-b-e-p-s-3-u201172.html
MMR009005-BEPS04,Basic Education Primary School No. 4 Pyigyitagon (အမှတ် (4) အခြေခံပညာမူလတန်းကျောင်း ပြည်ကြီးတံခွန် (အ.မ.က 4 ပြည်ကြီးတံခွန်)),BEPS,Pyigyitagon,MMR009005,Mandalay Region,MMR009,township,,"Inside Pin Ma EPC Office, Tagun Taing,, Pyigyi Tagon Township, Mandalay , Myanmar",09-444034115,Mandalay,active,,https://www.edge.com.mm/listing/pyigyi-tagon-b-e-p-s-4-u25255116.html
MMR009005-BEPS05,Basic Education Primary School No. 5 Pyigyitagon (အမှတ် (5) အခြေခံပညာမူလတန်းကျောင်း ပြည်ကြီးတံခွန် (အ.မ.က 5 ပြည်ကြီးတံခွန်)),BEPS,Pyigyitagon,MMR009005,Mandalay Region,MMR009,township,Inside Sail Myaung Win Ward,"Inside Sail Myaung Win Ward, Tagun Taing,, Pyigyi Tagon Township, Mandalay , Myanmar",09-256559400,Mandalay,active,,https://www.edge.com.mm/listing/pyigyi-tagon-b-e-p-s-5-u201174.html
MMR009005-BEPS06,Basic Education Primary School No. 6 Pyigyitagon (အမှတ် (6) အခြေခံပညာမူလတန်းကျောင်း ပြည်ကြီးတံခွန် (အ.မ.က 6 ပြည်ကြီးတံခွန်)),BEPS,Pyigyitagon,MMR009005,Mandalay Region,MMR009,township,Ye Baw Kwet Thit Ward,"Ywar Lel St., Corner of Koe Su Tan St., Ye Baw Kwet Thit Ward, Ngwe Taw Kyi Gon,, Pyigyi Tagon Township, Mandalay , Myanmar",09-256034997,Mandalay,active,,https://www.edge.com.mm/listing/pyigyi-tagon-b-e-p-s-6-u201175.html
MMR009005-BEPS-BR08,Basic Education Primary School (Branch) No. 8 Pyigyitagon (အမှတ် (8) အခြေခံပညာမူလတန်းကျောင်း (ခွဲ) ပြည်ကြီးတံခွန် (အ.မ.က (ခွဲ) 8 ပြည်ကြီးတံခွန်)),BEPS-BR,Pyigyitagon,MMR009005,Mandalay Region,MMR009,township,,"Kan Taw Mingalar St., Between 70th St. and 71 St., Ngwe Taw Kyi Gon,, Pyigyi Tagon Township, Mandalay , Myanmar",09-402741186,Mandalay,active,,https://www.edge.com.mm/listing/pyigyi-tagon-b-e-p-s-8-branch-u201177.html
MMR009005-BEPS09,Basic Education Primary School No. 9 Pyigyitagon (အမှတ် (9) အခြေခံပညာမူလတန်းကျောင်း ပြည်ကြီးတံခွန် (အ.မ.က 9 ပြည်ကြီးတံခွန်)),BEPS,Pyigyitagon,MMR009005,Mandalay Region,MMR009,township,,"May Zin Thein St., Htein Kone,, Pyigyi Tagon Township, Mandalay , Myanmar","09-265464106, 09-91021400, 09-441021400",Mandalay,active,,https://www.edge.com.mm/listing/pyigyi-tagon-b-e-p-s-9-u201178.html
MMR009005-PV03,Pyigyi Tagon Township Education Office,PV,Pyigyitagon,MMR009005,Mandalay Region,MMR009,township,Sa Lein Block Ward,"62th St., Between 128th St. [Bandula St.] and 129th St. [Aye Myittar St.], Sa Lein Block Ward,, Pyigyi Tagon Township, Mandalay , Myanmar","02-4080515, 09-265656133",Mandalay,active,,https://www.edge.com.mm/listing/pyigyi-tagon-township-education-office-u25225620.html
MMR018004-BEPS327,Basic Education Primary School No. 327 Pyinmana (အမှတ် (327) အခြေခံပညာမူလတန်းကျောင်း ပျဉ်းမနား (အ.မ.က 327 ပျဉ်းမနား)),BEPS,Pyinmana,MMR018004,Nay Pyi Taw Union Territory,MMR018,township,Ywar Kauk Ward,"Paung Laung 8th St., Ywar Kauk Ward,, Pyinmana Township, Nay Pyi Taw , Myanmar",,Nay Pyi Taw,active,,https://www.edge.com.mm/listing/pyinmana-b-e-p-s-327-l66934.html
MMR007001-BEHS01-1,Basic Education High School No. 1 Bago (အမှတ် (1) အခြေခံပညာအထက်တန်းကျောင်း ပဲခူး (အ.ထ.က 1 ပဲခူး)),BEHS,Bago,MMR007001,Bago Region,MMR007,township,Myoma (3) Ward,"Yangon - Mandalay Rd., Myoma (3) Ward,, Pyun Taza, Bago , Myanmar",052-2759010,Bago,active,,https://www.edge.com.mm/listing/pyun-taza-b-e-h-s-1-l00252593.html
MMR013008-BEHS01,Basic Education High School No. 1 Sanchaung (အမှတ် (1) အခြေခံပညာအထက်တန်းကျောင်း စမ်းချောင်း (အ.ထ.က 1 စမ်းချောင်း)),BEHS,Sanchaung,MMR013008,Yangon Region,MMR013,township,Mont Let Saung Gone (South) Ward,"Hanthawaddy Rd., Corner of Pyay Rd., Mont Let Saung Gone (South) Ward,, Sanchaung Township, Yangon , Myanmar",01-535753,Yangon,active,,https://www.edge.com.mm/listing/sanchaung-b-e-h-s-1-l44360.html
MMR013008-BEHS02,Basic Education High School No. 2 Sanchaung (အမှတ် (2) အခြေခံပညာအထက်တန်းကျောင်း စမ်းချောင်း (အ.ထ.က 2 စမ်းချောင်း)),BEHS,Sanchaung,MMR013008,Yangon Region,MMR013,township,Kyun Taw (South) Ward,"291, Pyay Rd., Corner of Mahar Myaing St., Kyun Taw (South) Ward,, Sanchaung Township, Yangon , Myanmar","01-535497, 09-5342453",Yangon,active,,https://www.edge.com.mm/listing/sanchaung-b-e-h-s-2-l00331581.html
MMR013008-BEHS03,Basic Education High School No. 3 Sanchaung (အမှတ် (3) အခြေခံပညာအထက်တန်းကျောင်း စမ်းချောင်း (အ.ထ.က 3 စမ်းချောင်း)),BEHS,Sanchaung,MMR013008,Yangon Region,MMR013,township,Sanchaung (North) Ward,"62/64, San Chaung St., Corner of Myint Moh St., Sanchaung (North) Ward,, Sanchaung Township, Yangon , Myanmar","01-510689, 09-5184480",Yangon,active,,https://www.edge.com.mm/listing/sanchaung-b-e-h-s-3-l44362.html
MMR013008-BEHS04,Basic Education High School No. 4 Sanchaung (အမှတ် (4) အခြေခံပညာအထက်တန်းကျောင်း စမ်းချောင်း (အ.ထ.က 4 စမ်းချောင်း)),BEHS,Sanchaung,MMR013008,Yangon Region,MMR013,township,Linn Loon (South) Ward,"Baho Rd., Corner of Pann Ta Naw St., Linn Loon (South) Ward,, Sanchaung Township, Yangon , Myanmar","01-534105, 09-799704280",Yangon,active,,https://www.edge.com.mm/listing/sanchaung-b-e-h-s-4-l44363.html
MMR013008-BEMS03,Basic Education Middle School No. 3 Sanchaung (အမှတ် (3) အခြေခံပညာအလယ်တန်းကျောင်း စမ်းချောင်း (အ.လ.က 3 စမ်းချောင်း)),BEMS,Sanchaung,MMR013008,Yangon Region,MMR013,township,Kyun Taw (Mid) Ward,"200, Baho Rd., Corner of Pathein St., Kyun Taw (Mid) Ward,, Sanchaung Township, Yangon , Myanmar",09-791221930,Yangon,active,,https://www.edge.com.mm/listing/sanchaung-b-e-m-s-3-l139581.html
MMR013008-BEMS04,Basic Education Middle School No. 4 Sanchaung (အမှတ် (4) အခြေခံပညာအလယ်တန်းကျောင်း စမ်းချောင်း (အ.လ.က 4 စမ်းချောင်း)),BEMS,Sanchaung,MMR013008,Yangon Region,MMR013,township,Myae Ni Gone (South) Ward,"104, Rm 8, U Wisara Rd., Myay Ni Chan Compound, Myae Ni Gone (South) Ward,, Sanchaung Township, Yangon , Myanmar","01-535672, 09-250621024",Yangon,active,,https://www.edge.com.mm/listing/sanchaung-b-e-m-s-4-l00331584.html
MMR013008-BEPS10,Basic Education Primary School No. 10 Sanchaung (အမှတ် (10) အခြေခံပညာမူလတန်းကျောင်း စမ်းချောင်း (အ.မ.က 10 စမ်းချောင်း)),BEPS,Sanchaung,MMR013008,Yangon Region,MMR013,township,Kyun Taw (South) Ward,"10, Aung Thapyay St., Kyun Taw (South) Ward,, Sanchaung Township, Yangon , Myanmar","09-31122153, 09-794665233",Yangon,active,,https://www.edge.com.mm/listing/sanchaung-b-e-p-s-10-l44379.html
MMR013008-BEPS11,Basic Education Primary School No. 11 Sanchaung (အမှတ် (11) အခြေခံပညာမူလတန်းကျောင်း စမ်းချောင်း (အ.မ.က 11 စမ်းချောင်း)),BEPS,Sanchaung,MMR013008,Yangon Region,MMR013,township,Myae Ni Gone (South) Ward,"16, Yadanar St., Near Myaynigone, Myae Ni Gone (South) Ward,, Sanchaung Township, Yangon , Myanmar","09-31122169, 09-979278824",Yangon,active,,https://www.edge.com.mm/listing/sanchaung-b-e-p-s-11-l44380.html
MMR013008-BEPS12,Basic Education Primary School No. 12 Sanchaung (အမှတ် (12) အခြေခံပညာမူလတန်းကျောင်း စမ်းချောင်း (အ.မ.က 12 စမ်းချောင်း)),BEPS,Sanchaung,MMR013008,Yangon Region,MMR013,township,Shin Saw Pu Ward,"12, Panita St., Shin Saw Pu Ward,, Sanchaung Township, Yangon , Myanmar",09-43119739,Yangon,active,,https://www.edge.com.mm/listing/sanchaung-b-e-p-s-12-l00331598.html
MMR013008-BEPS13,Basic Education Primary School No. 13 Sanchaung (အမှတ် (13) အခြေခံပညာမူလတန်းကျောင်း စမ်းချောင်း (အ.မ.က 13 စမ်းချောင်း)),BEPS,Sanchaung,MMR013008,Yangon Region,MMR013,township,Linn Loon (South) Ward,"Bargayar Rd., Corner of Baho Rd., Sasana Pyu Takkatho Kyaung, Linn Loon (South) Ward,, Sanchaung Township, Yangon , Myanmar","09-421073837, 09-798028182",Yangon,active,,https://www.edge.com.mm/listing/sanchaung-b-e-p-s-13-l44382.html
MMR013008-BEPS16,Basic Education Primary School No. 16 Sanchaung (အမှတ် (16) အခြေခံပညာမူလတန်းကျောင်း စမ်းချောင်း (အ.မ.က 16 စမ်းချောင်း)),BEPS,Sanchaung,MMR013008,Yangon Region,MMR013,township,Myae Ni Gone (North) Ward,"15, Shan Kone St., Myae Ni Gone (North) Ward,, Sanchaung Township, Yangon , Myanmar",09-5127930,Yangon,active,,https://www.edge.com.mm/listing/sanchaung-b-e-p-s-16-l44384.html
MMR013008-BEPS17,Basic Education Primary School No. 17 Sanchaung (အမှတ် (17) အခြေခံပညာမူလတန်းကျောင်း စမ်းချောင်း (အ.မ.က 17 စမ်းချောင်း)),BEPS,Sanchaung,MMR013008,Yangon Region,MMR013,township,Myae Ni Gone (North) Ward,"43/45, Ma Po St., Myae Ni Gone (North) Ward,, Sanchaung Township, Yangon , Myanmar",09-454855438,Yangon,active,,https://www.edge.com.mm/listing/sanchaung-b-e-p-s-17-l44385.html
MMR013008-BEPS18,Basic Education Primary School No. 18 Sanchaung (အမှတ် (18) အခြေခံပညာမူလတန်းကျောင်း စမ်းချောင်း (အ.မ.က 18 စမ်းချောင်း)),BEPS,Sanchaung,MMR013008,Yangon Region,MMR013,township,Linn Loon (South) Ward,"Baho Rd., Corner of Pann Ta Naw St., Linn Loon (South) Ward,, Sanchaung Township, Yangon , Myanmar",09-420173795,Yangon,active,,https://www.edge.com.mm/listing/sanchaung-b-e-p-s-18-l00331612.html
MMR013008-BEPS19,Basic Education Primary School No. 19 Sanchaung (အမှတ် (19) အခြေခံပညာမူလတန်းကျောင်း စမ်းချောင်း (အ.မ.က 19 စမ်းချောင်း)),BEPS,Sanchaung,MMR013008,Yangon Region,MMR013,township,Myae Ni Gone (North) Ward,"72, Shan Kone St., Corner of U Wisara Rd., Myae Ni Gone (North) Ward,, Sanchaung Township, Yangon , Myanmar",09-451223008,Yangon,active,,https://www.edge.com.mm/listing/sanchaung-b-e-p-s-19-l44387.html
MMR013008-BEPS01,Basic Education Primary School No. 1 Sanchaung (အမှတ် (1) အခြေခံပညာမူလတန်းကျောင်း စမ်းချောင်း (အ.မ.က 1 စမ်းချောင်း)),BEPS,Sanchaung,MMR013008,Yangon Region,MMR013,township,Wai Lu Wun (North) Ward,"Hanthawaddy Rd., Corner of Kant Kaw St., Wai Lu Wun (North) Ward,, Sanchaung Township, Yangon , Myanmar",09-421112181,Yangon,active,,https://www.edge.com.mm/listing/sanchaung-b-e-p-s-1-l44370.html
MMR013008-BEPS02,Basic Education Primary School No. 2 Sanchaung (အမှတ် (2) အခြေခံပညာမူလတန်းကျောင်း စမ်းချောင်း (အ.မ.က 2 စမ်းချောင်း)),BEPS,Sanchaung,MMR013008,Yangon Region,MMR013,township,Mont Let Saung Gone (South) Ward,"Hanthawaddy Rd., Corner of Kyun Taw Rd., Mont Let Saung Gone (South) Ward,, Sanchaung Township, Yangon , Myanmar",09-420046047,Yangon,active,,https://www.edge.com.mm/listing/sanchaung-b-e-p-s-2-l44371.html
MMR013008-BEPS03,Basic Education Primary School No. 3 Sanchaung (အမှတ် (3) အခြေခံပညာမူလတန်းကျောင်း စမ်းချောင်း (အ.မ.က 3 စမ်းချောင်း)),BEPS,Sanchaung,MMR013008,Yangon Region,MMR013,township,Mont Let Saung Gone (South) Ward,"Yadanar Pon Kyaung St., B.E.P.S (1), Mont Let Saung Gone (South) Ward,, Sanchaung Township, Yangon , Myanmar",09-43057120,Yangon,active,,https://www.edge.com.mm/listing/sanchaung-b-e-p-s-3-l44372.html
MMR013008-BEPS04,Basic Education Primary School No. 4 Sanchaung (အမှတ် (4) အခြေခံပညာမူလတန်းကျောင်း စမ်းချောင်း (အ.မ.က 4 စမ်းချောင်း)),BEPS,Sanchaung,MMR013008,Yangon Region,MMR013,township,Mont Let Saung Gone (South) Ward,"23/27, Moat Lat Saung Kone St., Mont Let Saung Gone (South) Ward,, Sanchaung Township, Yangon , Myanmar",09-31122088,Yangon,active,,https://www.edge.com.mm/listing/sanchaung-b-e-p-s-4-l44373.html
MMR013008-BEPS05,Basic Education Primary School No. 5 Sanchaung (အမှတ် (5) အခြေခံပညာမူလတန်းကျောင်း စမ်းချောင်း (အ.မ.က 5 စမ်းချောင်း)),BEPS,Sanchaung,MMR013008,Yangon Region,MMR013,township,Mont Let Saung Gone (South) Ward,"138, Kyun Taw Rd., Mont Let Saung Gone (South) Ward,, Sanchaung Township, Yangon , Myanmar",09-420148494,Yangon,active,,https://www.edge.com.mm/listing/sanchaung-b-e-p-s-5-l44374.html
MMR013008-BEPS06,Basic Education Primary School No. 6 Sanchaung (အမှတ် (6) အခြေခံပညာမူလတန်းကျောင်း စမ်းချောင်း (အ.မ.က 6 စမ်းချောင်း)),BEPS,Sanchaung,MMR013008,Yangon Region,MMR013,township,Than Tadar Ward,"34, Dhamika Waddy St., Than Tadar Ward,, Sanchaung Township, Yangon , Myanmar",09-450035525,Yangon,active,,https://www.edge.com.mm/listing/sanchaung-b-e-p-s-6-l44375.html
MMR013008-BEPS07,Basic Education Primary School No. 7 Sanchaung (အမှတ် (7) အခြေခံပညာမူလတန်းကျောင်း စမ်းချောင်း (အ.မ.က 7 စမ်းချောင်း)),BEPS,Sanchaung,MMR013008,Yangon Region,MMR013,township,Linn Loon (North) Ward,"20, Zalun St., Linn Loon (North) Ward,, Sanchaung Township, Yangon , Myanmar",09-421073870,Yangon,active,,https://www.edge.com.mm/listing/sanchaung-b-e-p-s-7-l44376.html
MMR013008-BEPS08,Basic Education Primary School No. 8 Sanchaung (အမှတ် (8) အခြေခံပညာမူလတန်းကျောင်း စမ်းချောင်း (အ.မ.က 8 စမ်းချောင်း)),BEPS,Sanchaung,MMR013008,Yangon Region,MMR013,township,Kyun Taw (Mid) Ward,"94, Kyun Taw Rd., Corner of Ma Kyee Kyee St., Kyun Taw (Mid) Ward,, Sanchaung Township, Yangon , Myanmar",09-420007749,Yangon,active,,https://www.edge.com.mm/listing/sanchaung-b-e-p-s-8-l44377.html
MMR013008-BEPS09,Basic Education Primary School No. 9 Sanchaung (အမှတ် (9) အခြေခံပညာမူလတန်းကျောင်း စမ်းချောင်း (အ.မ.က 9 စမ်းချောင်း)),BEPS,Sanchaung,MMR013008,Yangon Region,MMR013,township,Kyun Taw (South) Ward,"38, Kyun Taw Rd., Kyun Taw (South) Ward,, Sanchaung Township, Yangon , Myanmar",09-253812633,Yangon,active,,https://www.edge.com.mm/listing/sanchaung-b-e-p-s-9-l44378.html
MMR013008-BEPS14,Basic Education Primary School Sanchaung (အခြေခံပညာမူလတန်းကျောင်း စမ်းချောင်း),BEPS,Sanchaung,MMR013008,Yangon Region,MMR013,township,Sanchaung (South) Ward,"Nandawun St., Corner of Lat Padan St., Sanchaung (South) Ward,, Sanchaung Township, Yangon , Myanmar","09-799676452, 01-511179",Yangon,active,,https://www.edge.com.mm/listing/sanchaung-pre-primary-school-l26107.html
MMR013032-BEHS01,Basic Education High School Seikkyi Kanaungto (အခြေခံပညာအထက်တန်းကျောင်း ဆိပ်ကြီးခနောင်တို),BEHS,Seikkyi Kanaungto,MMR013032,Yangon Region,MMR013,township,Kha Naung To (East) Ward,"Baho St., Kha Naung To (East) Ward,, Seikgyi Khanaungto Township, Yangon , Myanmar",01-260022,Yangon,active,,https://www.edge.com.mm/listing/seik-gyi-kha-naung-to-b-e-h-s-l00267219.html
MMR013032-BEHS-BR01,Basic Education High School (Branch) Seikkyi Kanaungto (အခြေခံပညာအထက်တန်းကျောင်း (ခွဲ) ဆိပ်ကြီးခနောင်တို),BEHS-BR,Seikkyi Kanaungto,MMR013032,Yangon Region,MMR013,township,Kha Naung To (East) Ward,"Myoh Patt St., Kha Naung To (East) Ward,, Seikgyi Khanaungto Township, Yangon , Myanmar",09-5066380,Yangon,active,,https://www.edge.com.mm/listing/seik-gyi-kha-naung-to-b-e-h-s-branch-l00266872.html
MMR013032-BEMS01,Basic Education Middle School No. 1 Seikkyi Kanaungto (အမှတ် (1) အခြေခံပညာအလယ်တန်းကျောင်း ဆိပ်ကြီးခနောင်တို (အ.လ.က 1 ဆိပ်ကြီးခနောင်တို)),BEMS,Seikkyi Kanaungto,MMR013032,Yangon Region,MMR013,township,U Tun Oh Ward,"U Tun Oh Ward,, Seikgyi Khanaungto Township, Yangon , Myanmar","09-254220199, 09-5066380",Yangon,active,,https://www.edge.com.mm/listing/seik-gyi-kha-naung-to-b-e-m-s-1-l00267201.html
MMR013032-BEPS10,Basic Education Primary School No. 10 Seikkyi Kanaungto (အမှတ် (10) အခြေခံပညာမူလတန်းကျောင်း ဆိပ်ကြီးခနောင်တို (အ.မ.က 10 ဆိပ်ကြီးခနောင်တို)),BEPS,Seikkyi Kanaungto,MMR013032,Yangon Region,MMR013,township,Seik Gyi (East) Ward,"Baho St., Seik Gyi (East) Ward,, Seikgyi Khanaungto Township, Yangon , Myanmar",09-764455649,Yangon,active,,https://www.edge.com.mm/listing/seik-gyi-kha-naung-to-b-e-p-s-10-l00267216.html
MMR013032-BEPS12,Basic Education Primary School No. 12 Seikkyi Kanaungto (အမှတ် (12) အခြေခံပညာမူလတန်းကျောင်း ဆိပ်ကြီးခနောင်တို (အ.မ.က 12 ဆိပ်ကြီးခနောင်တို)),BEPS,Seikkyi Kanaungto,MMR013032,Yangon Region,MMR013,township,Hlaing Bone Ward,"Hlaing Bone Ward,, Seikgyi Khanaungto Township, Yangon , Myanmar",09-426319893,Yangon,active,,https://www.edge.com.mm/listing/seik-gyi-kha-naung-to-b-e-p-s-12-l00267196.html
MMR013032-BEPS13,Basic Education Primary School No. 13 Seikkyi Kanaungto (အမှတ် (13) အခြေခံပညာမူလတန်းကျောင်း ဆိပ်ကြီးခနောင်တို (အ.မ.က 13 ဆိပ်ကြီးခနောင်တို)),BEPS,Seikkyi Kanaungto,MMR013032,Yangon Region,MMR013,township,Kha Naung To (West) Ward,"Arakan St., Kha Naung To (West) Ward,, Seikgyi Khanaungto Township, Yangon , Myanmar",09-420230465,Yangon,active,,https://www.edge.com.mm/listing/seik-gyi-kha-naung-to-b-e-p-s-13-l00266887.html
MMR013032-BEPS14,Basic Education Primary School No. 14 Seikkyi Kanaungto (အမှတ် (14) အခြေခံပညာမူလတန်းကျောင်း ဆိပ်ကြီးခနောင်တို (အ.မ.က 14 ဆိပ်ကြီးခနောင်တို)),BEPS,Seikkyi Kanaungto,MMR013032,Yangon Region,MMR013,township,Thakhin Ba Thaung Ward,"Thakhin Ba Thaung Ward,, Seikgyi Khanaungto Township, Yangon , Myanmar",09-799302270,Yangon,active,,https://www.edge.com.mm/listing/seik-gyi-kha-naung-to-b-e-p-s-14-l00266875.html
MMR013032-BEPS15,Basic Education Primary School No. 15 Seikkyi Kanaungto (အမှတ် (15) အခြေခံပညာမူလတန်းကျောင်း ဆိပ်ကြီးခနောင်တို (အ.မ.က 15 ဆိပ်ကြီးခနောင်တို)),BEPS,Seikkyi Kanaungto,MMR013032,Yangon Region,MMR013,township,Set Sann Ward,"Set Sann Ward,, Seikgyi Khanaungto Township, Yangon , Myanmar",09-421111059,Yangon,active,,https://www.edge.com.mm/listing/seik-gyi-kha-naung-to-b-e-p-s-15-l00266888.html
MMR013032-BEPS16,Basic Education Primary School No. 16 Seikkyi Kanaungto (အမှတ် (16) အခြေခံပညာမူလတန်းကျောင်း ဆိပ်ကြီးခနောင်တို (အ.မ.က 16 ဆိပ်ကြီးခနောင်တို)),BEPS,Seikkyi Kanaungto,MMR013032,Yangon Region,MMR013,township,Kan Hla Village,"Kan Hla Village,, Seikgyi Khanaungto Township, Yangon , Myanmar",09-402067616,Yangon,active,,https://www.edge.com.mm/listing/seik-gyi-kha-naung-to-b-e-p-s-16-l00266894.html
MMR013032-BEPS01,Basic Education Primary School No. 1 Seikkyi Kanaungto (အမှတ် (1) အခြေခံပညာမူလတန်းကျောင်း ဆိပ်ကြီးခနောင်တို (အ.မ.က 1 ဆိပ်ကြီးခနောင်တို)),BEPS,Seikkyi Kanaungto,MMR013032,Yangon Region,MMR013,township,Kha Naung To (East) Ward,"Mingalar Thiri St., Kha Naung To (East) Ward,, Seikgyi Khanaungto Township, Yangon , Myanmar",09-425025717,Yangon,active,,https://www.edge.com.mm/listing/seik-gyi-kha-naung-to-b-e-p-s-1-l00266861.html
MMR013032-BEPS02,Basic Education Primary School No. 2 Seikkyi Kanaungto (အမှတ် (2) အခြေခံပညာမူလတန်းကျောင်း ဆိပ်ကြီးခနောင်တို (အ.မ.က 2 ဆိပ်ကြီးခနောင်တို)),BEPS,Seikkyi Kanaungto,MMR013032,Yangon Region,MMR013,township,Seik Gyi (West) Ward,"Kyaung St., Seik Gyi (West) Ward,, Seikgyi Khanaungto Township, Yangon , Myanmar",09-963324176,Yangon,active,,https://www.edge.com.mm/listing/seik-gyi-kha-naung-to-b-e-p-s-2-l00266864.html
MMR013032-BEPS03,Basic Education Primary School No. 3 Seikkyi Kanaungto (အမှတ် (3) အခြေခံပညာမူလတန်းကျောင်း ဆိပ်ကြီးခနောင်တို (အ.မ.က 3 ဆိပ်ကြီးခနောင်တို)),BEPS,Seikkyi Kanaungto,MMR013032,Yangon Region,MMR013,township,Kha Naung To (East) Ward,"Baho St., Kha Naung To (East) Ward,, Seikgyi Khanaungto Township, Yangon , Myanmar",09-768725414,Yangon,active,,https://www.edge.com.mm/listing/seik-gyi-kha-naung-to-b-e-p-s-3-l00267210.html
MMR013032-BEPS04,Basic Education Primary School No. 4 Seikkyi Kanaungto (အမှတ် (4) အခြေခံပညာမူလတန်းကျောင်း ဆိပ်ကြီးခနောင်တို (အ.မ.က 4 ဆိပ်ကြီးခနောင်တို)),BEPS,Seikkyi Kanaungto,MMR013032,Yangon Region,MMR013,township,Kha Naung To (East) Ward,"Baho St., Kha Naung To (East) Ward,, Seikgyi Khanaungto Township, Yangon , Myanmar",09-261948600,Yangon,active,,https://www.edge.com.mm/listing/seik-gyi-kha-naung-to-b-e-p-s-4-l00267212.html
MMR013032-BEPS05,Basic Education Primary School No. 5 Seikkyi Kanaungto (အမှတ် (5) အခြေခံပညာမူလတန်းကျောင်း ဆိပ်ကြီးခနောင်တို (အ.မ.က 5 ဆိပ်ကြီးခနောင်တို)),BEPS,Seikkyi Kanaungto,MMR013032,Yangon Region,MMR013,township,Kha Naung To (West) Ward,"2nd St., Kha Naung To (West) Ward,, Seikgyi Khanaungto Township, Yangon , Myanmar",09-799377425,Yangon,active,,https://www.edge.com.mm/listing/seik-gyi-kha-naung-to-b-e-p-s-5-l00266881.html
MMR013032-BEPS06,Basic Education Primary School No. 6 Seikkyi Kanaungto (အမှတ် (6) အခြေခံပညာမူလတန်းကျောင်း ဆိပ်ကြီးခနောင်တို (အ.မ.က 6 ဆိပ်ကြီးခနောင်တို)),BEPS,Seikkyi Kanaungto,MMR013032,Yangon Region,MMR013,township,Pann Pin Chaung Ward,"Pann Pin Chaung Ward,, Seikgyi Khanaungto Township, Yangon , Myanmar",09-420197966,Yangon,active,,https://www.edge.com.mm/listing/seik-gyi-kha-naung-to-b-e-p-s-6-l00266898.html
MMR013032-BEPS07,Basic Education Primary School No. 7 Seikkyi Kanaungto (အမှတ် (7) အခြေခံပညာမူလတန်းကျောင်း ဆိပ်ကြီးခနောင်တို (အ.မ.က 7 ဆိပ်ကြီးခနောင်တို)),BEPS,Seikkyi Kanaungto,MMR013032,Yangon Region,MMR013,township,Samar Duwar Ward,"Samar Duwar Ward,, Seikgyi Khanaungto Township, Yangon , Myanmar",09-799291594,Yangon,active,,https://www.edge.com.mm/listing/seik-gyi-kha-naung-to-b-e-p-s-7-l00267153.html
MMR013032-BEPS08,Basic Education Primary School No. 8 Seikkyi Kanaungto (အမှတ် (8) အခြေခံပညာမူလတန်းကျောင်း ဆိပ်ကြီးခနောင်တို (အ.မ.က 8 ဆိပ်ကြီးခနောင်တို)),BEPS,Seikkyi Kanaungto,MMR013032,Yangon Region,MMR013,township,Chaung Paing Lay Ward,"Chaung Paing Lay Ward,, Seikgyi Khanaungto Township, Yangon , Myanmar",09-764614989,Yangon,active,,https://www.edge.com.mm/listing/seik-gyi-kha-naung-to-b-e-p-s-8-l00267186.html
MMR013013-BEPS47,Basic Education Primary School North Okkalapa (အခြေခံပညာမူလတန်းကျောင်း မြောက်ဥက္ကလာပ),BEPS,North Okkalapa,MMR013013,Yangon Region,MMR013,township,Shwe Paukkan Ward (21),"Nyaung Yan St., Corner of Bagan Rd., Shwe Paukkan Ward (21),, North Okkalapa Township, Yangon , Myanmar",09-8619341,Yangon,active,,https://www.edge.com.mm/listing/shwe-paukkan-pre-primary-school-l24363.html
MMR013027-BEHS01,Basic Education High School No. 1 Shwepyitha (အမှတ် (1) အခြေခံပညာအထက်တန်းကျောင်း ရွှေပြည်သာ (အ.ထ.က 1 ရွှေပြည်သာ)),BEHS,Shwepyitha,MMR013027,Yangon Region,MMR013,township,Ward (6),"Than Lwin St., Ward (6),, Shwe Pyi Thar Township, Yangon , Myanmar","01-3610653, 09-43107818, 09-798840264",Yangon,active,,https://www.edge.com.mm/listing/shwe-pyi-thar-b-e-h-s-1-l00331825.html
MMR013027-BEHS02,Basic Education High School No. 2 Shwepyitha (အမှတ် (2) အခြေခံပညာအထက်တန်းကျောင်း ရွှေပြည်သာ (အ.ထ.က 2 ရွှေပြည်သာ)),BEHS,Shwepyitha,MMR013027,Yangon Region,MMR013,township,Hlaw Gar Ward,"Hlaw Gar Rd., Hlaw Gar Ward,, Shwe Pyi Thar Township, Yangon , Myanmar","01-3611580, 09-262178773",Yangon,active,,https://www.edge.com.mm/listing/shwe-pyi-thar-b-e-h-s-2-l44531.html
MMR013027-BEHS03,Basic Education High School No. 3 Shwepyitha (အမှတ် (3) အခြေခံပညာအထက်တန်းကျောင်း ရွှေပြည်သာ (အ.ထ.က 3 ရွှေပြည်သာ)),BEHS,Shwepyitha,MMR013027,Yangon Region,MMR013,township,Ward (8),"Bayint Naung Rd., Ward (8),, Shwe Pyi Thar Township, Yangon , Myanmar",01-3611780,Yangon,active,,https://www.edge.com.mm/listing/shwe-pyi-thar-b-e-h-s-3-l44532.html
MMR013027-BEHS04,Basic Education High School No. 4 Shwepyitha (အမှတ် (4) အခြေခံပညာအထက်တန်းကျောင်း ရွှေပြည်သာ (အ.ထ.က 4 ရွှေပြည်သာ)),BEHS,Shwepyitha,MMR013027,Yangon Region,MMR013,township,Zee Kone Ward,"No.(4) Main Rd., Zee Kone Ward,, Shwe Pyi Thar Township, Yangon , Myanmar","01-3610353, 09-966175375",Yangon,active,,https://www.edge.com.mm/listing/shwe-pyi-thar-b-e-h-s-4-l44482.html
MMR013027-BEHS-BR02,Basic Education High School (Branch) No. 2 Shwepyitha (အမှတ် (2) အခြေခံပညာအထက်တန်းကျောင်း (ခွဲ) ရွှေပြည်သာ (အ.ထ.က (ခွဲ) 2 ရွှေပြည်သာ)),BEHS-BR,Shwepyitha,MMR013027,Yangon Region,MMR013,township,Ward (19),"Set Hmu St., Ward (19),, Shwe Pyi Thar Township, Yangon , Myanmar",09-763167952,Yangon,active,,https://www.edge.com.mm/listing/shwe-pyi-thar-b-e-h-s-branch-2-l44533.html
MMR013027-BEHS-BR03,Basic Education High School (Branch) No. 3 Shwepyitha (အမှတ် (3) အခြေခံပညာအထက်တန်းကျောင်း (ခွဲ) ရွှေပြည်သာ (အ.ထ.က (ခွဲ) 3 ရွှေပြည်သာ)),BEHS-BR,Shwepyitha,MMR013027,Yangon Region,MMR013,township,Ward (5),"Bogyoke Aung San Rd., Ward (5),, Shwe Pyi Thar Township, Yangon , Myanmar",09-43143264,Yangon,active,,https://www.edge.com.mm/listing/shwe-pyi-thar-b-e-h-s-branch-3-l44484.html
MMR013027-BEHS-BR04,Basic Education High School (Branch) No. 4 Shwepyitha (အမှတ် (4) အခြေခံပညာအထက်တန်းကျောင်း (ခွဲ) ရွှေပြည်သာ (အ.ထ.က (ခွဲ) 4 ရွှေပြည်သာ)),BEHS-BR,Shwepyitha,MMR013027,Yangon Region,MMR013,township,Ward (9),"Sein Si Gon Yaung St., Ward (9),, Shwe Pyi Thar Township, Yangon , Myanmar",09-420142159,Yangon,active,,https://www.edge.com.mm/listing/shwe-pyi-thar-b-e-h-s-branch-4-l44485.html
MMR013027-BEHS-BR08,Basic Education High School (Branch) No. 8 Shwepyitha (အမှတ် (8) အခြေခံပညာအထက်တန်းကျောင်း (ခွဲ) ရွှေပြည်သာ (အ.ထ.က (ခွဲ) 8 ရွှေပြည်သာ)),BEHS-BR,Shwepyitha,MMR013027,Yangon Region,MMR013,township,Ward (23),"Hlaw Gar Rd., War Ta Yar, Ward (23),, Shwe Pyi Thar Township, Yangon , Myanmar",09-428127942,Yangon,active,,https://www.edge.com.mm/listing/shwe-pyi-thar-b-e-h-s-branch-8-l44535.html
MMR013027-BEMS10,Basic Education Middle School No. 10 Shwepyitha (အမှတ် (10) အခြေခံပညာအလယ်တန်းကျောင်း ရွှေပြည်သာ (အ.လ.က 10 ရွှေပြည်သာ)),BEMS,Shwepyitha,MMR013027,Yangon Region,MMR013,township,Ward (14),"Aung Chan Thar St., Ward (14),, Shwe Pyi Thar Township, Yangon , Myanmar",09-798319016,Yangon,active,,https://www.edge.com.mm/listing/shwe-pyi-thar-b-e-m-s-10-l44518.html
MMR013027-BEMS11,Basic Education Middle School No. 11 Shwepyitha (အမှတ် (11) အခြေခံပညာအလယ်တန်းကျောင်း ရွှေပြည်သာ (အ.လ.က 11 ရွှေပြည်သာ)),BEMS,Shwepyitha,MMR013027,Yangon Region,MMR013,township,Ward (10),"Bayint Naung Rd., Ward (10),, Shwe Pyi Thar Township, Yangon , Myanmar",09-799729811,Yangon,active,,https://www.edge.com.mm/listing/shwe-pyi-thar-b-e-m-s-11-l44511.html
MMR013027-BEMS12,Basic Education Middle School No. 12 Shwepyitha (အမှတ် (12) အခြေခံပညာအလယ်တန်းကျောင်း ရွှေပြည်သာ (အ.လ.က 12 ရွှေပြည်သာ)),BEMS,Shwepyitha,MMR013027,Yangon Region,MMR013,township,Ward (10),"Yan Gyi Aung St., Ward (10),, Shwe Pyi Thar Township, Yangon , Myanmar",09-420159505,Yangon,active,,https://www.edge.com.mm/listing/shwe-pyi-thar-b-e-m-s-12-l44510.html
MMR013027-BEMS-BR19,Basic Education Middle School (Branch) No. 19 Shwepyitha (အမှတ် (19) အခြေခံပညာအလယ်တန်းကျောင်း (ခွဲ) ရွှေပြည်သာ (အ.လ.က (ခွဲ) 19 ရွှေပြည်သာ)),BEMS-BR,Shwepyitha,MMR013027,Yangon Region,MMR013,township,Ward (8),"Kyan Sit Thar St., Ward (8),, Shwe Pyi Thar Township, Yangon , Myanmar","09-43131243, 09-420106018",Yangon,active,,https://www.edge.com.mm/listing/shwe-pyi-thar-b-e-m-s-19-branch-l44504.html
MMR013027-BEMS01,Basic Education Middle School No. 1 Shwepyitha (အမှတ် (1) အခြေခံပညာအလယ်တန်းကျောင်း ရွှေပြည်သာ (အ.လ.က 1 ရွှေပြည်သာ)),BEMS,Shwepyitha,MMR013027,Yangon Region,MMR013,township,Hlaw Gar Ward,"No.(4) Main Rd., Hlaw Gar Ward,, Shwe Pyi Thar Township, Yangon , Myanmar",09-73076833,Yangon,active,,https://www.edge.com.mm/listing/shwe-pyi-thar-b-e-m-s-1-l44483.html
MMR013027-BEMS37,Basic Education Middle School No. 37 Shwepyitha (အမှတ် (37) အခြေခံပညာအလယ်တန်းကျောင်း ရွှေပြည်သာ (အ.လ.က 37 ရွှေပြည်သာ)),BEMS,Shwepyitha,MMR013027,Yangon Region,MMR013,township,Ward (16),"Aung Yadanar St., Ward (16),, Shwe Pyi Thar Township, Yangon , Myanmar",09-420489089,Yangon,active,,https://www.edge.com.mm/listing/shwe-pyi-thar-b-e-m-s-37-l44522.html
MMR013027-BEMS38,Basic Education Middle School No. 38 Shwepyitha (အမှတ် (38) အခြေခံပညာအလယ်တန်းကျောင်း ရွှေပြည်သာ (အ.လ.က 38 ရွှေပြည်သာ)),BEMS,Shwepyitha,MMR013027,Yangon Region,MMR013,township,Ward (16),"Aung Yadanar St., Ward (16),, Shwe Pyi Thar Township, Yangon , Myanmar","09-73036368, 09-794846631",Yangon,active,,https://www.edge.com.mm/listing/shwe-pyi-thar-b-e-m-s-38-l44523.html
MMR013027-BEMS05,Basic Education Middle School No. 5 Shwepyitha (အမှတ် (5) အခြေခံပညာအလယ်တန်းကျောင်း ရွှေပြည်သာ (အ.လ.က 5 ရွှေပြည်သာ)),BEMS,Shwepyitha,MMR013027,Yangon Region,MMR013,township,Ward (15),"Phoe Yarzar St., Ward (15),, Shwe Pyi Thar Township, Yangon , Myanmar",09-250174119,Yangon,active,,https://www.edge.com.mm/listing/shwe-pyi-thar-b-e-m-s-5-l00331810.html
MMR013027-BEMS06,Basic Education Middle School No. 6 Shwepyitha (အမှတ် (6) အခြေခံပညာအလယ်တန်းကျောင်း ရွှေပြည်သာ (အ.လ.က 6 ရွှေပြည်သာ)),BEMS,Shwepyitha,MMR013027,Yangon Region,MMR013,township,Ward [17],"Hlaw Gar War Tayar St., Ward [17],, Shwe Pyi Thar Township, Yangon , Myanmar","09-31354919, 09-795791509",Yangon,active,,https://www.edge.com.mm/listing/shwe-pyi-thar-b-e-m-s-6-l44488.html
MMR013027-BEMS07,Basic Education Middle School No. 7 Shwepyitha (အမှတ် (7) အခြေခံပညာအလယ်တန်းကျောင်း ရွှေပြည်သာ (အ.လ.က 7 ရွှေပြည်သာ)),BEMS,Shwepyitha,MMR013027,Yangon Region,MMR013,township,Ward (9),"Yadanar Theingi St., Near Nga Mauk Market, Ward (9),, Shwe Pyi Thar Township, Yangon , Myanmar",09-73158188,Yangon,active,,https://www.edge.com.mm/listing/shwe-pyi-thar-b-e-m-s-7-l00331784.html
MMR013027-BEMS09,Basic Education Middle School No. 9 Shwepyitha (အမှတ် (9) အခြေခံပညာအလယ်တန်းကျောင်း ရွှေပြည်သာ (အ.လ.က 9 ရွှေပြည်သာ)),BEMS,Shwepyitha,MMR013027,Yangon Region,MMR013,township,Ward (11),"Yan Gyi Aung St., Corner of Bayint Naung Rd., Ward (11),, Shwe Pyi Thar Township, Yangon , Myanmar",09-420204547,Yangon,active,,https://www.edge.com.mm/listing/shwe-pyi-thar-b-e-m-s-9-l44513.html
MMR013027-BEMS02,Basic Education Middle School Shwepyitha (အခြေခံပညာအလယ်တန်းကျောင်း ရွှေပြည်သာ),BEMS,Shwepyitha,MMR013027,Yangon Region,MMR013,township,Than Din Village,"Bayint Naung Rd., Than Din Village, Ward (20),, Shwe Pyi Thar Township, Yangon , Myanmar",09-420133495,Yangon,active,,https://www.edge.com.mm/listing/shwe-pyi-thar-b-e-m-s-than-din-l94745.html
MMR013027-PV06,Shwe Pyi Thar B.E.P.P.S [17],PV,Shwepyitha,MMR013027,Yangon Region,MMR013,township,Ward (8),"Taw Win St., Ward (8),, Shwe Pyi Thar Township, Yangon , Myanmar",09-263696119,Yangon,active,,https://www.edge.com.mm/listing/shwe-pyi-thar-b-e-p-p-s-17-l44502.html
MMR013027-PV07,Shwe Pyi Thar B.E.P.P.S [34],PV,Shwepyitha,MMR013027,Yangon Region,MMR013,township,Ward (15),"Bo Tike Choon St., Ward (15),, Shwe Pyi Thar Township, Yangon , Myanmar","09-421105048, 09-250076311",Yangon,active,,https://www.edge.com.mm/listing/shwe-pyi-thar-b-e-p-p-s-34-l44519.html
MMR013027-PV08,Shwe Pyi Thar B.E.P.P.S [35],PV,Shwepyitha,MMR013027,Yangon Region,MMR013,township,Ward (14),"Bo Tike Choon St., Ward (14),, Shwe Pyi Thar Township, Yangon , Myanmar",09-43038820,Yangon,active,,https://www.edge.com.mm/listing/shwe-pyi-thar-b-e-p-p-s-35-l00331808.html
MMR013027-PV09,Shwe Pyi Thar B.E.P.P.S [41],PV,Shwepyitha,MMR013027,Yangon Region,MMR013,township,Zee Kone Village,"No.(4) Main Rd., Zee Kone Village,, Shwe Pyi Thar Township, Yangon , Myanmar",09-73149876,Yangon,active,,https://www.edge.com.mm/listing/shwe-pyi-thar-b-e-p-p-s-41-l00331821.html
MMR013027-BEPS10,Basic Education Primary School No. 10 Shwepyitha (အမှတ် (10) အခြေခံပညာမူလတန်းကျောင်း ရွှေပြည်သာ (အ.မ.က 10 ရွှေပြည်သာ)),BEPS,Shwepyitha,MMR013027,Yangon Region,MMR013,township,Zee Kone Village,"No.(4) Main Rd., No.(6) Police, Zee Kone Village,, Shwe Pyi Thar Township, Yangon , Myanmar",09-789535174,Yangon,active,,https://www.edge.com.mm/listing/shwe-pyi-thar-b-e-p-s-10-l00331770.html
MMR013027-BEPS11,Basic Education Primary School No. 11 Shwepyitha (အမှတ် (11) အခြေခံပညာမူလတန်းကျောင်း ရွှေပြည်သာ (အ.မ.က 11 ရွှေပြည်သာ)),BEPS,Shwepyitha,MMR013027,Yangon Region,MMR013,township,Ward (2),"Sabei St., Ward (2),, Shwe Pyi Thar Township, Yangon , Myanmar","09-73194840, 09-261771690",Yangon,active,,https://www.edge.com.mm/listing/shwe-pyi-thar-b-e-p-s-11-l44496.html
MMR013027-BEPS12,Basic Education Primary School No. 12 Shwepyitha (အမှတ် (12) အခြေခံပညာမူလတန်းကျောင်း ရွှေပြည်သာ (အ.မ.က 12 ရွှေပြည်သာ)),BEPS,Shwepyitha,MMR013027,Yangon Region,MMR013,township,Ward (1),"Aung Chan Thar St., Ward (1),, Shwe Pyi Thar Township, Yangon , Myanmar",09-424892164,Yangon,active,,https://www.edge.com.mm/listing/shwe-pyi-thar-b-e-p-s-12-l00331772.html
MMR013027-BEPS13,Basic Education Primary School No. 13 Shwepyitha (အမှတ် (13) အခြေခံပညာမူလတန်းကျောင်း ရွှေပြည်သာ (အ.မ.က 13 ရွှေပြည်သာ)),BEPS,Shwepyitha,MMR013027,Yangon Region,MMR013,township,Ward (5),"Khaing Marlar St., Ward (5),, Shwe Pyi Thar Township, Yangon , Myanmar",09-795804652,Yangon,active,,https://www.edge.com.mm/listing/shwe-pyi-thar-b-e-p-s-13-l44498.html
MMR013027-BEPS14,Basic Education Primary School No. 14 Shwepyitha (အမှတ် (14) အခြေခံပညာမူလတန်းကျောင်း ရွှေပြည်သာ (အ.မ.က 14 ရွှေပြည်သာ)),BEPS,Shwepyitha,MMR013027,Yangon Region,MMR013,township,Ward (5),"Bogyoke Aung San Rd., Htan Chauk Pin Junction, Ward (5),, Shwe Pyi Thar Township, Yangon , Myanmar","09-73252791, 09-798382723",Yangon,active,,https://www.edge.com.mm/listing/shwe-pyi-thar-b-e-p-s-14-l44499.html
MMR013027-BEPS15,Basic Education Primary School No. 15 Shwepyitha (အမှတ် (15) အခြေခံပညာမူလတန်းကျောင်း ရွှေပြည်သာ (အ.မ.က 15 ရွှေပြည်သာ)),BEPS,Shwepyitha,MMR013027,Yangon Region,MMR013,township,Ward (6),"Than Lwin St., Magway Garden, Ward (6),, Shwe Pyi Thar Township, Yangon , Myanmar",09-261770755,Yangon,active,,https://www.edge.com.mm/listing/shwe-pyi-thar-b-e-p-s-15-l00331777.html
MMR013027-BEPS16,Basic Education Primary School No. 16 Shwepyitha (အမှတ် (16) အခြေခံပညာမူလတန်းကျောင်း ရွှေပြည်သာ (အ.မ.က 16 ရွှေပြည်သာ)),BEPS,Shwepyitha,MMR013027,Yangon Region,MMR013,township,Ward (6),"Bayint Naung Rd., Say Khan Bus Stop, Ward (6),, Shwe Pyi Thar Township, Yangon , Myanmar",09-425285383,Yangon,active,,https://www.edge.com.mm/listing/shwe-pyi-thar-b-e-p-s-16-l44501.html
MMR013027-BEPS18,Basic Education Primary School No. 18 Shwepyitha (အမှတ် (18) အခြေခံပညာမူလတန်းကျောင်း ရွှေပြည်သာ (အ.မ.က 18 ရွှေပြည်သာ)),BEPS,Shwepyitha,MMR013027,Yangon Region,MMR013,township,Ward (8),"Nawarat St., Ward (8),, Shwe Pyi Thar Township, Yangon , Myanmar","09-73100142, 09-799719317, 09-450684826",Yangon,active,,https://www.edge.com.mm/listing/shwe-pyi-thar-b-e-p-s-18-l00331781.html
MMR013027-BEPS01,Basic Education Primary School No. 1 Shwepyitha (အမှတ် (1) အခြေခံပညာမူလတန်းကျောင်း ရွှေပြည်သာ (အ.မ.က 1 ရွှေပြည်သာ)),BEPS,Shwepyitha,MMR013027,Yangon Region,MMR013,township,Bone Shay Gone Ward,"Pyi Daw Thar St., Bone Shay Gone Ward,, Shwe Pyi Thar Township, Yangon , Myanmar","09-420142061, 09-771513542",Yangon,active,,https://www.edge.com.mm/listing/shwe-pyi-thar-b-e-p-s-1-l44486.html
MMR013027-BEPS20,Basic Education Primary School No. 20 Shwepyitha (အမှတ် (20) အခြေခံပညာမူလတန်းကျောင်း ရွှေပြည်သာ (အ.မ.က 20 ရွှေပြည်သာ)),BEPS,Shwepyitha,MMR013027,Yangon Region,MMR013,township,Ward (3),"Thazin St., Ward (3),, Shwe Pyi Thar Township, Yangon , Myanmar",09-798481866,Yangon,active,,https://www.edge.com.mm/listing/shwe-pyi-thar-b-e-p-s-20-l44505.html
MMR013027-BEPS21,Basic Education Primary School No. 21 Shwepyitha (အမှတ် (21) အခြေခံပညာမူလတန်းကျောင်း ရွှေပြည်သာ (အ.မ.က 21 ရွှေပြည်သာ)),BEPS,Shwepyitha,MMR013027,Yangon Region,MMR013,township,Ward (9),"Maha Myaing St., Ward (9),, Shwe Pyi Thar Township, Yangon , Myanmar",09-73229851,Yangon,active,,https://www.edge.com.mm/listing/shwe-pyi-thar-b-e-p-s-21-l44506.html
MMR013027-BEPS23,Basic Education Primary School No. 23 Shwepyitha (အမှတ် (23) အခြေခံပညာမူလတန်းကျောင်း ရွှေပြည်သာ (အ.မ.က 23 ရွှေပြည်သာ)),BEPS,Shwepyitha,MMR013027,Yangon Region,MMR013,township,Ward (6),"Bago St., Ward (6),, Shwe Pyi Thar Township, Yangon , Myanmar",09-420148236,Yangon,active,,https://www.edge.com.mm/listing/shwe-pyi-thar-b-e-p-s-23-l44508.html
MMR013027-BEPS24,Basic Education Primary School No. 24 Shwepyitha (အမှတ် (24) အခြေခံပညာမူလတန်းကျောင်း ရွှေပြည်သာ (အ.မ.က 24 ရွှေပြည်သာ)),BEPS,Shwepyitha,MMR013027,Yangon Region,MMR013,township,Ward (10),"Set Hmu Zone Rd., Ward (10),, Shwe Pyi Thar Township, Yangon , Myanmar","09-401601561, 09-795975134",Yangon,active,,https://www.edge.com.mm/listing/shwe-pyi-thar-b-e-p-s-24-l44509.html
MMR013027-BEPS27,Basic Education Primary School No. 27 Shwepyitha (အမှတ် (27) အခြေခံပညာမူလတန်းကျောင်း ရွှေပြည်သာ (အ.မ.က 27 ရွှေပြည်သာ)),BEPS,Shwepyitha,MMR013027,Yangon Region,MMR013,township,Ward (11),"Moe Hein St., Ward (11),, Shwe Pyi Thar Township, Yangon , Myanmar",09-795507527,Yangon,active,,https://www.edge.com.mm/listing/shwe-pyi-thar-b-e-p-s-27-l44512.html
MMR013027-BEPS29,Basic Education Primary School No. 29 Shwepyitha (အမှတ် (29) အခြေခံပညာမူလတန်းကျောင်း ရွှေပြည်သာ (အ.မ.က 29 ရွှေပြည်သာ)),BEPS,Shwepyitha,MMR013027,Yangon Region,MMR013,township,Ward (12),"Pearl St., Ward (12),, Shwe Pyi Thar Township, Yangon , Myanmar","09-448040011, 09-31121798, 09-445861637",Yangon,active,,https://www.edge.com.mm/listing/shwe-pyi-thar-b-e-p-s-29-l44514.html
MMR013027-BEPS02,Basic Education Primary School No. 2 Shwepyitha (အမှတ် (2) အခြေခံပညာမူလတန်းကျောင်း ရွှေပြည်သာ (အ.မ.က 2 ရွှေပြည်သာ)),BEPS,Shwepyitha,MMR013027,Yangon Region,MMR013,township,Ward (3),"Ar Zarni St., Ward (3),, Shwe Pyi Thar Township, Yangon , Myanmar",09-448043977,Yangon,active,,https://www.edge.com.mm/listing/shwe-pyi-thar-b-e-p-s-2-l00331759.html
MMR013027-BEPS30,Basic Education Primary School No. 30 Shwepyitha (အမှတ် (30) အခြေခံပညာမူလတန်းကျောင်း ရွှေပြည်သာ (အ.မ.က 30 ရွှေပြည်သာ)),BEPS,Shwepyitha,MMR013027,Yangon Region,MMR013,township,Ward (13),"Mandalay St., Ward (13),, Shwe Pyi Thar Township, Yangon , Myanmar",09-791459982,Yangon,active,,https://www.edge.com.mm/listing/shwe-pyi-thar-b-e-p-s-30-l44515.html
MMR013027-BEPS31,Basic Education Primary School No. 31 Shwepyitha (အမှတ် (31) အခြေခံပညာမူလတန်းကျောင်း ရွှေပြည်သာ (အ.မ.က 31 ရွှေပြည်သာ)),BEPS,Shwepyitha,MMR013027,Yangon Region,MMR013,township,Ward (11),"Mandalay St., Ward (11),, Shwe Pyi Thar Township, Yangon , Myanmar","09-43064907, 09-448040019",Yangon,active,,https://www.edge.com.mm/listing/shwe-pyi-thar-b-e-p-s-31-l44516.html
MMR013027-BEPS32,Basic Education Primary School No. 32 Shwepyitha (အမှတ် (32) အခြေခံပညာမူလတန်းကျောင်း ရွှေပြည်သာ (အ.မ.က 32 ရွှေပြည်သာ)),BEPS,Shwepyitha,MMR013027,Yangon Region,MMR013,township,Ward (13),"Thamardi St., Ward (13),, Shwe Pyi Thar Township, Yangon , Myanmar","09-797757645, 09-73181433",Yangon,active,,https://www.edge.com.mm/listing/shwe-pyi-thar-b-e-p-s-32-l44517.html
MMR013027-BEPS39,Basic Education Primary School No. 39 Shwepyitha (အမှတ် (39) အခြေခံပညာမူလတန်းကျောင်း ရွှေပြည်သာ (အ.မ.က 39 ရွှေပြည်သာ)),BEPS,Shwepyitha,MMR013027,Yangon Region,MMR013,township,,"Zay St., War Ta Yar Wood Based Industrial Zone,, Shwe Pyi Thar Township, Yangon , Myanmar",09-421063013,Yangon,active,,https://www.edge.com.mm/listing/shwe-pyi-thar-b-e-p-s-39-l00331817.html
MMR013027-BEPS40,Basic Education Primary School No. 40 Shwepyitha (အမှတ် (40) အခြေခံပညာမူလတန်းကျောင်း ရွှေပြည်သာ (အ.မ.က 40 ရွှေပြည်သာ)),BEPS,Shwepyitha,MMR013027,Yangon Region,MMR013,township,Ward (16),"Aung Thidar St., Ward (16),, Shwe Pyi Thar Township, Yangon , Myanmar",09-448040028,Yangon,active,,https://www.edge.com.mm/listing/shwe-pyi-thar-b-e-p-s-40-l44525.html
MMR013027-BEPS42,Basic Education Primary School No. 42 Shwepyitha (အမှတ် (42) အခြေခံပညာမူလတန်းကျောင်း ရွှေပြည်သာ (အ.မ.က 42 ရွှေပြည်သာ)),BEPS,Shwepyitha,MMR013027,Yangon Region,MMR013,township,,"Mahaw Gani St., Industrial Zone (1),, Shwe Pyi Thar Township, Yangon , Myanmar","09-254262400, 09-799752556",Yangon,active,,https://www.edge.com.mm/listing/shwe-pyi-thar-b-e-p-s-42-l44527.html
MMR013027-BEPS43,Basic Education Primary School No. 43 Shwepyitha (အမှတ် (43) အခြေခံပညာမူလတန်းကျောင်း ရွှေပြည်သာ (အ.မ.က 43 ရွှေပြည်သာ)),BEPS,Shwepyitha,MMR013027,Yangon Region,MMR013,township,Ward (11),"Aung Sit Thi St., Ward (11),, Shwe Pyi Thar Township, Yangon , Myanmar","09-799726412, 09-31121782",Yangon,active,,https://www.edge.com.mm/listing/shwe-pyi-thar-b-e-p-s-43-l44528.html
MMR013027-BEPS46,Basic Education Primary School No. 46 Shwepyitha (အမှတ် (46) အခြေခံပညာမူလတန်းကျောင်း ရွှေပြည်သာ (အ.မ.က 46 ရွှေပြည်သာ)),BEPS,Shwepyitha,MMR013027,Yangon Region,MMR013,township,Mya Kyun Thar Village,"Mya Kyun Thar Village,, Shwe Pyi Thar Township, Yangon , Myanmar",09-796793585,Yangon,active,,https://www.edge.com.mm/listing/shwe-pyi-thar-b-e-p-s-46-l94742.html
MMR013027-BEPS04,Basic Education Primary School No. 4 Shwepyitha (အမှတ် (4) အခြေခံပညာမူလတန်းကျောင်း ရွှေပြည်သာ (အ.မ.က 4 ရွှေပြည်သာ)),BEPS,Shwepyitha,MMR013027,Yangon Region,MMR013,township,Tadar Gyi Village,"Khaing Marlar St., Tadar Gyi Village, Ward (7),, Shwe Pyi Thar Township, Yangon , Myanmar",09-421094505,Yangon,active,,https://www.edge.com.mm/listing/shwe-pyi-thar-b-e-p-s-4-l44489.html
MMR013027-BEPS05,Basic Education Primary School No. 5 Shwepyitha (အမှတ် (5) အခြေခံပညာမူလတန်းကျောင်း ရွှေပြည်သာ (အ.မ.က 5 ရွှေပြည်သာ)),BEPS,Shwepyitha,MMR013027,Yangon Region,MMR013,township,Thar Du Kan Village,"No.(4) Main Rd., Thar Du Kan Village,, Shwe Pyi Thar Township, Yangon , Myanmar",09-421003250,Yangon,active,,https://www.edge.com.mm/listing/shwe-pyi-thar-b-e-p-s-5-l44490.html
MMR013027-BEPS06,Basic Education Primary School No. 6 Shwepyitha (အမှတ် (6) အခြေခံပညာမူလတန်းကျောင်း ရွှေပြည်သာ (အ.မ.က 6 ရွှေပြည်သာ)),BEPS,Shwepyitha,MMR013027,Yangon Region,MMR013,township,Thar Du Kan Village,"Bayint Naung Rd., Thar Du Kan Village,, Shwe Pyi Thar Township, Yangon , Myanmar",09-420148184,Yangon,active,,https://www.edge.com.mm/listing/shwe-pyi-thar-b-e-p-s-6-l00331764.html
MMR013027-BEPS07,Basic Education Primary School No. 7 Shwepyitha (အမှတ် (7) အခြေခံပညာမူလတန်းကျောင်း ရွှေပြည်သာ (အ.မ.က 7 ရွှေပြည်သာ)),BEPS,Shwepyitha,MMR013027,Yangon Region,MMR013,township,Zee Kone Ward,"No.(4) Main Rd., Zee Kone Ward,, Shwe Pyi Thar Township, Yangon , Myanmar",09-420142241,Yangon,active,,https://www.edge.com.mm/listing/shwe-pyi-thar-b-e-p-s-7-l44492.html
MMR013027-BEPS08,Basic Education Primary School No. 8 Shwepyitha (အမှတ် (8) အခြေခံပညာမူလတန်းကျောင်း ရွှေပြည်သာ (အ.မ.က 8 ရွှေပြည်သာ)),BEPS,Shwepyitha,MMR013027,Yangon Region,MMR013,township,,"No.(4) Main Rd., Thar Du Kan Industrial Zone,, Shwe Pyi Thar Township, Yangon , Myanmar",09-43151932,Yangon,active,,https://www.edge.com.mm/listing/shwe-pyi-thar-b-e-p-s-8-l00331768.html
MMR013027-BEPS09,Basic Education Primary School No. 9 Shwepyitha (အမှတ် (9) အခြေခံပညာမူလတန်းကျောင်း ရွှေပြည်သာ (အ.မ.က 9 ရွှေပြည်သာ)),BEPS,Shwepyitha,MMR013027,Yangon Region,MMR013,township,Kyaung Kone Village,"No.(4) Main Rd., Kyaung Kone Village,, Shwe Pyi Thar Township, Yangon , Myanmar",09-420204547,Yangon,active,,https://www.edge.com.mm/listing/shwe-pyi-thar-b-e-p-s-9-l44494.html
MMR013027-BEPS03,Basic Education Primary School Shwepyitha (အခြေခံပညာမူလတန်းကျောင်း ရွှေပြည်သာ),BEPS,Shwepyitha,MMR013027,Yangon Region,MMR013,township,Ward (21),"Hlaw Gar Rd., Ward (21),, Shwe Pyi Thar Township, Yangon , Myanmar","09-73077875, 09-450375070",Yangon,active,,https://www.edge.com.mm/listing/shwe-pyi-thar-b-e-p-s-lein-kone-l00315346.html
MMR013027-BEPS17,Basic Education Primary School Shwepyitha (အခြေခံပညာမူလတန်းကျောင်း ရွှေပြည်သာ),BEPS,Shwepyitha,MMR013027,Yangon Region,MMR013,township,Ward (21),"Hlaw Gar Rd., Ward (21),, Shwe Pyi Thar Township, Yangon , Myanmar",09-43151456,Yangon,active,,https://www.edge.com.mm/listing/shwe-pyi-thar-b-e-p-s-thain-chaung-l94747.html
MMR007008-BEHS01,Basic Education High School Shwedaung (အခြေခံပညာအထက်တန်းကျောင်း ရွှေတောင်),BEHS,Shwedaung,MMR007008,Bago Region,MMR007,township,Kyar Ni Kan Ward,"Yangon-Pyay Rd., Kyar Ni Kan Ward,, Shwe Taung Township, Bago , Myanmar",053-55034,Bago,active,,https://www.edge.com.mm/listing/shwe-taung-b-e-h-s-l00252525.html
MMR011001-BEHS01,Basic Education High School No. 1 Sittwe (အမှတ် (1) အခြေခံပညာအထက်တန်းကျောင်း စစ်တွေ (အ.ထ.က 1 စစ်တွေ)),BEHS,Sittwe,MMR011001,Rakhine State,MMR011,township,Baw Lone Kwin Ward,"May Yu Rd., Baw Lone Kwin Ward,, Sittwe Township, Rakhine State , Myanmar","043-21194, 043-23756, 09-251133036",Rakhine State,active,,https://www.edge.com.mm/listing/sittwe-b-e-h-s-1-l00257148.html
MMR011001-BEHS02,Basic Education High School No. 2 Sittwe (အမှတ် (2) အခြေခံပညာအထက်တန်းကျောင်း စစ်တွေ (အ.ထ.က 2 စစ်တွေ)),BEHS,Sittwe,MMR011001,Rakhine State,MMR011,township,Bauk Thee Su Ward,"Na Pain St., Bauk Thee Su Ward,, Sittwe Township, Rakhine State , Myanmar","043-21194, 043-23757, 09-250239912, 09-49474593",Rakhine State,active,,https://www.edge.com.mm/listing/sittwe-b-e-h-s-2-l00257150.html
MMR011001-BEHS04,Basic Education High School No. 4 Sittwe (အမှတ် (4) အခြေခံပညာအထက်တန်းကျောင်း စစ်တွေ (အ.ထ.က 4 စစ်တွေ)),BEHS,Sittwe,MMR011001,Rakhine State,MMR011,township,Pyay Taw Thar Ward,"Baw Di St., Pyay Taw Thar Ward,, Sittwe Township, Rakhine State , Myanmar","043-23758, 09-421712741",Rakhine State,active,,https://www.edge.com.mm/listing/sittwe-b-e-h-s-4-l00257161.html
MMR011001-BEHS05,Basic Education High School No. 5 Sittwe (အမှတ် (5) အခြေခံပညာအထက်တန်းကျောင်း စစ်တွေ (အ.ထ.က 5 စစ်တွေ)),BEHS,Sittwe,MMR011001,Rakhine State,MMR011,township,Lan Thit Ward,"Min Bar Gyi St., Lan Thit Ward,, Sittwe Township, Rakhine State , Myanmar","043-21213, 09-250125101",Rakhine State,active,,https://www.edge.com.mm/listing/sittwe-b-e-h-s-5-l00257164.html
MMR011001-BEMS01,Basic Education Middle School No. 1 Sittwe (အမှတ် (1) အခြေခံပညာအလယ်တန်းကျောင်း စစ်တွေ (အ.လ.က 1 စစ်တွေ)),BEMS,Sittwe,MMR011001,Rakhine State,MMR011,township,Set Yone Su Ward,"Merchant St., Set Yone Su Ward,, Sittwe Township, Rakhine State , Myanmar","043-21209, 09-5680410",Rakhine State,active,,https://www.edge.com.mm/listing/sittwe-b-e-m-s-1-l00257166.html
MMR011001-BEMS02,Basic Education Middle School No. 2 Sittwe (အမှတ် (2) အခြေခံပညာအလယ်တန်းကျောင်း စစ်တွေ (အ.လ.က 2 စစ်တွေ)),BEMS,Sittwe,MMR011001,Rakhine State,MMR011,township,Bauk Thee Su Ward,"Bauk Thee Su Ward,, Sittwe Township, Rakhine State , Myanmar","043-21215, 09-262673769",Rakhine State,active,,https://www.edge.com.mm/listing/sittwe-b-e-m-s-2-l00257169.html
MMR011001-BEMS03,Basic Education Middle School No. 3 Sittwe (အမှတ် (3) အခြေခံပညာအလယ်တန်းကျောင်း စစ်တွေ (အ.လ.က 3 စစ်တွေ)),BEMS,Sittwe,MMR011001,Rakhine State,MMR011,township,Lanmadaw (North) Ward,"Shwe Pyar Sayt St., Lanmadaw (North) Ward,, Sittwe Township, Rakhine State , Myanmar","043-21204, 09-254096953",Rakhine State,active,,https://www.edge.com.mm/listing/sittwe-b-e-m-s-3-l00257156.html
MMR011001-BEMS03-1,Basic Education Middle School No. 3 Sittwe (အမှတ် (3) အခြေခံပညာအလယ်တန်းကျောင်း စစ်တွေ (အ.လ.က 3 စစ်တွေ)),BEMS,Sittwe,MMR011001,Rakhine State,MMR011,township,Mi Zan Ward,"Shwe Thar St., Mi Zan Ward,, Sittwe Township, Rakhine State , Myanmar","09-253467957, 09-421711858",Rakhine State,active,,https://www.edge.com.mm/listing/sittwe-b-e-m-s-3-l00257172.html
MMR011001-BEMS04,Basic Education Middle School No. 4 Sittwe (အမှတ် (4) အခြေခံပညာအလယ်တန်းကျောင်း စစ်တွေ (အ.လ.က 4 စစ်တွေ)),BEMS,Sittwe,MMR011001,Rakhine State,MMR011,township,Yu Pa (North) Ward,"Main Rd., Yu Pa (North) Ward,, Sittwe Township, Rakhine State , Myanmar","043-21293, 09-421760579",Rakhine State,active,,https://www.edge.com.mm/listing/sittwe-b-e-m-s-4-l00257175.html
MMR011001-BEMS05,Basic Education Middle School No. 5 Sittwe (အမှတ် (5) အခြေခံပညာအလယ်တန်းကျောင်း စစ်တွေ (အ.လ.က 5 စစ်တွေ)),BEMS,Sittwe,MMR011001,Rakhine State,MMR011,township,Pyay Taw Thar Ward,"Main Rd., Pyay Taw Thar Ward,, Sittwe Township, Rakhine State , Myanmar","043-21442, 09-252289047, 09-250331680",Rakhine State,active,,https://www.edge.com.mm/listing/sittwe-b-e-m-s-5-l00257178.html
MMR011001-BEMS07,Basic Education Middle School No. 7 Sittwe (အမှတ် (7) အခြေခံပညာအလယ်တန်းကျောင်း စစ်တွေ (အ.လ.က 7 စစ်တွေ)),BEMS,Sittwe,MMR011001,Rakhine State,MMR011,township,Kyae Pin Gyi Ward,"Strand Rd., Kyae Pin Gyi Ward,, Sittwe Township, Rakhine State , Myanmar","043-21577, 09-421754606",Rakhine State,active,,https://www.edge.com.mm/listing/sittwe-b-e-m-s-7-l00257180.html
MMR013022-BEHS01,Basic Education High School No. 1 South Dagon (အမှတ် (1) အခြေခံပညာအထက်တန်းကျောင်း ဒဂုံမြို့သစ်(တောင်ပိုင်း) (အ.ထ.က 1 ဒဂုံမြို့သစ်(တောင်ပိုင်း))),BEHS,South Dagon,MMR013022,Yangon Region,MMR013,township,Ward (21),"Pyi Htaung Su Rd., Ward (21),, South Dagon Township, Yangon , Myanmar",09-250791126,Yangon,active,,https://www.edge.com.mm/listing/south-dagon-b-e-h-s-1-l44414.html
MMR013022-BEHS02,Basic Education High School No. 2 South Dagon (အမှတ် (2) အခြေခံပညာအထက်တန်းကျောင်း ဒဂုံမြို့သစ်(တောင်ပိုင်း) (အ.ထ.က 2 ဒဂုံမြို့သစ်(တောင်ပိုင်း))),BEHS,South Dagon,MMR013022,Yangon Region,MMR013,township,Ward (18),"1879, Si Pin Rd., Ward (18),, South Dagon Township, Yangon , Myanmar","09-421037332, 01-590072",Yangon,active,,https://www.edge.com.mm/listing/south-dagon-b-e-h-s-2-l44409.html
MMR013022-BEHS03,Basic Education High School No. 3 South Dagon (အမှတ် (3) အခြေခံပညာအထက်တန်းကျောင်း ဒဂုံမြို့သစ်(တောင်ပိုင်း) (အ.ထ.က 3 ဒဂုံမြို့သစ်(တောင်ပိုင်း))),BEHS,South Dagon,MMR013022,Yangon Region,MMR013,township,Ward (26),"Pearl Yadanar St., Ward (26),, South Dagon Township, Yangon , Myanmar",09-444436493,Yangon,active,,https://www.edge.com.mm/listing/south-dagon-b-e-h-s-3-l44410.html
MMR013022-BEHS04,Basic Education High School No. 4 South Dagon (အမှတ် (4) အခြေခံပညာအထက်တန်းကျောင်း ဒဂုံမြို့သစ်(တောင်ပိုင်း) (အ.ထ.က 4 ဒဂုံမြို့သစ်(တောင်ပိုင်း))),BEHS,South Dagon,MMR013022,Yangon Region,MMR013,township,Ward (70),"1582, Aung Chan Thar St., Ward (70),, South Dagon Township, Yangon , Myanmar",09-254566607,Yangon,active,,https://www.edge.com.mm/listing/south-dagon-b-e-h-s-4-l44417.html
MMR013022-BEHS05,Basic Education High School No. 5 South Dagon (အမှတ် (5) အခြေခံပညာအထက်တန်းကျောင်း ဒဂုံမြို့သစ်(တောင်ပိုင်း) (အ.ထ.က 5 ဒဂုံမြို့သစ်(တောင်ပိုင်း))),BEHS,South Dagon,MMR013022,Yangon Region,MMR013,township,Ward (55),"Bagan St., Ward (55),, South Dagon Township, Yangon , Myanmar",09-250608591,Yangon,active,,https://www.edge.com.mm/listing/south-dagon-b-e-h-s-5-l00331687.html
MMR013022-BEHS06,Basic Education High School No. 6 South Dagon (အမှတ် (6) အခြေခံပညာအထက်တန်းကျောင်း ဒဂုံမြို့သစ်(တောင်ပိုင်း) (အ.ထ.က 6 ဒဂုံမြို့သစ်(တောင်ပိုင်း))),BEHS,South Dagon,MMR013022,Yangon Region,MMR013,township,Ward (54),"1502, Bagan St., Ward (54),, South Dagon Township, Yangon , Myanmar",09-448045073,Yangon,active,,https://www.edge.com.mm/listing/south-dagon-b-e-h-s-6-l44419.html
MMR013022-BEHS07,Basic Education High School South Dagon (အခြေခံပညာအထက်တန်းကျောင်း ဒဂုံမြို့သစ်(တောင်ပိုင်း)),BEHS,South Dagon,MMR013022,Yangon Region,MMR013,township,Lay Daunt Kan Ward,"Kyaung St., Lay Daunt Kan Ward,, South Dagon Township, Yangon , Myanmar",09-421112539,Yangon,active,,https://www.edge.com.mm/listing/south-dagon-b-e-h-s-lay-daunt-kan-l118484.html
MMR013022-BEHS08,Basic Education High School South Dagon (အခြေခံပညာအထက်တန်းကျောင်း ဒဂုံမြို့သစ်(တောင်ပိုင်း)),BEHS,South Dagon,MMR013022,Yangon Region,MMR013,township,Saik Mway Ward (1),"Bayint Naung St., Saik Mway Ward (1),, South Dagon Township, Yangon , Myanmar",09-791791351,Yangon,active,,https://www.edge.com.mm/listing/south-dagon-b-e-h-s-site-mway-village-l118492.html
MMR013022-BEMS10,Basic Education Middle School No. 10 South Dagon (အမှတ် (10) အခြေခံပညာအလယ်တန်းကျောင်း ဒဂုံမြို့သစ်(တောင်ပိုင်း) (အ.လ.က 10 ဒဂုံမြို့သစ်(တောင်ပိုင်း))),BEMS,South Dagon,MMR013022,Yangon Region,MMR013,township,Ward (22),"Yadanar Pon St., Ward (22),, South Dagon Township, Yangon , Myanmar",09-421114832,Yangon,active,,https://www.edge.com.mm/listing/south-dagon-b-e-m-s-10-l44438.html
MMR013022-BEMS01,Basic Education Middle School No. 1 South Dagon (အမှတ် (1) အခြေခံပညာအလယ်တန်းကျောင်း ဒဂုံမြို့သစ်(တောင်ပိုင်း) (အ.လ.က 1 ဒဂုံမြို့သစ်(တောင်ပိုင်း))),BEMS,South Dagon,MMR013022,Yangon Region,MMR013,township,Ward (64),"Pyi Htaung Su Rd., Yauk Kaw Bus Stop, Ward (64),, South Dagon Township, Yangon , Myanmar","09-420082112, 09-444436915, 01-590584",Yangon,active,,https://www.edge.com.mm/listing/south-dagon-b-e-m-s-1-l44415.html
MMR013022-BEMS-BR01,Basic Education Middle School (Branch) No. 1 South Dagon (အမှတ် (1) အခြေခံပညာအလယ်တန်းကျောင်း (ခွဲ) ဒဂုံမြို့သစ်(တောင်ပိုင်း) (အ.လ.က (ခွဲ) 1 ဒဂုံမြို့သစ်(တောင်ပိုင်း))),BEMS-BR,South Dagon,MMR013022,Yangon Region,MMR013,township,Ward (24),"Kan Tharyar St., Ward (24),, South Dagon Township, Yangon , Myanmar",09-43025029,Yangon,active,,https://www.edge.com.mm/listing/south-dagon-b-e-m-s-1-branch-l44422.html
MMR013022-BEMS-BR24,Basic Education Middle School (Branch) No. 24 South Dagon (အမှတ် (24) အခြေခံပညာအလယ်တန်းကျောင်း (ခွဲ) ဒဂုံမြို့သစ်(တောင်ပိုင်း) (အ.လ.က (ခွဲ) 24 ဒဂုံမြို့သစ်(တောင်ပိုင်း))),BEMS-BR,South Dagon,MMR013022,Yangon Region,MMR013,township,Ward (104),"1913, Shwe War Tun St., Ward (104),, South Dagon Township, Yangon , Myanmar",09-778148486,Yangon,active,,https://www.edge.com.mm/listing/south-dagon-b-e-m-s-24-branch-l00331716.html
MMR013022-BEMS-BR27,Basic Education Middle School (Branch) No. 27 South Dagon (အမှတ် (27) အခြေခံပညာအလယ်တန်းကျောင်း (ခွဲ) ဒဂုံမြို့သစ်(တောင်ပိုင်း) (အ.လ.က (ခွဲ) 27 ဒဂုံမြို့သစ်(တောင်ပိုင်း))),BEMS-BR,South Dagon,MMR013022,Yangon Region,MMR013,township,Ward (140),"2610, Thein Tayar St., Ward (140),, South Dagon Township, Yangon , Myanmar",09-798130648,Yangon,active,,https://www.edge.com.mm/listing/south-dagon-b-e-m-s-27-branch-l44448.html
MMR013022-BEMS02,Basic Education Middle School No. 2 South Dagon (အမှတ် (2) အခြေခံပညာအလယ်တန်းကျောင်း ဒဂုံမြို့သစ်(တောင်ပိုင်း) (အ.လ.က 2 ဒဂုံမြို့သစ်(တောင်ပိုင်း))),BEMS,South Dagon,MMR013022,Yangon Region,MMR013,township,Ward (107),"1599, Ngu Wah Myaing St., Ward (107),, South Dagon Township, Yangon , Myanmar",09-799914608,Yangon,active,,https://www.edge.com.mm/listing/south-dagon-b-e-m-s-2-l00331714.html
MMR013022-BEMS03,Basic Education Middle School No. 3 South Dagon (အမှတ် (3) အခြေခံပညာအလယ်တန်းကျောင်း ဒဂုံမြို့သစ်(တောင်ပိုင်း) (အ.လ.က 3 ဒဂုံမြို့သစ်(တောင်ပိုင်း))),BEMS,South Dagon,MMR013022,Yangon Region,MMR013,township,Ward (71),"Nawaday St., Ward (71),, South Dagon Township, Yangon , Myanmar",09-450034892,Yangon,active,,https://www.edge.com.mm/listing/south-dagon-b-e-m-s-3-l44432.html
MMR013022-BEMS04,Basic Education Middle School No. 4 South Dagon (အမှတ် (4) အခြေခံပညာအလယ်တန်းကျောင်း ဒဂုံမြို့သစ်(တောင်ပိုင်း) (အ.လ.က 4 ဒဂုံမြို့သစ်(တောင်ပိုင်း))),BEMS,South Dagon,MMR013022,Yangon Region,MMR013,township,,"Man Aung St.,Industrial Zone (1), South Dagon Township, Yangon , Myanmar","09-250079882, 09-444436935",Yangon,active,,https://www.edge.com.mm/listing/south-dagon-b-e-m-s-4-l117658.html
MMR013022-BEMS-BR04,Basic Education Middle School (Branch) No. 4 South Dagon (အမှတ် (4) အခြေခံပညာအလယ်တန်းကျောင်း (ခွဲ) ဒဂုံမြို့သစ်(တောင်ပိုင်း) (အ.လ.က (ခွဲ) 4 ဒဂုံမြို့သစ်(တောင်ပိုင်း))),BEMS-BR,South Dagon,MMR013022,Yangon Region,MMR013,township,Ward (21),"Mya Yadanar St., Ward (21),, South Dagon Township, Yangon , Myanmar",09-250346874,Yangon,active,,https://www.edge.com.mm/listing/south-dagon-b-e-m-s-4-branch-l44425.html
MMR013022-BEMS06,Basic Education Middle School No. 6 South Dagon (အမှတ် (6) အခြေခံပညာအလယ်တန်းကျောင်း ဒဂုံမြို့သစ်(တောင်ပိုင်း) (အ.လ.က 6 ဒဂုံမြို့သစ်(တောင်ပိုင်း))),BEMS,South Dagon,MMR013022,Yangon Region,MMR013,township,Ward (71),"Mani Sithu St., Ward (71),, South Dagon Township, Yangon , Myanmar",09-784605257,Yangon,active,,https://www.edge.com.mm/listing/south-dagon-b-e-m-s-6-l00331694.html
MMR013022-BEMS07,Basic Education Middle School No. 7 South Dagon (အမှတ် (7) အခြေခံပညာအလယ်တန်းကျောင်း ဒဂုံမြို့သစ်(တောင်ပိုင်း) (အ.လ.က 7 ဒဂုံမြို့သစ်(တောင်ပိုင်း))),BEMS,South Dagon,MMR013022,Yangon Region,MMR013,township,Ward (65),"1420, Pyi Htaung Su Rd., Ward (65),, South Dagon Township, Yangon , Myanmar",09-449592074,Yangon,active,,https://www.edge.com.mm/listing/south-dagon-b-e-m-s-7-l44434.html
MMR013022-BEMS08,Basic Education Middle School No. 8 South Dagon (အမှတ် (8) အခြေခံပညာအလယ်တန်းကျောင်း ဒဂုံမြို့သစ်(တောင်ပိုင်း) (အ.လ.က 8 ဒဂုံမြို့သစ်(တောင်ပိုင်း))),BEMS,South Dagon,MMR013022,Yangon Region,MMR013,township,Ward (107),"1598, Kaytumadi St., Corner of Zeyar Thiri St., Ward (107),, South Dagon Township, Yangon , Myanmar",09-5502234,Yangon,active,,https://www.edge.com.mm/listing/south-dagon-b-e-m-s-8-l00331708.html
MMR013022-BEMS-BR08,Basic Education Middle School (Branch) No. 8 South Dagon (အမှတ် (8) အခြေခံပညာအလယ်တန်းကျောင်း (ခွဲ) ဒဂုံမြို့သစ်(တောင်ပိုင်း) (အ.လ.က (ခွဲ) 8 ဒဂုံမြို့သစ်(တောင်ပိုင်း))),BEMS-BR,South Dagon,MMR013022,Yangon Region,MMR013,township,Ward (56),"Sein Yadanar St., Ward (56),, South Dagon Township, Yangon , Myanmar",09-423353327,Yangon,active,,https://www.edge.com.mm/listing/south-dagon-b-e-m-s-8-branch-aung-saydanar-l00331691.html
MMR013022-BEMS09,Basic Education Middle School No. 9 South Dagon (အမှတ် (9) အခြေခံပညာအလယ်တန်းကျောင်း ဒဂုံမြို့သစ်(တောင်ပိုင်း) (အ.လ.က 9 ဒဂုံမြို့သစ်(တောင်ပိုင်း))),BEMS,South Dagon,MMR013022,Yangon Region,MMR013,township,Ward (57),"Naung Yoe St., Corner of Mya Pearl Thwe St., Ward (57),, South Dagon Township, Yangon , Myanmar",09-797848827,Yangon,active,,https://www.edge.com.mm/listing/south-dagon-b-e-m-s-9-l44428.html
MMR013022-BEMS-BR02,Basic Education Middle School (Branch) South Dagon (အခြေခံပညာအလယ်တန်းကျောင်း (ခွဲ) ဒဂုံမြို့သစ်(တောင်ပိုင်း)),BEMS-BR,South Dagon,MMR013022,Yangon Region,MMR013,township,Ywar Thar Gyi Ward,"No.(2) Main Rd., Ywar Thar Gyi Ward,, South Dagon Township, Yangon , Myanmar",09-795811719,Yangon,active,,https://www.edge.com.mm/listing/south-dagon-b-e-m-s-ywar-thar-gyi-branch-l00331720.html
MMR013022-BEPS10,Basic Education Primary School No. 10 South Dagon (အမှတ် (10) အခြေခံပညာမူလတန်းကျောင်း ဒဂုံမြို့သစ်(တောင်ပိုင်း) (အ.မ.က 10 ဒဂုံမြို့သစ်(တောင်ပိုင်း))),BEPS,South Dagon,MMR013022,Yangon Region,MMR013,township,Ward (53),"1704, Pearl Ngwe Yaung St., Ward (53),, South Dagon Township, Yangon , Myanmar",09-421120911,Yangon,active,,https://www.edge.com.mm/listing/south-dagon-b-e-p-s-10-l44431.html
MMR013022-BEPS15,Basic Education Primary School No. 15 South Dagon (အမှတ် (15) အခြေခံပညာမူလတန်းကျောင်း ဒဂုံမြို့သစ်(တောင်ပိုင်း) (အ.မ.က 15 ဒဂုံမြို့သစ်(တောင်ပိုင်း))),BEPS,South Dagon,MMR013022,Yangon Region,MMR013,township,Ward (24),"1513, Pyi Htaung Su Rd., Ward (24),, South Dagon Township, Yangon , Myanmar",09-420093733,Yangon,active,,https://www.edge.com.mm/listing/south-dagon-b-e-p-s-15-l00331701.html
MMR013022-BEPS18,Basic Education Primary School No. 18 South Dagon (အမှတ် (18) အခြေခံပညာမူလတန်းကျောင်း ဒဂုံမြို့သစ်(တောင်ပိုင်း) (အ.မ.က 18 ဒဂုံမြို့သစ်(တောင်ပိုင်း))),BEPS,South Dagon,MMR013022,Yangon Region,MMR013,township,Ward (26),"Tadar Phyu St., Ward (26),, South Dagon Township, Yangon , Myanmar",09-420020711,Yangon,active,,https://www.edge.com.mm/listing/south-dagon-b-e-p-s-18-l44439.html
MMR013022-BEPS19,Basic Education Primary School No. 19 South Dagon (အမှတ် (19) အခြေခံပညာမူလတန်းကျောင်း ဒဂုံမြို့သစ်(တောင်ပိုင်း) (အ.မ.က 19 ဒဂုံမြို့သစ်(တောင်ပိုင်း))),BEPS,South Dagon,MMR013022,Yangon Region,MMR013,township,Ward (72),"Kyan Sit Thar Rd., Ward (72),, South Dagon Township, Yangon , Myanmar",09-259292173,Yangon,active,,https://www.edge.com.mm/listing/south-dagon-b-e-p-s-19-l44440.html
MMR013022-BEPS20,Basic Education Primary School No. 20 South Dagon (အမှတ် (20) အခြေခံပညာမူလတန်းကျောင်း ဒဂုံမြို့သစ်(တောင်ပိုင်း) (အ.မ.က 20 ဒဂုံမြို့သစ်(တောင်ပိုင်း))),BEPS,South Dagon,MMR013022,Yangon Region,MMR013,township,Ward (55),"Nat Mauk St., Ward (55),, South Dagon Township, Yangon , Myanmar",09-786557662,Yangon,active,,https://www.edge.com.mm/listing/south-dagon-b-e-p-s-20-l44441.html
MMR013022-BEPS25,Basic Education Primary School No. 25 South Dagon (အမှတ် (25) အခြေခံပညာမူလတန်းကျောင်း ဒဂုံမြို့သစ်(တောင်ပိုင်း) (အ.မ.က 25 ဒဂုံမြို့သစ်(တောင်ပိုင်း))),BEPS,South Dagon,MMR013022,Yangon Region,MMR013,township,Ward (105),"Tamar Yeik St., Corner of Wiriya 7th St., Ward (105),, South Dagon Township, Yangon , Myanmar","09-421068827, 09-796243200",Yangon,active,,https://www.edge.com.mm/listing/south-dagon-b-e-p-s-25-l44446.html
MMR013022-BEPS26,Basic Education Primary School No. 26 South Dagon (အမှတ် (26) အခြေခံပညာမူလတန်းကျောင်း ဒဂုံမြို့သစ်(တောင်ပိုင်း) (အ.မ.က 26 ဒဂုံမြို့သစ်(တောင်ပိုင်း))),BEPS,South Dagon,MMR013022,Yangon Region,MMR013,township,Ward (106),"1485, Sittaung St., Ward (106),, South Dagon Township, Yangon , Myanmar",09-421047673,Yangon,active,,https://www.edge.com.mm/listing/south-dagon-b-e-p-s-26-l44447.html
MMR013022-BEPS28,Basic Education Primary School No. 28 South Dagon (အမှတ် (28) အခြေခံပညာမူလတန်းကျောင်း ဒဂုံမြို့သစ်(တောင်ပိုင်း) (အ.မ.က 28 ဒဂုံမြို့သစ်(တောင်ပိုင်း))),BEPS,South Dagon,MMR013022,Yangon Region,MMR013,township,Ward (17),"1009, Hnin Si Myaing St., Corner of No.(2) Main Rd., Ward (17),, South Dagon Township, Yangon , Myanmar",09-780996181,Yangon,active,,https://www.edge.com.mm/listing/south-dagon-b-e-p-s-28-l44449.html
MMR013022-BEPS29,Basic Education Primary School No. 29 South Dagon (အမှတ် (29) အခြေခံပညာမူလတန်းကျောင်း ဒဂုံမြို့သစ်(တောင်ပိုင်း) (အ.မ.က 29 ဒဂုံမြို့သစ်(တောင်ပိုင်း))),BEPS,South Dagon,MMR013022,Yangon Region,MMR013,township,Ward (142),"Karunar St., Ward (142),, South Dagon Township, Yangon , Myanmar",09-420052711,Yangon,active,,https://www.edge.com.mm/listing/south-dagon-b-e-p-s-29-l91922.html
MMR013022-BEPS02,Basic Education Primary School No. 2 South Dagon (အမှတ် (2) အခြေခံပညာမူလတန်းကျောင်း ဒဂုံမြို့သစ်(တောင်ပိုင်း) (အ.မ.က 2 ဒဂုံမြို့သစ်(တောင်ပိုင်း))),BEPS,South Dagon,MMR013022,Yangon Region,MMR013,township,Ward (25),"Katan Kyun St., Corner of Laung Lone St., Ward (25),, South Dagon Township, Yangon , Myanmar",09-448001992,Yangon,active,,https://www.edge.com.mm/listing/south-dagon-b-e-p-s-2-l44423.html
MMR013022-BEPS30,Basic Education Primary School No. 30 South Dagon (အမှတ် (30) အခြေခံပညာမူလတန်းကျောင်း ဒဂုံမြို့သစ်(တောင်ပိုင်း) (အ.မ.က 30 ဒဂုံမြို့သစ်(တောင်ပိုင်း))),BEPS,South Dagon,MMR013022,Yangon Region,MMR013,township,Ward (62),"Nawarat St., Ward (62),, South Dagon Township, Yangon , Myanmar",09-264541816,Yangon,active,,https://www.edge.com.mm/listing/south-dagon-b-e-p-s-30-l00316178.html
MMR013022-BEPS03,Basic Education Primary School No. 3 South Dagon (အမှတ် (3) အခြေခံပညာမူလတန်းကျောင်း ဒဂုံမြို့သစ်(တောင်ပိုင်း) (အ.မ.က 3 ဒဂုံမြို့သစ်(တောင်ပိုင်း))),BEPS,South Dagon,MMR013022,Yangon Region,MMR013,township,Ward (19),"Ou Yin St., Ward (19),, South Dagon Township, Yangon , Myanmar",09-421043733,Yangon,active,,https://www.edge.com.mm/listing/south-dagon-b-e-p-s-3-l44424.html
MMR013022-BEPS06,Basic Education Primary School No. 6 South Dagon (အမှတ် (6) အခြေခံပညာမူလတန်းကျောင်း ဒဂုံမြို့သစ်(တောင်ပိုင်း) (အ.မ.က 6 ဒဂုံမြို့သစ်(တောင်ပိုင်း))),BEPS,South Dagon,MMR013022,Yangon Region,MMR013,township,Ward (54),"Zeyar Myaing St., Ward (54),, South Dagon Township, Yangon , Myanmar",09-421112437,Yangon,active,,https://www.edge.com.mm/listing/south-dagon-b-e-p-s-6-l44427.html
MMR013022-BEPS09,Basic Education Primary School No. 9 South Dagon (အမှတ် (9) အခြေခံပညာမူလတန်းကျောင်း ဒဂုံမြို့သစ်(တောင်ပိုင်း) (အ.မ.က 9 ဒဂုံမြို့သစ်(တောင်ပိုင်း))),BEPS,South Dagon,MMR013022,Yangon Region,MMR013,township,Ward (20),"Shwe Hinthar St., Ward (20),, South Dagon Township, Yangon , Myanmar","09-799544305, 09-786255814",Yangon,active,,https://www.edge.com.mm/listing/south-dagon-b-e-p-s-9-l44430.html
MMR013022-BEPS01,Basic Education Primary School South Dagon (အခြေခံပညာမူလတန်းကျောင်း ဒဂုံမြို့သစ်(တောင်ပိုင်း)),BEPS,South Dagon,MMR013022,Yangon Region,MMR013,township,West Kyi Su Village,"Hlaw Gar Rd., West Kyi Su Village, Ward (147),, South Dagon Township, Yangon , Myanmar","09-421028873, 09-797171394",Yangon,active,,https://www.edge.com.mm/listing/south-dagon-b-e-p-s-kyi-su-west-l44452.html
MMR013022-BEPS04,Basic Education Primary School South Dagon (အခြေခံပညာမူလတန်းကျောင်း ဒဂုံမြို့သစ်(တောင်ပိုင်း)),BEPS,South Dagon,MMR013022,Yangon Region,MMR013,township,Thone Kwa Village,"No.(2) Main Rd., Thone Kwa Village, Lay Daunt Kan Ward,, South Dagon Township, Yangon , Myanmar","09-420297977, 09-420127124",Yangon,active,,https://www.edge.com.mm/listing/south-dagon-b-e-p-s-thone-kwa-l44451.html
MMR013012-BEHS01,Basic Education High School No. 1 South Okkalapa (အမှတ် (1) အခြေခံပညာအထက်တန်းကျောင်း တောင်ဥက္ကလာပ (အ.ထ.က 1 တောင်ဥက္ကလာပ)),BEHS,South Okkalapa,MMR013012,Yangon Region,MMR013,township,Ward (7),"Yarzadirit St., Ward (7),, South Okkalapa Township, Yangon , Myanmar","01-2331540, 09-799743889",Yangon,active,,https://www.edge.com.mm/listing/south-okkalapa-b-e-h-s-1-l00325303.html
MMR013012-BEHS02,Basic Education High School No. 2 South Okkalapa (အမှတ် (2) အခြေခံပညာအထက်တန်းကျောင်း တောင်ဥက္ကလာပ (အ.ထ.က 2 တောင်ဥက္ကလာပ)),BEHS,South Okkalapa,MMR013012,Yangon Region,MMR013,township,Ward (6),"Kaytumadi St., Ward (6),, South Okkalapa Township, Yangon , Myanmar",01-2333337,Yangon,active,,https://www.edge.com.mm/listing/south-okkalapa-b-e-h-s-2-l00325305.html
MMR013012-BEHS03,Basic Education High School No. 3 South Okkalapa (အမှတ် (3) အခြေခံပညာအထက်တန်းကျောင်း တောင်ဥက္ကလာပ (အ.ထ.က 3 တောင်ဥက္ကလာပ)),BEHS,South Okkalapa,MMR013012,Yangon Region,MMR013,township,Ward (9),"Zarni St., Ward (9),, South Okkalapa Township, Yangon , Myanmar",01-565439,Yangon,active,,https://www.edge.com.mm/listing/south-okkalapa-b-e-h-s-3-l48121.html
MMR013012-BEHS04,Basic Education High School No. 4 South Okkalapa (အမှတ် (4) အခြေခံပညာအထက်တန်းကျောင်း တောင်ဥက္ကလာပ (အ.ထ.က 4 တောင်ဥက္ကလာပ)),BEHS,South Okkalapa,MMR013012,Yangon Region,MMR013,township,Ward (5),"Tagaung St., Ward (5),, South Okkalapa Township, Yangon , Myanmar",01-8565821,Yangon,active,,https://www.edge.com.mm/listing/south-okkalapa-b-e-h-s-4-l00325326.html
MMR013012-BEHS05,Basic Education High School No. 5 South Okkalapa (အမှတ် (5) အခြေခံပညာအထက်တန်းကျောင်း တောင်ဥက္ကလာပ (အ.ထ.က 5 တောင်ဥက္ကလာပ)),BEHS,South Okkalapa,MMR013012,Yangon Region,MMR013,township,Ward (12),"Barani St., Corner of Migathi St., Ward (12),, South Okkalapa Township, Yangon , Myanmar",01-8565308,Yangon,active,,https://www.edge.com.mm/listing/south-okkalapa-b-e-h-s-5-l48118.html
MMR013012-BEMS01,Basic Education Middle School No. 1 South Okkalapa (အမှတ် (1) အခြေခံပညာအလယ်တန်းကျောင်း တောင်ဥက္ကလာပ (အ.လ.က 1 တောင်ဥက္ကလာပ)),BEMS,South Okkalapa,MMR013012,Yangon Region,MMR013,township,Ward (10),"Zeya St., Corner of Atthaka St., Ward (10),, South Okkalapa Township, Yangon , Myanmar","01-8565213, 09-964055642",Yangon,active,,https://www.edge.com.mm/listing/south-okkalapa-b-e-m-s-1-l48119.html
MMR013012-BEMS02,Basic Education Middle School No. 2 South Okkalapa (အမှတ် (2) အခြေခံပညာအလယ်တန်းကျောင်း တောင်ဥက္ကလာပ (အ.လ.က 2 တောင်ဥက္ကလာပ)),BEMS,South Okkalapa,MMR013012,Yangon Region,MMR013,township,Ward (7),"Min Ye Kyaw Swar St., Ward (7),, South Okkalapa Township, Yangon , Myanmar",01-8566460,Yangon,active,,https://www.edge.com.mm/listing/south-okkalapa-b-e-m-s-2-l00325333.html
MMR013012-BEMS03,Basic Education Middle School No. 3 South Okkalapa (အမှတ် (3) အခြေခံပညာအလယ်တန်းကျောင်း တောင်ဥက္ကလာပ (အ.လ.က 3 တောင်ဥက္ကလာပ)),BEMS,South Okkalapa,MMR013012,Yangon Region,MMR013,township,Ward (13),"Anawmar St., Ward (13),, South Okkalapa Township, Yangon , Myanmar",01-8565798,Yangon,active,,https://www.edge.com.mm/listing/south-okkalapa-b-e-m-s-3-l48116.html
MMR013012-BEMS04,Basic Education Middle School No. 4 South Okkalapa (အမှတ် (4) အခြေခံပညာအလယ်တန်းကျောင်း တောင်ဥက္ကလာပ (အ.လ.က 4 တောင်ဥက္ကလာပ)),BEMS,South Okkalapa,MMR013012,Yangon Region,MMR013,township,Ward (3),"Thitsar Rd., Between 14th St. and 15th St., Ward (3),, South Okkalapa Township, Yangon , Myanmar",01-8565634,Yangon,active,,https://www.edge.com.mm/listing/south-okkalapa-b-e-m-s-4-l48132.html
MMR013012-BEMS05,Basic Education Middle School No. 5 South Okkalapa (အမှတ် (5) အခြေခံပညာအလယ်တန်းကျောင်း တောင်ဥက္ကလာပ (အ.လ.က 5 တောင်ဥက္ကလာပ)),BEMS,South Okkalapa,MMR013012,Yangon Region,MMR013,township,Ward (11),"Yarza Thingyan St., Corner of Waizayantar Rd., Ward (11),, South Okkalapa Township, Yangon , Myanmar",09-43173448,Yangon,active,,https://www.edge.com.mm/listing/south-okkalapa-b-e-m-s-5-l48122.html
MMR013012-BEMS06,Basic Education Middle School No. 6 South Okkalapa (အမှတ် (6) အခြေခံပညာအလယ်တန်းကျောင်း တောင်ဥက္ကလာပ (အ.လ.က 6 တောင်ဥက္ကလာပ)),BEMS,South Okkalapa,MMR013012,Yangon Region,MMR013,township,Ward (4),"Sa Ga St., Ward (4),, South Okkalapa Township, Yangon , Myanmar",01-8566172,Yangon,active,,https://www.edge.com.mm/listing/south-okkalapa-b-e-m-s-6-l48123.html
MMR013012-BEMS07,Basic Education Middle School No. 7 South Okkalapa (အမှတ် (7) အခြေခံပညာအလယ်တန်းကျောင်း တောင်ဥက္ကလာပ (အ.လ.က 7 တောင်ဥက္ကလာပ)),BEMS,South Okkalapa,MMR013012,Yangon Region,MMR013,township,Ward (5),"Than Thu Mar Rd., Corner of Parami Rd., Ward (5),, South Okkalapa Township, Yangon , Myanmar",09-799548134,Yangon,active,,https://www.edge.com.mm/listing/south-okkalapa-b-e-m-s-7-l48124.html
MMR013012-BEMS08,Basic Education Middle School No. 8 South Okkalapa (အမှတ် (8) အခြေခံပညာအလယ်တန်းကျောင်း တောင်ဥက္ကလာပ (အ.လ.က 8 တောင်ဥက္ကလာပ)),BEMS,South Okkalapa,MMR013012,Yangon Region,MMR013,township,Ward (13),"Yathawaddy St., Ward (13),, South Okkalapa Township, Yangon , Myanmar",01-8566764,Yangon,active,,https://www.edge.com.mm/listing/south-okkalapa-b-e-m-s-8-l00325350.html
MMR013012-BEPS10,Basic Education Primary School No. 10 South Okkalapa (အမှတ် (10) အခြေခံပညာမူလတန်းကျောင်း တောင်ဥက္ကလာပ (အ.မ.က 10 တောင်ဥက္ကလာပ)),BEPS,South Okkalapa,MMR013012,Yangon Region,MMR013,township,Ward (9),"Kyaw Thu 21st St., Ward (9),, South Okkalapa Township, Yangon , Myanmar",09-250172732,Yangon,active,,https://www.edge.com.mm/listing/south-okkalapa-b-e-p-s-10-l48142.html
MMR013012-BEPS11,Basic Education Primary School No. 11 South Okkalapa (အမှတ် (11) အခြေခံပညာမူလတန်းကျောင်း တောင်ဥက္ကလာပ (အ.မ.က 11 တောင်ဥက္ကလာပ)),BEPS,South Okkalapa,MMR013012,Yangon Region,MMR013,township,Ward (10),"Thitsar Rd., Ward (10),, South Okkalapa Township, Yangon , Myanmar",09-43119102,Yangon,active,,https://www.edge.com.mm/listing/south-okkalapa-b-e-p-s-11-l48143.html
MMR013012-BEPS12,Basic Education Primary School No. 12 South Okkalapa (အမှတ် (12) အခြေခံပညာမူလတန်းကျောင်း တောင်ဥက္ကလာပ (အ.မ.က 12 တောင်ဥက္ကလာပ)),BEPS,South Okkalapa,MMR013012,Yangon Region,MMR013,township,Ward (10),"Thitsar Rd., Ward (10),, South Okkalapa Township, Yangon , Myanmar",09-777423860,Yangon,active,,https://www.edge.com.mm/listing/south-okkalapa-b-e-p-s-12-l48144.html
MMR013012-BEPS13,Basic Education Primary School No. 13 South Okkalapa (အမှတ် (13) အခြေခံပညာမူလတန်းကျောင်း တောင်ဥက္ကလာပ (အ.မ.က 13 တောင်ဥက္ကလာပ)),BEPS,South Okkalapa,MMR013012,Yangon Region,MMR013,township,Ward (11),"9th St., Ward (11),, South Okkalapa Township, Yangon , Myanmar",09-31122661,Yangon,active,,https://www.edge.com.mm/listing/south-okkalapa-b-e-p-s-13-l48145.html
MMR013012-BEPS14,Basic Education Primary School No. 14 South Okkalapa (အမှတ် (14) အခြေခံပညာမူလတန်းကျောင်း တောင်ဥက္ကလာပ (အ.မ.က 14 တောင်ဥက္ကလာပ)),BEPS,South Okkalapa,MMR013012,Yangon Region,MMR013,township,Ward (12),"Barani St., Ward (12),, South Okkalapa Township, Yangon , Myanmar",09-421065914,Yangon,active,,https://www.edge.com.mm/listing/south-okkalapa-b-e-p-s-14-l00325384.html
MMR013012-BEPS15,Basic Education Primary School No. 15 South Okkalapa (အမှတ် (15) အခြေခံပညာမူလတန်းကျောင်း တောင်ဥက္ကလာပ (အ.မ.က 15 တောင်ဥက္ကလာပ)),BEPS,South Okkalapa,MMR013012,Yangon Region,MMR013,township,Ward (10),"Atthaka 25th St., Corner of Atthaka St., Ward (10),, South Okkalapa Township, Yangon , Myanmar",09-793801284,Yangon,active,,https://www.edge.com.mm/listing/south-okkalapa-b-e-p-s-15-l48147.html
MMR013012-BEPS16,Basic Education Primary School No. 16 South Okkalapa (အမှတ် (16) အခြေခံပညာမူလတန်းကျောင်း တောင်ဥက္ကလာပ (အ.မ.က 16 တောင်ဥက္ကလာပ)),BEPS,South Okkalapa,MMR013012,Yangon Region,MMR013,township,Ward (13),"Mingalar St., Ward (13),, South Okkalapa Township, Yangon , Myanmar",09-796869740,Yangon,active,,https://www.edge.com.mm/listing/south-okkalapa-b-e-p-s-16-l00325386.html
MMR013012-BEPS17,Basic Education Primary School No. 17 South Okkalapa (အမှတ် (17) အခြေခံပညာမူလတန်းကျောင်း တောင်ဥက္ကလာပ (အ.မ.က 17 တောင်ဥက္ကလာပ)),BEPS,South Okkalapa,MMR013012,Yangon Region,MMR013,township,Ward (13),"Daiwa Daha St., Ward (13),, South Okkalapa Township, Yangon , Myanmar",09-420172780,Yangon,active,,https://www.edge.com.mm/listing/south-okkalapa-b-e-p-s-17-l48149.html
MMR013012-BEPS18,Basic Education Primary School No. 18 South Okkalapa (အမှတ် (18) အခြေခံပညာမူလတန်းကျောင်း တောင်ဥက္ကလာပ (အ.မ.က 18 တောင်ဥက္ကလာပ)),BEPS,South Okkalapa,MMR013012,Yangon Region,MMR013,township,Ward (13),"Warunar 6th St., Ward (13),, South Okkalapa Township, Yangon , Myanmar",09-799941401,Yangon,active,,https://www.edge.com.mm/listing/south-okkalapa-b-e-p-s-18-l48150.html
MMR013012-BEPS01,Basic Education Primary School No. 1 South Okkalapa (အမှတ် (1) အခြေခံပညာမူလတန်းကျောင်း တောင်ဥက္ကလာပ (အ.မ.က 1 တောင်ဥက္ကလာပ)),BEPS,South Okkalapa,MMR013012,Yangon Region,MMR013,township,Ward (4),"Thuta 2nd St., Ward (4),, South Okkalapa Township, Yangon , Myanmar",09-5161837,Yangon,active,,https://www.edge.com.mm/listing/south-okkalapa-b-e-p-s-1-l48133.html
MMR013012-BEPS20,Basic Education Primary School No. 20 South Okkalapa (အမှတ် (20) အခြေခံပညာမူလတန်းကျောင်း တောင်ဥက္ကလာပ (အ.မ.က 20 တောင်ဥက္ကလာပ)),BEPS,South Okkalapa,MMR013012,Yangon Region,MMR013,township,Ward (15),"Myin Thar 3rd St., Ward (15),, South Okkalapa Township, Yangon , Myanmar",09-793848503,Yangon,active,,https://www.edge.com.mm/listing/south-okkalapa-b-e-p-s-20-l48151.html
MMR013012-BEPS21,Basic Education Primary School No. 21 South Okkalapa (အမှတ် (21) အခြေခံပညာမူလတန်းကျောင်း တောင်ဥက္ကလာပ (အ.မ.က 21 တောင်ဥက္ကလာပ)),BEPS,South Okkalapa,MMR013012,Yangon Region,MMR013,township,Ward (6),"Hanthawaddy St., Ward (6),, South Okkalapa Township, Yangon , Myanmar",09-420100236,Yangon,active,,https://www.edge.com.mm/listing/south-okkalapa-b-e-p-s-21-l48152.html
MMR013012-BEPS22,Basic Education Primary School No. 22 South Okkalapa (အမှတ် (22) အခြေခံပညာမူလတန်းကျောင်း တောင်ဥက္ကလာပ (အ.မ.က 22 တောင်ဥက္ကလာပ)),BEPS,South Okkalapa,MMR013012,Yangon Region,MMR013,township,Ward (4),"Thila St., Ward (4),, South Okkalapa Township, Yangon , Myanmar",09-795654792,Yangon,active,,https://www.edge.com.mm/listing/south-okkalapa-b-e-p-s-22-l48153.html
MMR013012-BEPS23,Basic Education Primary School No. 23 South Okkalapa (အမှတ် (23) အခြေခံပညာမူလတန်းကျောင်း တောင်ဥက္ကလာပ (အ.မ.က 23 တောင်ဥက္ကလာပ)),BEPS,South Okkalapa,MMR013012,Yangon Region,MMR013,township,Ward (7),"Byamaso Rd., Ward (7),, South Okkalapa Township, Yangon , Myanmar",09-799311471,Yangon,active,,https://www.edge.com.mm/listing/south-okkalapa-b-e-p-s-23-l48154.html
MMR013012-BEPS24,Basic Education Primary School No. 24 South Okkalapa (အမှတ် (24) အခြေခံပညာမူလတန်းကျောင်း တောင်ဥက္ကလာပ (အ.မ.က 24 တောင်ဥက္ကလာပ)),BEPS,South Okkalapa,MMR013012,Yangon Region,MMR013,township,Ward (3),"11th St., Ward (3),, South Okkalapa Township, Yangon , Myanmar",09-421020668,Yangon,active,,https://www.edge.com.mm/listing/south-okkalapa-b-e-p-s-24-l48155.html
MMR013012-BEPS25,Basic Education Primary School No. 25 South Okkalapa (အမှတ် (25) အခြေခံပညာမူလတန်းကျောင်း တောင်ဥက္ကလာပ (အ.မ.က 25 တောင်ဥက္ကလာပ)),BEPS,South Okkalapa,MMR013012,Yangon Region,MMR013,township,Ward (5),"Pinn Ya St., Ward (5),, South Okkalapa Township, Yangon , Myanmar",09-788356376,Yangon,active,,https://www.edge.com.mm/listing/south-okkalapa-b-e-p-s-25-l48156.html
MMR013012-BEPS26,Basic Education Primary School No. 26 South Okkalapa (အမှတ် (26) အခြေခံပညာမူလတန်းကျောင်း တောင်ဥက္ကလာပ (အ.မ.က 26 တောင်ဥက္ကလာပ)),BEPS,South Okkalapa,MMR013012,Yangon Region,MMR013,township,Ward (14/2),"Moe Swe St., Ward (14/2),, South Okkalapa Township, Yangon , Myanmar",09-252632195,Yangon,active,,https://www.edge.com.mm/listing/south-okkalapa-b-e-p-s-26-l48157.html
MMR013012-BEPS27,Basic Education Primary School No. 27 South Okkalapa (အမှတ် (27) အခြေခံပညာမူလတန်းကျောင်း တောင်ဥက္ကလာပ (အ.မ.က 27 တောင်ဥက္ကလာပ)),BEPS,South Okkalapa,MMR013012,Yangon Region,MMR013,township,Ward (14/1),"Mya Lay St., Ward (14/1),, South Okkalapa Township, Yangon , Myanmar",09-448043292,Yangon,active,,https://www.edge.com.mm/listing/south-okkalapa-b-e-p-s-27-l48126.html
MMR013012-BEPS28,Basic Education Primary School No. 28 South Okkalapa (အမှတ် (28) အခြေခံပညာမူလတန်းကျောင်း တောင်ဥက္ကလာပ (အ.မ.က 28 တောင်ဥက္ကလာပ)),BEPS,South Okkalapa,MMR013012,Yangon Region,MMR013,township,Ward (9),"Zarni 13th St., Ward (9),, South Okkalapa Township, Yangon , Myanmar",09-424281847,Yangon,active,,https://www.edge.com.mm/listing/south-okkalapa-b-e-p-s-28-l48127.html
MMR013012-BEPS29,Basic Education Primary School No. 29 South Okkalapa (အမှတ် (29) အခြေခံပညာမူလတန်းကျောင်း တောင်ဥက္ကလာပ (အ.မ.က 29 တောင်ဥက္ကလာပ)),BEPS,South Okkalapa,MMR013012,Yangon Region,MMR013,township,Ward (12),"Mar Ga St., Ward (12),, South Okkalapa Township, Yangon , Myanmar",09-452979204,Yangon,active,,https://www.edge.com.mm/listing/south-okkalapa-b-e-p-s-29-l48128.html
MMR013012-BEPS02,Basic Education Primary School No. 2 South Okkalapa (အမှတ် (2) အခြေခံပညာမူလတန်းကျောင်း တောင်ဥက္ကလာပ (အ.မ.က 2 တောင်ဥက္ကလာပ)),BEPS,South Okkalapa,MMR013012,Yangon Region,MMR013,township,Ward (4),"Thila St., Corner of Thuta St., Ward (4),, South Okkalapa Township, Yangon , Myanmar",09-420181073,Yangon,active,,https://www.edge.com.mm/listing/south-okkalapa-b-e-p-s-2-l48134.html
MMR013012-BEPS31,Basic Education Primary School No. 31 South Okkalapa (အမှတ် (31) အခြေခံပညာမူလတန်းကျောင်း တောင်ဥက္ကလာပ (အ.မ.က 31 တောင်ဥက္ကလာပ)),BEPS,South Okkalapa,MMR013012,Yangon Region,MMR013,township,Ward (14/3),"Karamet St., Ward (14/3),, South Okkalapa Township, Yangon , Myanmar",09-443057900,Yangon,active,,https://www.edge.com.mm/listing/south-okkalapa-b-e-p-s-31-l48129.html
MMR013012-BEPS32,Basic Education Primary School No. 32 South Okkalapa (အမှတ် (32) အခြေခံပညာမူလတန်းကျောင်း တောင်ဥက္ကလာပ (အ.မ.က 32 တောင်ဥက္ကလာပ)),BEPS,South Okkalapa,MMR013012,Yangon Region,MMR013,township,Ward (13),"Daiwa Daha St., Ward (13),, South Okkalapa Township, Yangon , Myanmar",09-400495201,Yangon,active,,https://www.edge.com.mm/listing/south-okkalapa-b-e-p-s-32-l48130.html
MMR013012-BEPS03,Basic Education Primary School No. 3 South Okkalapa (အမှတ် (3) အခြေခံပညာမူလတန်းကျောင်း တောင်ဥက္ကလာပ (အ.မ.က 3 တောင်ဥက္ကလာပ)),BEPS,South Okkalapa,MMR013012,Yangon Region,MMR013,township,Ward (5),"Tagaung St., Ward (5),, South Okkalapa Township, Yangon , Myanmar","09-31333025, 09-31552400",Yangon,active,,https://www.edge.com.mm/listing/south-okkalapa-b-e-p-s-3-l48135.html
MMR013012-BEPS04,Basic Education Primary School No. 4 South Okkalapa (အမှတ် (4) အခြေခံပညာမူလတန်းကျောင်း တောင်ဥက္ကလာပ (အ.မ.က 4 တောင်ဥက္ကလာပ)),BEPS,South Okkalapa,MMR013012,Yangon Region,MMR013,township,Ward (15),"Than Thu Mar Rd., Ward (15),, South Okkalapa Township, Yangon , Myanmar",09-448043982,Yangon,active,,https://www.edge.com.mm/listing/south-okkalapa-b-e-p-s-4-l48136.html
MMR013012-BEPS05,Basic Education Primary School No. 5 South Okkalapa (အမှတ် (5) အခြေခံပညာမူလတန်းကျောင်း တောင်ဥက္ကလာပ (အ.မ.က 5 တောင်ဥက္ကလာပ)),BEPS,South Okkalapa,MMR013012,Yangon Region,MMR013,township,Ward (5),"Kaytumarlar St., Ward (5),, South Okkalapa Township, Yangon , Myanmar",09-420118711,Yangon,active,,https://www.edge.com.mm/listing/south-okkalapa-b-e-p-s-5-l48137.html
MMR013012-BEPS06,Basic Education Primary School No. 6 South Okkalapa (အမှတ် (6) အခြေခံပညာမူလတန်းကျောင်း တောင်ဥက္ကလာပ (အ.မ.က 6 တောင်ဥက္ကလာပ)),BEPS,South Okkalapa,MMR013012,Yangon Region,MMR013,township,Ward (6),"Innwa 9th St., Ward (6),, South Okkalapa Township, Yangon , Myanmar",09-250172723,Yangon,active,,https://www.edge.com.mm/listing/south-okkalapa-b-e-p-s-6-l00325368.html
MMR013012-BEPS07,Basic Education Primary School No. 7 South Okkalapa (အမှတ် (7) အခြေခံပညာမူလတန်းကျောင်း တောင်ဥက္ကလာပ (အ.မ.က 7 တောင်ဥက္ကလာပ)),BEPS,South Okkalapa,MMR013012,Yangon Region,MMR013,township,Ward (7),"Yarzadirit St., Ward (7),, South Okkalapa Township, Yangon , Myanmar",09-978119642,Yangon,active,,https://www.edge.com.mm/listing/south-okkalapa-b-e-p-s-7-l00325370.html
MMR013012-BEPS08,Basic Education Primary School No. 8 South Okkalapa (အမှတ် (8) အခြေခံပညာမူလတန်းကျောင်း တောင်ဥက္ကလာပ (အ.မ.က 8 တောင်ဥက္ကလာပ)),BEPS,South Okkalapa,MMR013012,Yangon Region,MMR013,township,Ward (7),"Byamaso Rd., Ward (7),, South Okkalapa Township, Yangon , Myanmar",09-784479461,Yangon,active,,https://www.edge.com.mm/listing/south-okkalapa-b-e-p-s-8-l00325373.html
MMR013012-BEPS09,Basic Education Primary School No. 9 South Okkalapa (အမှတ် (9) အခြေခံပညာမူလတန်းကျောင်း တောင်ဥက္ကလာပ (အ.မ.က 9 တောင်ဥက္ကလာပ)),BEPS,South Okkalapa,MMR013012,Yangon Region,MMR013,township,,"Set Hmu 3rd St., Industrial Zone,, South Okkalapa Township, Yangon , Myanmar",09-444899181,Yangon,active,,https://www.edge.com.mm/listing/south-okkalapa-b-e-p-s-9-l48141.html
MMR013012-PV05,South Okkalapa Pre-Priamry School,PV,South Okkalapa,MMR013012,Yangon Region,MMR013,township,Ward (6),"147, Thitsar Rd., Corner of Innwa St., Ward (6),, South Okkalapa Township, Yangon , Myanmar","09-770052775, 09-420747049",Yangon,active,,https://www.edge.com.mm/listing/south-okkalapa-pre-priamry-school-l129073.html
MMR009004-PV03,Sport & Education Hight School,PV,Chanmyathazi,MMR009004,Mandalay Region,MMR009,township,,"73th St., Between 103th St. [Thazin St.] and 107th St. [Ngu Shwe Wah St.], Myo Thit (1),, Chan Mya Tharsi Township, Mandalay , Myanmar","02-4080936, 02-2848650, 02-2848649",Mandalay,active,,https://www.edge.com.mm/listing/sport-education-hight-school-u25245578.html
MMR005003-BEHS01,Basic Education High School Chaung-U (အခြေခံပညာအထက်တန်းကျောင်း ချောင်းဦး),BEHS,Chaung-U,MMR005003,Sagaing Region,MMR005,township,Myoth Ma Ward,"Mandalay-Monywa St, Myoth Ma Ward,, Chaung-U Township, Sagaing , Myanmar",071-2045272,Sagaing,active,,https://www.edge.com.mm/listing/state-high-school-u25246307.html
MMR008001-BEHS01,Basic Education High School Magway (အခြေခံပညာအထက်တန်းကျောင်း မကွေး),BEHS,Magway,MMR008001,Magway Region,MMR008,township,No(1) Ward,"Min St, No(1) Ward,, Saku, Magway , Myanmar",065-40268,Magway,active,,https://www.edge.com.mm/listing/state-high-school-saku-u25232695.html
MMR005001-BEHS02,Basic Education High School Sagaing (အခြေခံပညာအထက်တန်းကျောင်း စစ်ကိုင်း),BEHS,Sagaing,MMR005001,Sagaing Region,MMR005,township,Htut Khaung Ward,"Sagaing-Min Kon St, Htut Khaung Ward, Tawta Pan Ward,, Sagaing Township, Sagaing , Myanmar","09-791533722, 09-975187102",Sagaing,active,,https://www.edge.com.mm/listing/state-high-school-buddhist-education-center-u00431367.html
MMR008011-BEHS01,Basic Education High School Seikphyu (အခြေခံပညာအထက်တန်းကျောင်း ဆိပ်ဖြူ),BEHS,Seikphyu,MMR008011,Magway Region,MMR008,township,Koe Htauk Village,"Koe Htauk Village,, Sekphyu Township, Magway , Myanmar",09-970636560,Magway,active,,https://www.edge.com.mm/listing/state-high-school-koe-taunt-u25232786.html
MMR008014-BEHS02,Basic Education High School Yenangyaung (အခြေခံပညာအထက်တန်းကျောင်း ရေနံချောင်း),BEHS,Yenangyaung,MMR008014,Magway Region,MMR008,township,Sone Tite Ward,"Lan Mataw St, Sone Tite Ward,, Yenangyaung Township, Magway , Myanmar",060-8821688,Magway,active,,https://www.edge.com.mm/listing/state-high-school-lail-paw-u25232530.html
MMR008006-BEHS01,Basic Education High School Myaing (အခြေခံပညာအထက်တန်းကျောင်း မြိုင်),BEHS,Myaing,MMR008006,Magway Region,MMR008,township,No(1) Ward,"No(1) Ward,, Myaing Township, Magway , Myanmar",062-40032,Magway,active,,https://www.edge.com.mm/listing/state-high-school-myoma-u25232577.html
MMR008011-BEHS02,Basic Education High School Seikphyu (အခြေခံပညာအထက်တန်းကျောင်း ဆိပ်ဖြူ),BEHS,Seikphyu,MMR008011,Magway Region,MMR008,township,West Ward,"Ahnaw Yahtar St, West Ward,, Sekphyu Township, Magway , Myanmar","061-30366, 09-257074091",Magway,active,,https://www.edge.com.mm/listing/state-high-school-sate-phyu-u25232785.html
MMR008014-BEHS03,Basic Education High School Yenangyaung (အခြေခံပညာအထက်တန်းကျောင်း ရေနံချောင်း),BEHS,Yenangyaung,MMR008014,Magway Region,MMR008,township,Ywar Thit Ward,"Ywar Thit Ward,, Yenangyaung Township, Magway , Myanmar",060-8821570,Magway,active,,https://www.edge.com.mm/listing/state-high-school-wat-chate-u25232529.html
MMR005007-BEHS02,Basic Education High School No. 2 Tamu (အမှတ် (2) အခြေခံပညာအထက်တန်းကျောင်း တမူး (အ.ထ.က 2 တမူး)),BEHS,Tamu,MMR005007,Sagaing Region,MMR005,township,Sandagu Ward,"Ahloungphayar St, Campu(2), Sandagu Ward,, Tamu Township, Sagaing , Myanmar",09-447078530,Sagaing,active,,https://www.edge.com.mm/listing/state-high-school-2-u369628.html
MMR005009-BEHS01,Basic Education High School Tigyaing (အခြေခံပညာအထက်တန်းကျောင်း ထီးချိုင့်),BEHS,Tigyaing,MMR005009,Sagaing Region,MMR005,township,No(2) Ward,"Bochope St, No(2) Ward,, Tigyaing Township, Sagaing , Myanmar",075-60446,Sagaing,active,,https://www.edge.com.mm/listing/state-high-school-hteegyaint-u25236407.html
MMR008013-BEHS01,Basic Education High School Tilin (အခြေခံပညာအထက်တန်းကျောင်း ထီးလင်း),BEHS,Tilin,MMR008013,Magway Region,MMR008,township,No(2)Ward,"Lan Ma Taw St, No(2)Ward,, Tilin Township, Magway , Myanmar",09-402740718,Magway,active,,https://www.edge.com.mm/listing/state-high-school-hteelin-u25232871.html
MMR008003-BEHS01,Basic Education High School Kammar (အခြေခံပညာအထက်တန်းကျောင်း ကမ္မ),BEHS,Kammar,MMR008003,Magway Region,MMR008,township,No(4)Ward,"Ba Yint Naung St, No(4)Ward,, Kamma Township, Magway , Myanmar",068-50144,Magway,active,,https://www.edge.com.mm/listing/state-high-school-kanma-u25232474.html
MMR009011-BEHS01,Basic Education High School Myittha (Kume) (အခြေခံပညာအထက်တန်းကျောင်း မြစ်သား (ကူမဲ)),BEHS,Myittha (Kume),MMR009011,Mandalay Region,MMR009,township,Lan Mataw Ward,"Yangon-Mandalay St, Lan Mataw Ward, No(1) Ward,, Kume, Mandalay , Myanmar",066-2062130,Mandalay,active,,https://www.edge.com.mm/listing/state-high-school-kume-u409811.html
MMR009008-BEHS01,Basic Education High School Madaya (အခြေခံပညာအထက်တန်းကျောင်း မတ္တရာ),BEHS,Madaya,MMR009008,Mandalay Region,MMR009,township,Kyauk Tadar Village,"Mandalay-Mogoke St, Kyauk Tadar Village,, Madayar Township, Mandalay , Myanmar",09-444007188,Mandalay,active,,https://www.edge.com.mm/listing/state-high-school-kyauk-tadar-u410313.html
MMR008003-BEHS02,Basic Education High School Kammar (အခြေခံပညာအထက်တန်းကျောင်း ကမ္မ),BEHS,Kammar,MMR008003,Magway Region,MMR008,township,Kyoe Pin Village,"Pathein-Monywa St, Kyoe Pin Village,, Kamma Township, Magway , Myanmar",09-259150628,Magway,active,,https://www.edge.com.mm/listing/state-high-school-kyothpin-u25232476.html
MMR005005-BEHS01,Basic Education High School Kalewa (အခြေခံပညာအထက်တန်းကျောင်း ကလေးဝ),BEHS,Kalewa,MMR005005,Sagaing Region,MMR005,township,Ma Sein San Pya Village,"Ma Sein San Pya Village,, Kalewa Township, Sagaing , Myanmar",09-256190464,Sagaing,active,,https://www.edge.com.mm/listing/state-high-school-ma-sain-u25246536.html
MMR005005-BEHS02,Basic Education High School Kalewa (အခြေခံပညာအထက်တန်းကျောင်း ကလေးဝ),BEHS,Kalewa,MMR005005,Sagaing Region,MMR005,township,Ma Sein San Pya Village,"Ma Sein San Pya Village,, Kalewa Township, Sagaing , Myanmar",09-256190464,Sagaing,active,,https://www.edge.com.mm/listing/state-high-school-masein-u25234951.html
MMR008005-BEHS01,Basic Education High School Mindon (အခြေခံပညာအထက်တန်းကျောင်း မင်းတုန်း),BEHS,Mindon,MMR008005,Magway Region,MMR008,township,No(3)Ward,"No(3)Ward,, Mindon Township, Magway , Myanmar",068-40078,Magway,active,,https://www.edge.com.mm/listing/state-high-school-mindon-u25232441.html
MMR008006-BEHS02,Basic Education High School Myaing (အခြေခံပညာအထက်တန်းကျောင်း မြိုင်),BEHS,Myaing,MMR008006,Magway Region,MMR008,township,No(2) Ward,"Myaing-Pakhokku St, No(2) Ward,, Myaing Township, Magway , Myanmar",062-40031,Magway,active,,https://www.edge.com.mm/listing/state-high-school-myaing-u25232576.html
MMR009006-BEHS04,Basic Education High School Amarapura (Myintnge) (အခြေခံပညာအထက်တန်းကျောင်း အမရပူရ (မြစ်ငယ်)),BEHS,Amarapura (Myintnge),MMR009006,Mandalay Region,MMR009,township,Tapin Shwe Htee Ward,"Factory St, Tapin Shwe Htee Ward,, Myintnge, Mandalay , Myanmar",02-55071,Mandalay,active,,https://www.edge.com.mm/listing/state-high-school-myit-ngal-u411169.html
MMR009011-BEHS02,Basic Education High School Myittha (အခြေခံပညာအထက်တန်းကျောင်း မြစ်သား),BEHS,Myittha,MMR009011,Mandalay Region,MMR009,township,Shwe Thu Htay Ward,"Panya Theikpan St, Shwe Thu Htay Ward,, Myittha Township, Mandalay , Myanmar",066-60347,Mandalay,active,,https://www.edge.com.mm/listing/state-high-school-myitthar-u409810.html
MMR009009-BEHS01,Basic Education High School Sintgaing (အခြေခံပညာအထက်တန်းကျောင်း စဉ့်ကိုင်),BEHS,Sintgaing,MMR009009,Mandalay Region,MMR009,township,Zay Kowithit Ward,"Factory St, Zay Kowithit Ward,, Sintgaing Township, Mandalay , Myanmar",066-2042006,Mandalay,active,,https://www.edge.com.mm/listing/state-high-school-palate-u410971.html
MMR008014-BEHS04,Basic Education High School Yenangyaung (အခြေခံပညာအထက်တန်းကျောင်း ရေနံချောင်း),BEHS,Yenangyaung,MMR008014,Magway Region,MMR008,township,,"Full Address, Yenangyaung Township, Magway , Myanmar",09-781102293,Magway,active,,https://www.edge.com.mm/listing/state-high-school-phar-kone-u25232532.html
MMR008010-BEHS01,Basic Education High School Salin (အခြေခံပညာအထက်တန်းကျောင်း စလင်း),BEHS,Salin,MMR008010,Magway Region,MMR008,township,Myin Tin Ward,"North Myoth Ma Market, Myin Tin Ward,, Salin Township, Magway , Myanmar",063-42350,Magway,active,,https://www.edge.com.mm/listing/state-high-school-salin-u25232740.html
MMR009009-BEHS02,Basic Education High School Sintgaing (အခြေခံပညာအထက်တန်းကျောင်း စဉ့်ကိုင်),BEHS,Sintgaing,MMR009009,Mandalay Region,MMR009,township,Myothit Ward,"Myothit Ward,, Sintgaing Township, Mandalay , Myanmar",066-40007,Mandalay,active,,https://www.edge.com.mm/listing/state-high-school-sint-gaing-u410629.html
MMR009012-BEHS01,Basic Education High School Tada-U (အခြေခံပညာအထက်တန်းကျောင်း တံတားဦး),BEHS,Tada-U,MMR009012,Mandalay Region,MMR009,township,Thar Gaung Ward,"Kyaung St, Thar Gaung Ward, No(1)Ward,, Tada-U Township, Mandalay , Myanmar",066-44318,Mandalay,active,,https://www.edge.com.mm/listing/state-high-school-tadaroo-u410314.html
MMR008014-BEHS05,Basic Education High School Yenangyaung (အခြေခံပညာအထက်တန်းကျောင်း ရေနံချောင်း),BEHS,Yenangyaung,MMR008014,Magway Region,MMR008,township,Myoth Ma Myouk Ward,"Myoth Ma Myouk Ward,, Yenangyaung Township, Magway , Myanmar",09-440230769,Magway,active,,https://www.edge.com.mm/listing/state-high-school-thapyay-u25232533.html
MMR008014-BEHS06,Basic Education High School Yenangyaung (အခြေခံပညာအထက်တန်းကျောင်း ရေနံချောင်း),BEHS,Yenangyaung,MMR008014,Magway Region,MMR008,township,Twin Kone Ward,"Lan Mataw St, Twin Kone Ward,, Yenangyaung Township, Magway , Myanmar",09-250250977,Magway,active,,https://www.edge.com.mm/listing/state-high-school-twin-kone-u25232531.html
MMR008003-BEHS03,Basic Education High School Kammar (အခြေခံပညာအထက်တန်းကျောင်း ကမ္မ),BEHS,Kammar,MMR008003,Magway Region,MMR008,township,Yae Nant Thar Village,"Kamma-Thayat St, Yae Nant Thar Village,, Kamma Township, Magway , Myanmar","09-458686855, 09-440230496",Magway,active,,https://www.edge.com.mm/listing/state-high-school-yaynant-thar-u25232473.html
MMR009011-PV01,State Hight School[Kume],PV,Myittha (Kume),MMR009011,Mandalay Region,MMR009,township,Lan Mataw Ward,"Yangon-Mandalay St, Lan Mataw Ward, No(1) Ward,, Kume, Mandalay , Myanmar",066-2062130,Mandalay,active,,https://www.edge.com.mm/listing/state-hight-school-kume-u25247524.html
MMR008001-BEMS01,Basic Education Middle School Magway (အခြေခံပညာအလယ်တန်းကျောင်း မကွေး),BEMS,Magway,MMR008001,Magway Region,MMR008,township,No(2) Ward,"No(2) Ward,, Saku, Magway , Myanmar",,Magway,active,,https://www.edge.com.mm/listing/state-middle-school-saku-u25232696.html
MMR009006-BEPS34,Basic Education Primary School No. 34 Amarapura (Myintnge) (အမှတ် (34) အခြေခံပညာမူလတန်းကျောင်း အမရပူရ (မြစ်ငယ်) (အ.မ.က 34 အမရပူရ (မြစ်ငယ်))),BEPS,Amarapura (Myintnge),MMR009006,Mandalay Region,MMR009,township,Myint Long Ward,"Myint Long Ward,, Myintnge, Mandalay , Myanmar",09-797183865,Mandalay,active,,https://www.edge.com.mm/listing/state-primary-school-34-u411282.html
MMR008006-BEPS03,Basic Education Primary School No. 3 Myaing (အမှတ် (3) အခြေခံပညာမူလတန်းကျောင်း မြိုင် (အ.မ.က 3 မြိုင်)),BEPS,Myaing,MMR008006,Magway Region,MMR008,township,No(3) Ward,"Myaing-Kanma St, No(3) Ward,, Myaing Township, Magway , Myanmar",062-40020,Magway,active,,https://www.edge.com.mm/listing/state-primary-school-3-u25232578.html
MMR006003-BEHS01,Basic Education High School Tanintharyi (အခြေခံပညာအထက်တန်းကျောင်း တနင်္သာရီ),BEHS,Tanintharyi,MMR006003,Tanintharyi Region,MMR006,township,Chaung Gyi Ward,"Shwe Lake Pyar Rd., Chaung Gyi Ward,, Tanintharyi Township, Tanintharyi , Myanmar",09-49898694,Tanintharyi,active,,https://www.edge.com.mm/listing/tanintharyi-b-e-h-s-l00252537.html
MMR013015-BEHS10,Basic Education High School No. 10 Tamwe (အမှတ် (10) အခြေခံပညာအထက်တန်းကျောင်း တာမွေ (အ.ထ.က 10 တာမွေ)),BEHS,Tamwe,MMR013015,Yangon Region,MMR013,township,Byine Yay Oh Sin Kwet Thit Ward,"406, Banyar Dala Rd., Byine Yay Oh Sin Kwet Thit Ward,, Tarmwe Township, Yangon , Myanmar","01-555245, 09-798463668",Yangon,active,,https://www.edge.com.mm/listing/tarmwe-b-e-h-s-10-l44668.html
MMR013015-BEHS01,Basic Education High School No. 1 Tamwe (အမှတ် (1) အခြေခံပညာအထက်တန်းကျောင်း တာမွေ (အ.ထ.က 1 တာမွေ)),BEHS,Tamwe,MMR013015,Yangon Region,MMR013,township,Nat Mauk Ward,"2, Nat Mauk Rd., Nat Mauk Ward,, Tarmwe Township, Yangon , Myanmar","01-545622, 09-421048244",Yangon,active,,https://www.edge.com.mm/listing/tarmwe-b-e-h-s-1-l44667.html
MMR013015-BEHS02,Basic Education High School No. 2 Tamwe (အမှတ် (2) အခြေခံပညာအထက်တန်းကျောင်း တာမွေ (အ.ထ.က 2 တာမွေ)),BEHS,Tamwe,MMR013015,Yangon Region,MMR013,township,Kyauk Myaung (East) Ward,"Awbar St., Corner of Kyauk Yay Twin St., Kyauk Myaung (East) Ward,, Tarmwe Township, Yangon , Myanmar","01-542317, 09-43020769",Yangon,active,,https://www.edge.com.mm/listing/tarmwe-b-e-h-s-2-l00332058.html
MMR013015-BEHS03,Basic Education High School No. 3 Tamwe (အမှတ် (3) အခြေခံပညာအထက်တန်းကျောင်း တာမွေ (အ.ထ.က 3 တာမွေ)),BEHS,Tamwe,MMR013015,Yangon Region,MMR013,township,Tarmway Gyee (Kha) Ward,"East Race Course Rd., Tarmway Gyee (Kha) Ward,, Tarmwe Township, Yangon , Myanmar","01-400362, 09-5082695",Yangon,active,,https://www.edge.com.mm/listing/tarmwe-b-e-h-s-3-l44670.html
MMR013015-BEHS05,Basic Education High School No. 5 Tamwe (အမှတ် (5) အခြေခံပညာအထက်တန်းကျောင်း တာမွေ (အ.ထ.က 5 တာမွေ)),BEHS,Tamwe,MMR013015,Yangon Region,MMR013,township,Nat Mauk Ward,"131, Kyaikkasan Rd., Nat Mauk Ward,, Tarmwe Township, Yangon , Myanmar","01-545587, 09-5086834",Yangon,active,,https://www.edge.com.mm/listing/tarmwe-b-e-h-s-5-l44671.html
MMR013015-BEHS04,Basic Education High School Tamwe (အခြေခံပညာအထက်တန်းကျောင်း တာမွေ),BEHS,Tamwe,MMR013015,Yangon Region,MMR013,township,Tarmway Gyee (Kha) Ward,"South Race Course Rd., Tarmway Gyee (Kha) Ward,, Tarmwe Township, Yangon , Myanmar","01-400863, 09-421153532",Yangon,active,,https://www.edge.com.mm/listing/tarmwe-b-e-h-s-sport-physical-l177098.html
MMR013015-BEMS11,Basic Education Middle School No. 11 Tamwe (အမှတ် (11) အခြေခံပညာအလယ်တန်းကျောင်း တာမွေ (အ.လ.က 11 တာမွေ)),BEMS,Tamwe,MMR013015,Yangon Region,MMR013,township,Myittar Nyunt Ward,"Marlar Nwe St., Corner of Ohe Su 3rd St., Myittar Nyunt Ward,, Tarmwe Township, Yangon , Myanmar","01-555235, 09-5066365",Yangon,active,,https://www.edge.com.mm/listing/tarmwe-b-e-m-s-11-l44673.html
MMR013015-BEMS01,Basic Education Middle School No. 1 Tamwe (အမှတ် (1) အခြေခံပညာအလယ်တန်းကျောင်း တာမွေ (အ.လ.က 1 တာမွေ)),BEMS,Tamwe,MMR013015,Yangon Region,MMR013,township,Ma Hlwa Gone Htay Kywe Ward,"Thadi Pahtan St., Corner of Myoh Patt St., Ma Hlwa Gone Htay Kywe Ward,, Tarmwe Township, Yangon , Myanmar","01-554175, 09-421726081",Yangon,active,,https://www.edge.com.mm/listing/tarmwe-b-e-m-s-1-l44672.html
MMR013015-BEMS02,Basic Education Middle School No. 2 Tamwe (အမှတ် (2) အခြေခံပညာအလယ်တန်းကျောင်း တာမွေ (အ.လ.က 2 တာမွေ)),BEMS,Tamwe,MMR013015,Yangon Region,MMR013,township,Myittar Nyunt Ward,"Dagon Lwin St., Myittar Nyunt Ward,, Tarmwe Township, Yangon , Myanmar","01-545380, 09-448041069",Yangon,active,,https://www.edge.com.mm/listing/tarmwe-b-e-m-s-2-l44674.html
MMR013015-BEMS03,Basic Education Middle School No. 3 Tamwe (အမှတ် (3) အခြေခံပညာအလယ်တန်းကျောင်း တာမွေ (အ.လ.က 3 တာမွေ)),BEMS,Tamwe,MMR013015,Yangon Region,MMR013,township,Ma U Gone Ward,"133, 133th St., Corner of Maou Gone St., Ma U Gone Ward,, Tarmwe Township, Yangon , Myanmar","01-290071, 09-250285049",Yangon,active,,https://www.edge.com.mm/listing/tarmwe-b-e-m-s-3-l44675.html
MMR013015-BEPS01,Basic Education Primary School Tamwe (အခြေခံပညာမူလတန်းကျောင်း တာမွေ),BEPS,Tamwe,MMR013015,Yangon Region,MMR013,township,Kyauk Myaung Gyi Ward,"75, Aung Mingalar St., Kyauk Myaung Gyi Ward,, Tarmwe Township, Yangon , Myanmar",09-421047836,Yangon,active,,https://www.edge.com.mm/listing/tarmwe-b-e-p-s-5-l44626.html
MMR013015-BEPS10,Basic Education Primary School No. 10 Tamwe (အမှတ် (10) အခြေခံပညာမူလတန်းကျောင်း တာမွေ (အ.မ.က 10 တာမွေ)),BEPS,Tamwe,MMR013015,Yangon Region,MMR013,township,Pathein Nyunt Ward,"68/70, Thadi Pahtan St., Pathein Nyunt Ward,, Tarmwe Township, Yangon , Myanmar",09-420103486,Yangon,active,,https://www.edge.com.mm/listing/tarmwe-b-e-p-s-10-l44630.html
MMR013015-BEPS11,Basic Education Primary School No. 11 Tamwe (အမှတ် (11) အခြေခံပညာမူလတန်းကျောင်း တာမွေ (အ.မ.က 11 တာမွေ)),BEPS,Tamwe,MMR013015,Yangon Region,MMR013,township,Pathein Nyunt Ward,"88, Baya Thuddi St., Pathein Nyunt Ward,, Tarmwe Township, Yangon , Myanmar",09-448044010,Yangon,active,,https://www.edge.com.mm/listing/tarmwe-b-e-p-s-11-l44649.html
MMR013015-BEPS12,Basic Education Primary School No. 12 Tamwe (အမှတ် (12) အခြေခံပညာမူလတန်းကျောင်း တာမွေ (အ.မ.က 12 တာမွေ)),BEPS,Tamwe,MMR013015,Yangon Region,MMR013,township,Kyauk Myaung (East) Ward,"156, Aung Mingalar St., Corner of Ma Hlwa Gone St., Kyauk Myaung (East) Ward,, Tarmwe Township, Yangon , Myanmar","09-73035818, 09-31127692, 09-780999257",Yangon,active,,https://www.edge.com.mm/listing/tarmwe-b-e-p-s-12-l00331994.html
MMR013015-BEPS13,Basic Education Primary School No. 13 Tamwe (အမှတ် (13) အခြေခံပညာမူလတန်းကျောင်း တာမွေ (အ.မ.က 13 တာမွေ)),BEPS,Tamwe,MMR013015,Yangon Region,MMR013,township,Byine Yay Oh Sin Ywar Ma Ward,"151th St., Byine Yay Oh Sin Ywar Ma Ward,, Tarmwe Township, Yangon , Myanmar",09-456540796,Yangon,active,,https://www.edge.com.mm/listing/tarmwe-b-e-p-s-13-l44632.html
MMR013015-BEPS14,Basic Education Primary School No. 14 Tamwe (အမှတ် (14) အခြေခံပညာမူလတန်းကျောင်း တာမွေ (အ.မ.က 14 တာမွေ)),BEPS,Tamwe,MMR013015,Yangon Region,MMR013,township,Byine Yay Oh Sin Kwet Thit Ward,"7, Aung Marga St., Byine Yay Oh Sin Kwet Thit Ward,, Tarmwe Township, Yangon , Myanmar","09-421099058, 09-799573769",Yangon,active,,https://www.edge.com.mm/listing/tarmwe-b-e-p-s-14-l44633.html
MMR013015-BEPS15,Basic Education Primary School No. 15 Tamwe (အမှတ် (15) အခြေခံပညာမူလတန်းကျောင်း တာမွေ (အ.မ.က 15 တာမွေ)),BEPS,Tamwe,MMR013015,Yangon Region,MMR013,township,Tarmway Gyee (Ka/Ga-Nge) Ward,"75, Thamain Bayan Rd., Infront Of Tarmwe Plaza, Tarmway Gyee (Ka/Ga-Nge) Ward,, Tarmwe Township, Yangon , Myanmar","09-420006274, 09-770037229",Yangon,active,,https://www.edge.com.mm/listing/tarmwe-b-e-p-s-15-l44634.html
MMR013015-BEPS17,Basic Education Primary School No. 17 Tamwe (အမှတ် (17) အခြေခံပညာမူလတန်းကျောင်း တာမွေ (အ.မ.က 17 တာမွေ)),BEPS,Tamwe,MMR013015,Yangon Region,MMR013,township,Pyar Yae Gone Ward,"28, 148th St., Corner of Pyar Yee Gone St., Pyar Yae Gone Ward,, Tarmwe Township, Yangon , Myanmar",09-420168489,Yangon,active,,https://www.edge.com.mm/listing/tarmwe-b-e-p-s-17-l44635.html
MMR013015-BEPS18,Basic Education Primary School No. 18 Tamwe (အမှတ် (18) အခြေခံပညာမူလတန်းကျောင်း တာမွေ (အ.မ.က 18 တာမွေ)),BEPS,Tamwe,MMR013015,Yangon Region,MMR013,township,Tarmway Gyee (Kha) Ward,"7, South Race Course Rd., Tarmway Gyee (Kha) Ward,, Tarmwe Township, Yangon , Myanmar",09-254205738,Yangon,active,,https://www.edge.com.mm/listing/tarmwe-b-e-p-s-18-l44636.html
MMR013015-BEPS19,Basic Education Primary School No. 19 Tamwe (အမှတ် (19) အခြေခံပညာမူလတန်းကျောင်း တာမွေ (အ.မ.က 19 တာမွေ)),BEPS,Tamwe,MMR013015,Yangon Region,MMR013,township,Tarmway Gyee (Kha) Ward,"26/28, 165th St., Tarmway Gyee (Kha) Ward,, Tarmwe Township, Yangon , Myanmar",09-455533320,Yangon,active,,https://www.edge.com.mm/listing/tarmwe-b-e-p-s-19-l44637.html
MMR013015-BEPS21,Basic Education Primary School No. 21 Tamwe (အမှတ် (21) အခြေခံပညာမူလတန်းကျောင်း တာမွေ (အ.မ.က 21 တာမွေ)),BEPS,Tamwe,MMR013015,Yangon Region,MMR013,township,Myittar Nyunt Ward,"Marlar Nwe St., Myittar Nyunt Ward,, Tarmwe Township, Yangon , Myanmar",09-799396614,Yangon,active,,https://www.edge.com.mm/listing/tarmwe-b-e-p-s-21-l44638.html
MMR013015-BEPS22,Basic Education Primary School No. 22 Tamwe (အမှတ် (22) အခြေခံပညာမူလတန်းကျောင်း တာမွေ (အ.မ.က 22 တာမွေ)),BEPS,Tamwe,MMR013015,Yangon Region,MMR013,township,Myittar Nyunt Ward,"Wunna Theingi St., Myittar Nyunt Ward,, Tarmwe Township, Yangon , Myanmar",09-899679965,Yangon,active,,https://www.edge.com.mm/listing/tarmwe-b-e-p-s-22-l00332000.html
MMR013015-BEPS23,Basic Education Primary School No. 23 Tamwe (အမှတ် (23) အခြေခံပညာမူလတန်းကျောင်း တာမွေ (အ.မ.က 23 တာမွေ)),BEPS,Tamwe,MMR013015,Yangon Region,MMR013,township,Tarmway Lay Ward,"3, Lay Daunt Kan Rd., Tarmway Lay Ward,, Tarmwe Township, Yangon , Myanmar",09-425286804,Yangon,active,,https://www.edge.com.mm/listing/tarmwe-b-e-p-s-23-l00332041.html
MMR013015-BEPS25,Basic Education Primary School No. 25 Tamwe (အမှတ် (25) အခြေခံပညာမူလတန်းကျောင်း တာမွေ (အ.မ.က 25 တာမွေ)),BEPS,Tamwe,MMR013015,Yangon Region,MMR013,township,Nat Chaung Ward,"26, Nat Chaung 2nd St., Nat Chaung Ward,, Tarmwe Township, Yangon , Myanmar","09-31127680, 09-448045365",Yangon,active,,https://www.edge.com.mm/listing/tarmwe-b-e-p-s-25-l44678.html
MMR013015-BEPS26,Basic Education Primary School No. 26 Tamwe (အမှတ် (26) အခြေခံပညာမူလတန်းကျောင်း တာမွေ (အ.မ.က 26 တာမွေ)),BEPS,Tamwe,MMR013015,Yangon Region,MMR013,township,Myittar Nyunt Ward,"63, Ah Wai Yar St., Myittar Nyunt Ward,, Tarmwe Township, Yangon , Myanmar",09-457304674,Yangon,active,,https://www.edge.com.mm/listing/tarmwe-b-e-p-s-26-l44642.html
MMR013015-BEPS27,Basic Education Primary School No. 27 Tamwe (အမှတ် (27) အခြေခံပညာမူလတန်းကျောင်း တာမွေ (အ.မ.က 27 တာမွေ)),BEPS,Tamwe,MMR013015,Yangon Region,MMR013,township,Ye Yeik Thar St.,"Ye Yeik Thar St., Near Police Avenue, Man Aung Ward,, Tarmwe Township, Yangon , Myanmar",09-421090923,Yangon,active,,https://www.edge.com.mm/listing/tarmwe-b-e-p-s-27-l44643.html
MMR013015-BEPS28,Basic Education Primary School No. 28 Tamwe (အမှတ် (28) အခြေခံပညာမူလတန်းကျောင်း တာမွေ (အ.မ.က 28 တာမွေ)),BEPS,Tamwe,MMR013015,Yangon Region,MMR013,township,Kyarr Kwet Thit Ward,"56, Dhama Wi Ha Ra St., Corner of Kyar Kwet Thit St., Kyarr Kwet Thit Ward,, Tarmwe Township, Yangon , Myanmar",09-777119827,Yangon,active,,https://www.edge.com.mm/listing/tarmwe-b-e-p-s-28-l44650.html
MMR013015-BEPS02,Basic Education Primary School No. 2 Tamwe (အမှတ် (2) အခြေခံပညာမူလတန်းကျောင်း တာမွေ (အ.မ.က 2 တာမွေ)),BEPS,Tamwe,MMR013015,Yangon Region,MMR013,township,Ma U Gone Ward,"60/64, 134th St., Corner of 141th St., Ma U Gone Ward,, Tarmwe Township, Yangon , Myanmar",09-5186373,Yangon,active,,https://www.edge.com.mm/listing/tarmwe-b-e-p-s-2-l44625.html
MMR013015-BEPS30,Basic Education Primary School No. 30 Tamwe (အမှတ် (30) အခြေခံပညာမူလတန်းကျောင်း တာမွေ (အ.မ.က 30 တာမွေ)),BEPS,Tamwe,MMR013015,Yangon Region,MMR013,township,Myittar Nyunt Ward,"Set Hmu 1st St., Corner of Set Hmu Yadanar St., Myittar Nyunt Ward,, Tarmwe Township, Yangon , Myanmar","09-448050742, 09-778901868",Yangon,active,,https://www.edge.com.mm/listing/tarmwe-b-e-p-s-30-l44644.html
MMR013015-BEPS31,Basic Education Primary School No. 31 Tamwe (အမှတ် (31) အခြေခံပညာမူလတန်းကျောင်း တာမွေ (အ.မ.က 31 တာမွေ)),BEPS,Tamwe,MMR013015,Yangon Region,MMR013,township,Myittar Nyunt Ward,"Myanma Gone Yaung St., Corner of Dagon Lwin St., Myittar Nyunt Ward,, Tarmwe Township, Yangon , Myanmar",09-778547714,Yangon,active,,https://www.edge.com.mm/listing/tarmwe-b-e-p-s-31-l44676.html
MMR013015-BEPS32,Basic Education Primary School No. 32 Tamwe (အမှတ် (32) အခြေခံပညာမူလတန်းကျောင်း တာမွေ (အ.မ.က 32 တာမွေ)),BEPS,Tamwe,MMR013015,Yangon Region,MMR013,township,Ponnar Gone Ward,"133th St., Ponnar Gone Ward,, Tarmwe Township, Yangon , Myanmar",09-250142748,Yangon,active,,https://www.edge.com.mm/listing/tarmwe-b-e-p-s-32-l44645.html
MMR013015-BEPS33,Basic Education Primary School No. 33 Tamwe (အမှတ် (33) အခြေခံပညာမူလတန်းကျောင်း တာမွေ (အ.မ.က 33 တာမွေ)),BEPS,Tamwe,MMR013015,Yangon Region,MMR013,township,Ma U Gone Ward,"19, 140th St., Ma U Gone Ward,, Tarmwe Township, Yangon , Myanmar",09-43056349,Yangon,active,,https://www.edge.com.mm/listing/tarmwe-b-e-p-s-33-l44646.html
MMR013015-BEPS34,Basic Education Primary School No. 34 Tamwe (အမှတ် (34) အခြေခံပညာမူလတန်းကျောင်း တာမွေ (အ.မ.က 34 တာမွေ)),BEPS,Tamwe,MMR013015,Yangon Region,MMR013,township,Tarmway Gyee (Ka/Ga-Nge) Ward,"154th St., Corner of Mingalar Zay Yone St., Tarmway Gyee (Ka/Ga-Nge) Ward,, Tarmwe Township, Yangon , Myanmar","09-73010421, 09-459257332, 09-774314937",Yangon,active,,https://www.edge.com.mm/listing/tarmwe-b-e-p-s-34-l44647.html
MMR013015-BEPS03,Basic Education Primary School No. 3 Tamwe (အမှတ် (3) အခြေခံပညာမူလတန်းကျောင်း တာမွေ (အ.မ.က 3 တာမွေ)),BEPS,Tamwe,MMR013015,Yangon Region,MMR013,township,Ah Yoe Gone Ward,"325, Banyar Dala Rd., Ah Yoe Gone Ward,, Tarmwe Township, Yangon , Myanmar",09-420196234,Yangon,active,,https://www.edge.com.mm/listing/tarmwe-b-e-p-s-3-l44687.html
MMR013015-BEPS06,Basic Education Primary School No. 6 Tamwe (အမှတ် (6) အခြေခံပညာမူလတန်းကျောင်း တာမွေ (အ.မ.က 6 တာမွေ)),BEPS,Tamwe,MMR013015,Yangon Region,MMR013,township,Kyauk Myaung Gyi Ward,"12/14, Kyauk Myaung St., Kyauk Myaung Gyi Ward,, Tarmwe Township, Yangon , Myanmar",09-792238970,Yangon,active,,https://www.edge.com.mm/listing/tarmwe-b-e-p-s-6-l44627.html
MMR013015-BEPS07,Basic Education Primary School No. 7 Tamwe (အမှတ် (7) အခြေခံပညာမူလတန်းကျောင်း တာမွေ (အ.မ.က 7 တာမွေ)),BEPS,Tamwe,MMR013015,Yangon Region,MMR013,township,Kyarr Kwet Thit Ward,"11/13, Kyauk Myaung St., Corner of Ma Hlwa Gone St., Kyarr Kwet Thit Ward,, Tarmwe Township, Yangon , Myanmar",09-5180935,Yangon,active,,https://www.edge.com.mm/listing/tarmwe-b-e-p-s-7-l44628.html
MMR013015-BEPS08,Basic Education Primary School No. 8 Tamwe (အမှတ် (8) အခြေခံပညာမူလတန်းကျောင်း တာမွေ (အ.မ.က 8 တာမွေ)),BEPS,Tamwe,MMR013015,Yangon Region,MMR013,township,Ma U Gone Ward,"21/23, 132th St., Ma U Gone Ward,, Tarmwe Township, Yangon , Myanmar","09-793357659, 09-451230261",Yangon,active,,https://www.edge.com.mm/listing/tarmwe-b-e-p-s-8-l44629.html
MMR013015-BEPS09,Basic Education Primary School No. 9 Tamwe (အမှတ် (9) အခြေခံပညာမူလတန်းကျောင်း တာမွေ (အ.မ.က 9 တာမွေ)),BEPS,Tamwe,MMR013015,Yangon Region,MMR013,township,Ma Hlwa Gone Htay Kywe Ward,"135, Manaw Hara St., Ma Hlwa Gone Htay Kywe Ward,, Tarmwe Township, Yangon , Myanmar",09-788023655,Yangon,active,,https://www.edge.com.mm/listing/tarmwe-b-e-p-s-9-l00332061.html
MMR011007-BEHS01,Basic Education High School No. 1 Toungup (အမှတ် (1) အခြေခံပညာအထက်တန်းကျောင်း တောင်ကုတ် (အ.ထ.က 1 တောင်ကုတ်)),BEHS,Toungup,MMR011007,Rakhine State,MMR011,township,Kan Paing Ward,"Pann Taung - Taung Gote Rd., Kan Paing Ward,, Taung Gote Township, Rakhine State , Myanmar",043-60100,Rakhine State,active,,https://www.edge.com.mm/listing/taung-gote-b-e-h-s-1-l00256981.html
MMR011007-BEHS02,Basic Education High School No. 2 Toungup (အမှတ် (2) အခြေခံပညာအထက်တန်းကျောင်း တောင်ကုတ် (အ.ထ.က 2 တောင်ကုတ်)),BEHS,Toungup,MMR011007,Rakhine State,MMR011,township,Gutar Ward,"Say Yoe Tan St., Gutar Ward,, Taung Gote Township, Rakhine State , Myanmar","043-60044, 09-262431514",Rakhine State,active,,https://www.edge.com.mm/listing/taung-gote-b-e-h-s-2-myoma-l00256974.html
MMR011007-BEHS03,Basic Education High School No. 3 Toungup (အမှတ် (3) အခြေခံပညာအထက်တန်းကျောင်း တောင်ကုတ် (အ.ထ.က 3 တောင်ကုတ်)),BEHS,Toungup,MMR011007,Rakhine State,MMR011,township,Kan Paing Ward,"Than Dwe-Taung Gote Rd., Kan Paing Ward,, Taung Gote Township, Rakhine State , Myanmar",043-60334,Rakhine State,active,,https://www.edge.com.mm/listing/taung-gote-b-e-h-s-3-tat-nael-l00283059.html
MMR011007-BEHS-BR01,Basic Education High School (Branch) Toungup (အခြေခံပညာအထက်တန်းကျောင်း (ခွဲ) တောင်ကုတ်),BEHS-BR,Toungup,MMR011007,Rakhine State,MMR011,township,Kan Paing Ward,"Pann Taung - Taung Gote Rd., Kan Paing Ward,, Taung Gote Township, Rakhine State , Myanmar","053-60043, 09-761748330",Rakhine State,active,,https://www.edge.com.mm/listing/taung-gote-b-e-h-s-b-e-h-s-branch-gutar-l00256977.html
MMR007009-BEHS01,Basic Education High School No. 1 Taungoo (အမှတ် (1) အခြေခံပညာအထက်တန်းကျောင်း တောင်ငူ (အ.ထ.က 1 တောင်ငူ)),BEHS,Taungoo,MMR007009,Bago Region,MMR007,township,Ward(19),"Bayint Naung St., Ward(19),, Taungoo Township, Bago , Myanmar","054-23959, 054-23084",Bago,active,,https://www.edge.com.mm/listing/taungoo-b-e-h-s-1-l00256572.html
MMR007009-BEHS02,Basic Education High School No. 2 Taungoo (အမှတ် (2) အခြေခံပညာအထက်တန်းကျောင်း တောင်ငူ (အ.ထ.က 2 တောင်ငူ)),BEHS,Taungoo,MMR007009,Bago Region,MMR007,township,Ward(4),"Bo Hmue Phoe Kwan St., Ward(4),, Taungoo Township, Bago , Myanmar","054-24369, 054-23146",Bago,active,,https://www.edge.com.mm/listing/taungoo-b-e-h-s-2-l00256574.html
MMR007009-BEHS04,Basic Education High School No. 4 Taungoo (အမှတ် (4) အခြေခံပညာအထက်တန်းကျောင်း တောင်ငူ (အ.ထ.က 4 တောင်ငူ)),BEHS,Taungoo,MMR007009,Bago Region,MMR007,township,Ward(20),"Set Shin St., Ward(20),, Taungoo Township, Bago , Myanmar",054-23168,Bago,active,,https://www.edge.com.mm/listing/taungoo-b-e-h-s-4-l00256577.html
MMR007009-BEHS05,Basic Education High School No. 5 Taungoo (အမှတ် (5) အခြေခံပညာအထက်တန်းကျောင်း တောင်ငူ (အ.ထ.က 5 တောင်ငူ)),BEHS,Taungoo,MMR007009,Bago Region,MMR007,township,Ward(20),"Law Kote Tayar St., Ward(20),, Taungoo Township, Bago , Myanmar",054-23107,Bago,active,,https://www.edge.com.mm/listing/taungoo-b-e-h-s-5-l00256579.html
MMR007009-BEHS06,Basic Education High School No. 6 Taungoo (အမှတ် (6) အခြေခံပညာအထက်တန်းကျောင်း တောင်ငူ (အ.ထ.က 6 တောင်ငူ)),BEHS,Taungoo,MMR007009,Bago Region,MMR007,township,Ward(8),"Strand St., Ward(8),, Taungoo Township, Bago , Myanmar",054-23265,Bago,active,,https://www.edge.com.mm/listing/taungoo-b-e-h-s-6-l00256589.html
MMR007009-BEHS03,Basic Education High School Taungoo (အခြေခံပညာအထက်တန်းကျောင်း တောင်ငူ),BEHS,Taungoo,MMR007009,Bago Region,MMR007,township,,"Yangon-Mandalay Rd., Kay Tu Ma Ti Myoe Thit,, Taungoo Township, Bago , Myanmar",054-27057,Bago,active,,https://www.edge.com.mm/listing/taungoo-b-e-h-s-kay-tu-l00256594.html
MMR007009-BEHS07,Basic Education High School Taungoo (အခြေခံပညာအထက်တန်းကျောင်း တောင်ငူ),BEHS,Taungoo,MMR007009,Bago Region,MMR007,township,,"Yangon-Mandalay Rd.,, Taungoo Township, Bago , Myanmar",054-27263,Bago,active,,https://www.edge.com.mm/listing/taungoo-b-e-h-s-nat-sin-kone-l00256592.html
MMR007009-BEMS02,Basic Education Middle School No. 2 Taungoo (အမှတ် (2) အခြေခံပညာအလယ်တန်းကျောင်း တောင်ငူ (အ.လ.က 2 တောင်ငူ)),BEMS,Taungoo,MMR007009,Bago Region,MMR007,township,Ward(14),"Kan St., Ward(14),, Taungoo Township, Bago , Myanmar",054-24279,Bago,active,,https://www.edge.com.mm/listing/taungoo-b-e-m-s-2-l00256586.html
MMR010006-BEHS-BR01,Basic Education High School (Branch) No. 1 Thaton (အမှတ် (1) အခြေခံပညာအထက်တန်းကျောင်း (ခွဲ) သထုံ (အ.ထ.က (ခွဲ) 1 သထုံ)),BEHS-BR,Thaton,MMR010006,Mon State,MMR010,township,Thain Kone Ward,"Shwe Sar Yan Pagoda St., Thain Kone Ward,, Tha Hton Township, Mon State , Myanmar",,Mon State,active,,https://www.edge.com.mm/listing/tha-hton-b-e-h-s-branch-b-e-m-s-1-l00254170.html
MMR010006-BEHS-BR02,Basic Education High School (Branch) Thaton (အခြေခံပညာအထက်တန်းကျောင်း (ခွဲ) သထုံ),BEHS-BR,Thaton,MMR010006,Mon State,MMR010,township,Nyaung Chaung Village,"Nyaung Chaung Village,, Tha Hton Township, Mon State , Myanmar",09-31405461,Mon State,active,,https://www.edge.com.mm/listing/tha-hton-b-e-h-s-branch-nyaung-chaung-l00254164.html
MMR010006-BEHS01,Basic Education High School No. 1 Thaton (အမှတ် (1) အခြေခံပညာအထက်တန်းကျောင်း သထုံ (အ.ထ.က 1 သထုံ)),BEHS,Thaton,MMR010006,Mon State,MMR010,township,Nan Khae Ward,"B.E.H.S (1) St., Nan Khae Ward,, Tha Hton Township, Mon State , Myanmar",057-40040,Mon State,active,,https://www.edge.com.mm/listing/tha-hton-b-e-h-s-1-l00254112.html
MMR010006-BEHS02,Basic Education High School No. 2 Thaton (အမှတ် (2) အခြေခံပညာအထက်တန်းကျောင်း သထုံ (အ.ထ.က 2 သထုံ)),BEHS,Thaton,MMR010006,Mon State,MMR010,township,Thain Kone Ward,"Shwe Sar Yan Pagoda St., Thain Kone Ward,, Tha Hton Township, Mon State , Myanmar",057-40055,Mon State,active,,https://www.edge.com.mm/listing/tha-hton-b-e-h-s-2-l00254129.html
MMR010006-BEHS04,Basic Education High School Thaton (အခြေခံပညာအထက်တန်းကျောင်း သထုံ),BEHS,Thaton,MMR010006,Mon State,MMR010,township,,"Yangon-Mawlamyine Rd.,, Tha Hton Township, Mon State , Myanmar",09-425353257,Mon State,active,,https://www.edge.com.mm/listing/tha-hton-b-e-h-s-dae-pari-l00254180.html
MMR010006-BEHS05,Basic Education High School Thaton (အခြေခံပညာအထက်တန်းကျောင်း သထုံ),BEHS,Thaton,MMR010006,Mon State,MMR010,township,Naung Bo Village,"Naung Bo Village,, Tha Hton Township, Mon State , Myanmar",,Mon State,active,,https://www.edge.com.mm/listing/tha-hton-b-e-h-s-ka-tha-pha-l00254177.html
MMR010006-BEHS06,Basic Education High School Thaton (အခြေခံပညာအထက်တန်းကျောင်း သထုံ),BEHS,Thaton,MMR010006,Mon State,MMR010,township,Ka Tike Kalay Village,"Ka Tike Kalay Village,, Tha Hton Township, Mon State , Myanmar",09-49808659,Mon State,active,,https://www.edge.com.mm/listing/tha-hton-b-e-h-s-ka-tike-kalay-l00254173.html
MMR010006-BEHS07,Basic Education High School Thaton (အခြေခံပညာအထက်တန်းကျောင်း သထုံ),BEHS,Thaton,MMR010006,Mon State,MMR010,township,Kyaik Kaw Ward,"Kyaik Kaw Ward,, Tha Hton Township, Mon State , Myanmar",09-799827211,Mon State,active,,https://www.edge.com.mm/listing/tha-hton-b-e-h-s-kyaik-kaw-l00254136.html
MMR010006-BEHS08,Basic Education High School Thaton (အခြေခံပညာအထက်တန်းကျောင်း သထုံ),BEHS,Thaton,MMR010006,Mon State,MMR010,township,,"Pha-An Rd.,, Tha Hton Township, Mon State , Myanmar",,Mon State,active,,https://www.edge.com.mm/listing/tha-hton-b-e-h-s-kyar-pann-l00254138.html
MMR010006-BEHS09,Basic Education High School Thaton (အခြေခံပညာအထက်တန်းကျောင်း သထုံ),BEHS,Thaton,MMR010006,Mon State,MMR010,township,,"Full Address, Tha Hton Township, Mon State , Myanmar",,Mon State,active,,https://www.edge.com.mm/listing/tha-hton-b-e-h-s-mayangone-l00254150.html
MMR010006-BEHS10,Basic Education High School Thaton (အခြေခံပညာအထက်တန်းကျောင်း သထုံ),BEHS,Thaton,MMR010006,Mon State,MMR010,township,,"Yangon-Mawlamyine Rd.,, Tha Hton Township, Mon State , Myanmar",09-425338490,Mon State,active,,https://www.edge.com.mm/listing/tha-hton-b-e-h-s-patane-yoe-l00254153.html
MMR010006-BEHS11,Basic Education High School Thaton (အခြေခံပညာအထက်တန်းကျောင်း သထုံ),BEHS,Thaton,MMR010006,Mon State,MMR010,township,Shan Village,"Yangon-Mawlamyine Rd., Shan Village,, Tha Hton Township, Mon State , Myanmar",,Mon State,active,,https://www.edge.com.mm/listing/tha-hton-b-e-h-s-shan-ywar-l00254159.html
MMR010006-BEHS12,Basic Education High School Thaton (အခြေခံပညာအထက်တန်းကျောင်း သထုံ),BEHS,Thaton,MMR010006,Mon State,MMR010,township,,"Full Address, Tha Hton Township, Mon State , Myanmar",09-795096093,Mon State,active,,https://www.edge.com.mm/listing/tha-hton-b-e-h-s-tar-yar-l00254184.html
MMR010006-BEHS13,Basic Education High School Thaton (အခြေခံပညာအထက်တန်းကျောင်း သထုံ),BEHS,Thaton,MMR010006,Mon State,MMR010,township,Thein Seik Village,"Yangon-Mawlamyine Rd., Thein Seik Village,, Tha Hton Township, Mon State , Myanmar","057-69080, 057-69111",Mon State,active,,https://www.edge.com.mm/listing/tha-hton-b-e-h-s-thein-seik-l00254149.html
MMR017008-BEHS01,Basic Education High School Thabaung (အခြေခံပညာအထက်တန်းကျောင်း သာပေါင်း),BEHS,Thabaung,MMR017008,Ayeyarwady Region,MMR017,township,Ward (1),"B.E.H.S St., Ward (1),, Thabaung Township, Ayeyawady , Myanmar",042-43040,Ayeyawady,active,,https://www.edge.com.mm/listing/thabaung-b-e-h-s-l00254709.html
MMR013018-BEHS01,Basic Education High School No. 1 Thaketa (အမှတ် (1) အခြေခံပညာအထက်တန်းကျောင်း သာကေတ (အ.ထ.က 1 သာကေတ)),BEHS,Thaketa,MMR013018,Yangon Region,MMR013,township,Htu Par Yon Ward (1),"Htu Par Yone St., Corner of Say Yon St., Htu Par Yon Ward (1),, Thaketa Township, Yangon , Myanmar","01-547156, 09-43069643",Yangon,active,,https://www.edge.com.mm/listing/thaketa-b-e-h-s-1-l44560.html
MMR013018-BEHS03,Basic Education High School No. 3 Thaketa (အမှတ် (3) အခြေခံပညာအထက်တန်းကျောင်း သာကေတ (အ.ထ.က 3 သာကေတ)),BEHS,Thaketa,MMR013018,Yangon Region,MMR013,township,Man Pyay Ward (3),"Man Pyay St.,Man Pyay Ward (3), Thaketa Township, Yangon , Myanmar",09-420158146,Yangon,active,,https://www.edge.com.mm/listing/thaketa-b-e-h-s-3-l44562.html
MMR013018-BEHS04,Basic Education High School No. 4 Thaketa (အမှတ် (4) အခြေခံပညာအထက်တန်းကျောင်း သာကေတ (အ.ထ.က 4 သာကေတ)),BEHS,Thaketa,MMR013018,Yangon Region,MMR013,township,,"Shwe Oat Gu St.,Shwe Oat Gu Pagoda Shop Room,Ward (8), Thaketa Township, Yangon , Myanmar","01-547204, 09-5118432",Yangon,active,,https://www.edge.com.mm/listing/thaketa-b-e-h-s-4-l00331851.html
MMR013018-BEHS05,Basic Education High School No. 5 Thaketa (အမှတ် (5) အခြေခံပညာအထက်တန်းကျောင်း သာကေတ (အ.ထ.က 5 သာကေတ)),BEHS,Thaketa,MMR013018,Yangon Region,MMR013,township,Ah Naw Mar Ward (1),"Min Nandar Rd.,Ah Naw Mar Ward (1), Thaketa Township, Yangon , Myanmar","01-551023, 09-5093414",Yangon,active,,https://www.edge.com.mm/listing/thaketa-b-e-h-s-5-l44564.html
MMR013018-BEMS02,Basic Education Middle School No. 2 Thaketa (အမှတ် (2) အခြေခံပညာအလယ်တန်းကျောင်း သာကေတ (အ.လ.က 2 သာကေတ)),BEMS,Thaketa,MMR013018,Yangon Region,MMR013,township,,"Theingi St.,Ward (5), Thaketa Township, Yangon , Myanmar","01-555706, 09-422930971",Yangon,active,,https://www.edge.com.mm/listing/thaketa-b-e-m-s-2-l44565.html
MMR013018-BEMS03,Basic Education Middle School No. 3 Thaketa (အမှတ် (3) အခြေခံပညာအလယ်တန်းကျောင်း သာကေတ (အ.လ.က 3 သာကေတ)),BEMS,Thaketa,MMR013018,Yangon Region,MMR013,township,,"Ayeyar Wun Rd.,Infront Of 10 Oo Yin Market,Ward (9), Thaketa Township, Yangon , Myanmar","01-547203, 09-43166598",Yangon,active,,https://www.edge.com.mm/listing/thaketa-b-e-m-s-3-l44574.html
MMR013018-BEMS04,Basic Education Middle School No. 4 Thaketa (အမှတ် (4) အခြေခံပညာအလယ်တန်းကျောင်း သာကေတ (အ.လ.က 4 သာကေတ)),BEMS,Thaketa,MMR013018,Yangon Region,MMR013,township,,"Aung Myittar St.,Ward (4-South), Thaketa Township, Yangon , Myanmar","01-556289, 09-448042946",Yangon,active,,https://www.edge.com.mm/listing/thaketa-b-e-m-s-4-l00331858.html
MMR013018-BEMS05,Basic Education Middle School No. 5 Thaketa (အမှတ် (5) အခြေခံပညာအလယ်တန်းကျောင်း သာကေတ (အ.လ.က 5 သာကေတ)),BEMS,Thaketa,MMR013018,Yangon Region,MMR013,township,,"Shukhin Thar Rd.,Ward (7-East), Thaketa Township, Yangon , Myanmar","01-547206, 09-798202867",Yangon,active,,https://www.edge.com.mm/listing/thaketa-b-e-m-s-5-l44567.html
MMR013018-BEMS06,Basic Education Middle School No. 6 Thaketa (အမှတ် (6) အခြေခံပညာအလယ်တန်းကျောင်း သာကေတ (အ.လ.က 6 သာကေတ)),BEMS,Thaketa,MMR013018,Yangon Region,MMR013,township,Yan Pyay Ward (3),"Yan Pyay St., Corner of Yan Pyay 13th St., Yan Pyay Ward (3),, Thaketa Township, Yangon , Myanmar","01-553102, 09-798202867",Yangon,active,,https://www.edge.com.mm/listing/thaketa-b-e-m-s-6-l44568.html
MMR013018-BEMS07,Basic Education Middle School No. 7 Thaketa (အမှတ် (7) အခြေခံပညာအလယ်တန်းကျောင်း သာကေတ (အ.လ.က 7 သာကေတ)),BEMS,Thaketa,MMR013018,Yangon Region,MMR013,township,,"Shukhin Thar Myo Patt Rd.,Ward (10-South), Thaketa Township, Yangon , Myanmar","01-554343, 09-5160045",Yangon,active,,https://www.edge.com.mm/listing/thaketa-b-e-m-s-7-l44569.html
MMR013018-BEMS08,Basic Education Middle School No. 8 Thaketa (အမှတ် (8) အခြေခံပညာအလယ်တန်းကျောင်း သာကေတ (အ.လ.က 8 သာကေတ)),BEMS,Thaketa,MMR013018,Yangon Region,MMR013,township,Ward (2-South),"Zaw Ta Yone St., Ward (2-South),, Thaketa Township, Yangon , Myanmar","01-9190575, 09-450028018",Yangon,active,,https://www.edge.com.mm/listing/thaketa-b-e-m-s-8-l44570.html
MMR013018-BEPS10,Basic Education Primary School No. 10 Thaketa (အမှတ် (10) အခြေခံပညာမူလတန်းကျောင်း သာကေတ (အ.မ.က 10 သာကေတ)),BEPS,Thaketa,MMR013018,Yangon Region,MMR013,township,Ward (9),"Yadanar Pon St., Ward (9),, Thaketa Township, Yangon , Myanmar","09-260799563, 09-797321421",Yangon,active,,https://www.edge.com.mm/listing/thaketa-b-e-p-s-10-l44578.html
MMR013018-BEPS11,Basic Education Primary School No. 11 Thaketa (အမှတ် (11) အခြေခံပညာမူလတန်းကျောင်း သာကေတ (အ.မ.က 11 သာကေတ)),BEPS,Thaketa,MMR013018,Yangon Region,MMR013,township,,"Nawarat St.,Ward (8), Thaketa Township, Yangon , Myanmar","01-9410148, 09-73065420",Yangon,active,,https://www.edge.com.mm/listing/thaketa-b-e-p-s-11-l44579.html
MMR013018-BEPS12,Basic Education Primary School No. 12 Thaketa (အမှတ် (12) အခြေခံပညာမူလတန်းကျောင်း သာကေတ (အ.မ.က 12 သာကေတ)),BEPS,Thaketa,MMR013018,Yangon Region,MMR013,township,Ward (4-South),"Kyaung St., Ward (4-South),, Thaketa Township, Yangon , Myanmar",09-448041442,Yangon,active,,https://www.edge.com.mm/listing/thaketa-b-e-p-s-12-l44580.html
MMR013018-BEPS13,Basic Education Primary School No. 13 Thaketa (အမှတ် (13) အခြေခံပညာမူလတန်းကျောင်း သာကေတ (အ.မ.က 13 သာကေတ)),BEPS,Thaketa,MMR013018,Yangon Region,MMR013,township,Ward (7-East),"Aung Thapyay 1st St., Ward (7-East),, Thaketa Township, Yangon , Myanmar","09-420143599, 09-899189021",Yangon,active,,https://www.edge.com.mm/listing/thaketa-b-e-p-s-13-l00331894.html
MMR013018-BEPS14,Basic Education Primary School No. 14 Thaketa (အမှတ် (14) အခြေခံပညာမူလတန်းကျောင်း သာကေတ (အ.မ.က 14 သာကေတ)),BEPS,Thaketa,MMR013018,Yangon Region,MMR013,township,Ward (6-West),"Zabu Thiri St., Ward (6-West),, Thaketa Township, Yangon , Myanmar",09-420191701,Yangon,active,,https://www.edge.com.mm/listing/thaketa-b-e-p-s-14-l44582.html
MMR013018-BEPS15,Basic Education Primary School No. 15 Thaketa (အမှတ် (15) အခြေခံပညာမူလတန်းကျောင်း သာကေတ (အ.မ.က 15 သာကေတ)),BEPS,Thaketa,MMR013018,Yangon Region,MMR013,township,Ward (4-North),"Aung Zeya St., Ward (4-North),, Thaketa Township, Yangon , Myanmar",09-448041446,Yangon,active,,https://www.edge.com.mm/listing/thaketa-b-e-p-s-15-l44583.html
MMR013018-BEPS16,Basic Education Primary School No. 16 Thaketa (အမှတ် (16) အခြေခံပညာမူလတန်းကျောင်း သာကေတ (အ.မ.က 16 သာကေတ)),BEPS,Thaketa,MMR013018,Yangon Region,MMR013,township,Set Hmu Let Hmu Ward,"Mya Khwar Nyo 3rd St., Set Hmu Let Hmu Ward,, Thaketa Township, Yangon , Myanmar","01-9410151, 09-420583004",Yangon,active,,https://www.edge.com.mm/listing/thaketa-b-e-p-s-16-l44584.html
MMR013018-BEPS17,Basic Education Primary School No. 17 Thaketa (အမှတ် (17) အခြေခံပညာမူလတန်းကျောင်း သာကေတ (အ.မ.က 17 သာကေတ)),BEPS,Thaketa,MMR013018,Yangon Region,MMR013,township,Ah Naw Mar Ward (1),"Anawmar 5th St., Ah Naw Mar Ward (1),, Thaketa Township, Yangon , Myanmar","01-9410152, 09-972129446",Yangon,active,,https://www.edge.com.mm/listing/thaketa-b-e-p-s-17-l00331901.html
MMR013018-BEPS18,Basic Education Primary School No. 18 Thaketa (အမှတ် (18) အခြေခံပညာမူလတန်းကျောင်း သာကေတ (အ.မ.က 18 သာကေတ)),BEPS,Thaketa,MMR013018,Yangon Region,MMR013,township,,"Yadanar Pon 3rd St.,Ward (10-North), Thaketa Township, Yangon , Myanmar","01-9410153, 09-448006238",Yangon,active,,https://www.edge.com.mm/listing/thaketa-b-e-p-s-18-l44586.html
MMR013018-BEPS19,Basic Education Primary School No. 19 Thaketa (အမှတ် (19) အခြေခံပညာမူလတန်းကျောင်း သာကေတ (အ.မ.က 19 သာကေတ)),BEPS,Thaketa,MMR013018,Yangon Region,MMR013,township,Htu Par Yon Ward (1),"Htu Par Yone 19th St., Htu Par Yon Ward (1),, Thaketa Township, Yangon , Myanmar","09-420047691, 01-420981",Yangon,active,,https://www.edge.com.mm/listing/thaketa-b-e-p-s-19-l44587.html
MMR013018-BEPS01,Basic Education Primary School No. 1 Thaketa (အမှတ် (1) အခြေခံပညာမူလတန်းကျောင်း သာကေတ (အ.မ.က 1 သာကေတ)),BEPS,Thaketa,MMR013018,Yangon Region,MMR013,township,Ah Naw Mar Ward (1),"Anawmar St., Corner of Anawmar 12th St., Ah Naw Mar Ward (1),, Thaketa Township, Yangon , Myanmar","01-450978, 09-73167876, 09-795689542",Yangon,active,,https://www.edge.com.mm/listing/thaketa-b-e-p-s-1-l44613.html
MMR013018-BEPS20,Basic Education Primary School No. 20 Thaketa (အမှတ် (20) အခြေခံပညာမူလတန်းကျောင်း သာကေတ (အ.မ.က 20 သာကေတ)),BEPS,Thaketa,MMR013018,Yangon Region,MMR013,township,Yan Pyay Ward (3),"Yan Pyay 18th St., Yan Pyay Ward (3),, Thaketa Township, Yangon , Myanmar","01-9190582, 09-448041519",Yangon,active,,https://www.edge.com.mm/listing/thaketa-b-e-p-s-20-l44588.html
MMR013018-BEPS21,Basic Education Primary School No. 21 Thaketa (အမှတ် (21) အခြေခံပညာမူလတန်းကျောင်း သာကေတ (အ.မ.က 21 သာကေတ)),BEPS,Thaketa,MMR013018,Yangon Region,MMR013,township,Htu Par Yon Ward (1),"Htu Par Yone 15th St., Htu Par Yon Ward (1),, Thaketa Township, Yangon , Myanmar","01-450982, 09-448034996",Yangon,active,,https://www.edge.com.mm/listing/thaketa-b-e-p-s-21-l00331909.html
MMR013018-BEPS23,Basic Education Primary School No. 23 Thaketa (အမှတ် (23) အခြေခံပညာမူလတန်းကျောင်း သာကေတ (အ.မ.က 23 သာကေတ)),BEPS,Thaketa,MMR013018,Yangon Region,MMR013,township,Ward (5),"Thumana St., Ward (5),, Thaketa Township, Yangon , Myanmar","09-262301181, 09-793534022",Yangon,active,,https://www.edge.com.mm/listing/thaketa-b-e-p-s-23-l44591.html
MMR013018-BEPS24,Basic Education Primary School No. 24 Thaketa (အမှတ် (24) အခြေခံပညာမူလတန်းကျောင်း သာကေတ (အ.မ.က 24 သာကေတ)),BEPS,Thaketa,MMR013018,Yangon Region,MMR013,township,Ah Naw Mar Ward (1),"Anawmar St., Corner of Tat Phwet St., Ah Naw Mar Ward (1),, Thaketa Township, Yangon , Myanmar","09-254109713, 09-799301020, 01-450983",Yangon,active,,https://www.edge.com.mm/listing/thaketa-b-e-p-s-24-l44592.html
MMR013018-BEPS25,Basic Education Primary School No. 25 Thaketa (အမှတ် (25) အခြေခံပညာမူလတန်းကျောင်း သာကေတ (အ.မ.က 25 သာကေတ)),BEPS,Thaketa,MMR013018,Yangon Region,MMR013,township,Htu Par Yon Ward (1),"Ayeyar Wun Rd., Corner of Htu Par Yone St., Htu Par Yon Ward (1),, Thaketa Township, Yangon , Myanmar",09-254346525,Yangon,active,,https://www.edge.com.mm/listing/thaketa-b-e-p-s-25-l44593.html
MMR013018-BEPS26,Basic Education Primary School No. 26 Thaketa (အမှတ် (26) အခြေခံပညာမူလတန်းကျောင်း သာကေတ (အ.မ.က 26 သာကေတ)),BEPS,Thaketa,MMR013018,Yangon Region,MMR013,township,Ward (2-North),"Thadar Yone St., Ward (2-North),, Thaketa Township, Yangon , Myanmar","01-450984, 09-5096640",Yangon,active,,https://www.edge.com.mm/listing/thaketa-b-e-p-s-26-l44594.html
MMR013018-BEPS27,Basic Education Primary School No. 27 Thaketa (အမှတ် (27) အခြေခံပညာမူလတန်းကျောင်း သာကေတ (အ.မ.က 27 သာကေတ)),BEPS,Thaketa,MMR013018,Yangon Region,MMR013,township,Man Pyay Ward (3),"Man Pyay 9th St., Man Pyay Ward (3),, Thaketa Township, Yangon , Myanmar","01-9190584, 09-448041531",Yangon,active,,https://www.edge.com.mm/listing/thaketa-b-e-p-s-27-l44595.html
MMR013018-BEPS28,Basic Education Primary School No. 28 Thaketa (အမှတ် (28) အခြေခံပညာမူလတန်းကျောင်း သာကေတ (အ.မ.က 28 သာကေတ)),BEPS,Thaketa,MMR013018,Yangon Region,MMR013,township,Ward (8),"Nawarat St., Ward (8),, Thaketa Township, Yangon , Myanmar",09-421085463,Yangon,active,,https://www.edge.com.mm/listing/thaketa-b-e-p-s-28-l00331926.html
MMR013018-BEPS29,Basic Education Primary School No. 29 Thaketa (အမှတ် (29) အခြေခံပညာမူလတန်းကျောင်း သာကေတ (အ.မ.က 29 သာကေတ)),BEPS,Thaketa,MMR013018,Yangon Region,MMR013,township,Ward (10-North),"Lel Yar 1st St., Ward (10-North),, Thaketa Township, Yangon , Myanmar",09-421142356,Yangon,active,,https://www.edge.com.mm/listing/thaketa-b-e-p-s-29-l44597.html
MMR013018-BEPS02,Basic Education Primary School No. 2 Thaketa (အမှတ် (2) အခြေခံပညာမူလတန်းကျောင်း သာကေတ (အ.မ.က 2 သာကေတ)),BEPS,Thaketa,MMR013018,Yangon Region,MMR013,township,Htu Par Yon Ward (1),"Htu Par Yone St., Corner of Htu Par Yone 7th St., Htu Par Yon Ward (1),, Thaketa Township, Yangon , Myanmar",09-979540110,Yangon,active,,https://www.edge.com.mm/listing/thaketa-b-e-p-s-2-l44614.html
MMR013018-BEPS30,Basic Education Primary School No. 30 Thaketa (အမှတ် (30) အခြေခံပညာမူလတန်းကျောင်း သာကေတ (အ.မ.က 30 သာကေတ)),BEPS,Thaketa,MMR013018,Yangon Region,MMR013,township,Ward (6-East),"Aung Thukha St., Ward (6-East),, Thaketa Township, Yangon , Myanmar","09-420072790, 09-5057561, 01-9410158",Yangon,active,,https://www.edge.com.mm/listing/thaketa-b-e-p-s-30-l44598.html
MMR013018-BEPS31,Basic Education Primary School No. 31 Thaketa (အမှတ် (31) အခြေခံပညာမူလတန်းကျောင်း သာကေတ (အ.မ.က 31 သာကေတ)),BEPS,Thaketa,MMR013018,Yangon Region,MMR013,township,,"Dhamar Yon St.,Ward (10-South), Thaketa Township, Yangon , Myanmar","01-9410159, 09-450344662",Yangon,active,,https://www.edge.com.mm/listing/thaketa-b-e-p-s-31-l00331927.html
MMR013018-BEPS32,Basic Education Primary School No. 32 Thaketa (အမှတ် (32) အခြေခံပညာမူလတန်းကျောင်း သာကေတ (အ.မ.က 32 သာကေတ)),BEPS,Thaketa,MMR013018,Yangon Region,MMR013,township,,"Yadanar Rd.,Ward (10-South), Thaketa Township, Yangon , Myanmar",09-250172258,Yangon,active,,https://www.edge.com.mm/listing/thaketa-b-e-p-s-32-l44600.html
MMR013018-BEPS33,Basic Education Primary School No. 33 Thaketa (အမှတ် (33) အခြေခံပညာမူလတန်းကျောင်း သာကေတ (အ.မ.က 33 သာကေတ)),BEPS,Thaketa,MMR013018,Yangon Region,MMR013,township,Ward (10-South),"Zeya Waddy 3rd St., Ward (10-South),, Thaketa Township, Yangon , Myanmar","01-9410161, 09-450049379",Yangon,active,,https://www.edge.com.mm/listing/thaketa-b-e-p-s-33-l44601.html
MMR013018-BEPS34,Basic Education Primary School No. 34 Thaketa (အမှတ် (34) အခြေခံပညာမူလတန်းကျောင်း သာကေတ (အ.မ.က 34 သာကေတ)),BEPS,Thaketa,MMR013018,Yangon Region,MMR013,township,Ward (10-South),"Zeya Waddy St., Ward (10-South),, Thaketa Township, Yangon , Myanmar","01-9410162, 09-448025687",Yangon,active,,https://www.edge.com.mm/listing/thaketa-b-e-p-s-34-l44602.html
MMR013018-BEPS35,Basic Education Primary School No. 35 Thaketa (အမှတ် (35) အခြေခံပညာမူလတန်းကျောင်း သာကေတ (အ.မ.က 35 သာကေတ)),BEPS,Thaketa,MMR013018,Yangon Region,MMR013,township,,"Khaing Shwe Wah St.,Ward (7-East), Thaketa Township, Yangon , Myanmar","01-9410163, 09-448041538",Yangon,active,,https://www.edge.com.mm/listing/thaketa-b-e-p-s-35-l44603.html
MMR013018-BEPS36,Basic Education Primary School No. 36 Thaketa (အမှတ် (36) အခြေခံပညာမူလတန်းကျောင်း သာကေတ (အ.မ.က 36 သာကေတ)),BEPS,Thaketa,MMR013018,Yangon Region,MMR013,township,,"Zabu Thiri St.,Ward (6-West), Thaketa Township, Yangon , Myanmar","01-9410150, 09-798901707",Yangon,active,,https://www.edge.com.mm/listing/thaketa-b-e-p-s-36-l00331943.html
MMR013018-BEPS37,Basic Education Primary School No. 37 Thaketa (အမှတ် (37) အခြေခံပညာမူလတန်းကျောင်း သာကေတ (အ.မ.က 37 သာကေတ)),BEPS,Thaketa,MMR013018,Yangon Region,MMR013,township,Ward (4-North),"Myoma 10th St., Ward (4-North),, Thaketa Township, Yangon , Myanmar","01-9190585, 09-789962546",Yangon,active,,https://www.edge.com.mm/listing/thaketa-b-e-p-s-37-l60495.html
MMR013018-BEPS38,Basic Education Primary School No. 38 Thaketa (အမှတ် (38) အခြေခံပညာမူလတန်းကျောင်း သာကေတ (အ.မ.က 38 သာကေတ)),BEPS,Thaketa,MMR013018,Yangon Region,MMR013,township,,"Shukhin Thar Rd.,Corner of Aung Myittar St.,Ward (4-South), Thaketa Township, Yangon , Myanmar","01-9190586, 09-448041548",Yangon,active,,https://www.edge.com.mm/listing/thaketa-b-e-p-s-38-l44605.html
MMR013018-BEPS39,Basic Education Primary School No. 39 Thaketa (အမှတ် (39) အခြေခံပညာမူလတန်းကျောင်း သာကေတ (အ.မ.က 39 သာကေတ)),BEPS,Thaketa,MMR013018,Yangon Region,MMR013,township,Yan Pyay Ward (3),"Yan Pyay St., Corner of Yan Pyay 13th St., Yan Pyay Ward (3),, Thaketa Township, Yangon , Myanmar","01-9190587, 09-798368760",Yangon,active,,https://www.edge.com.mm/listing/thaketa-b-e-p-s-39-l44606.html
MMR013018-BEPS03,Basic Education Primary School No. 3 Thaketa (အမှတ် (3) အခြေခံပညာမူလတန်းကျောင်း သာကေတ (အ.မ.က 3 သာကေတ)),BEPS,Thaketa,MMR013018,Yangon Region,MMR013,township,,"Zaw Ta Yone St.,Ward (2-South), Thaketa Township, Yangon , Myanmar","01-9190576, 09-448000465",Yangon,active,,https://www.edge.com.mm/listing/thaketa-b-e-p-s-3-l44615.html
MMR013018-BEPS40,Basic Education Primary School No. 40 Thaketa (အမှတ် (40) အခြေခံပညာမူလတန်းကျောင်း သာကေတ (အ.မ.က 40 သာကေတ)),BEPS,Thaketa,MMR013018,Yangon Region,MMR013,township,Shu Khin Thar Ward,"Shukhin Thar Myo Patt Rd.,Shu Khin Thar Ward, Thaketa Township, Yangon , Myanmar",09-420174639,Yangon,active,,https://www.edge.com.mm/listing/thaketa-b-e-p-s-40-l00331950.html
MMR013018-BEPS42,Basic Education Primary School No. 42 Thaketa (အမှတ် (42) အခြေခံပညာမူလတန်းကျောင်း သာကေတ (အ.မ.က 42 သာကေတ)),BEPS,Thaketa,MMR013018,Yangon Region,MMR013,township,,"Zingama Rd.,Infront Of No(1) Market,Ward (2-North), Thaketa Township, Yangon , Myanmar","01-450986, 09-441202823",Yangon,active,,https://www.edge.com.mm/listing/thaketa-b-e-p-s-42-l44609.html
MMR013018-BEPS43,Basic Education Primary School No. 43 Thaketa (အမှတ် (43) အခြေခံပညာမူလတန်းကျောင်း သာကေတ (အ.မ.က 43 သာကေတ)),BEPS,Thaketa,MMR013018,Yangon Region,MMR013,township,Yan Pyae Ward (3),"Min Nandar Rd.,Wet Su Bus Stop,Yan Pyae Ward (3), Thaketa Township, Yangon , Myanmar",09-420174655,Yangon,active,,https://www.edge.com.mm/listing/thaketa-b-e-p-s-43-l44610.html
MMR013018-BEPS45,Basic Education Primary School No. 45 Thaketa (အမှတ် (45) အခြေခံပညာမူလတန်းကျောင်း သာကေတ (အ.မ.က 45 သာကေတ)),BEPS,Thaketa,MMR013018,Yangon Region,MMR013,township,,"Ayeyar Wun Rd.,Ward (7-West), Thaketa Township, Yangon , Myanmar","09-73046517, 09-795732950",Yangon,active,,https://www.edge.com.mm/listing/thaketa-b-e-p-s-45-l44611.html
MMR013018-BEPS46,Basic Education Primary School No. 46 Thaketa (အမှတ် (46) အခြေခံပညာမူလတန်းကျောင်း သာကေတ (အ.မ.က 46 သာကေတ)),BEPS,Thaketa,MMR013018,Yangon Region,MMR013,township,,"Thanlyn Chin Kat Rd.,Ward (10-South), Thaketa Township, Yangon , Myanmar",09-421087756,Yangon,active,,https://www.edge.com.mm/listing/thaketa-b-e-p-s-46-l44612.html
MMR013018-BEPS04,Basic Education Primary School No. 4 Thaketa (အမှတ် (4) အခြေခံပညာမူလတန်းကျောင်း သာကေတ (အ.မ.က 4 သာကေတ)),BEPS,Thaketa,MMR013018,Yangon Region,MMR013,township,Ward (2-South),"Yan Pyay 1st St., Ward (2-South),, Thaketa Township, Yangon , Myanmar","01-9190577, 09-250172338",Yangon,active,,https://www.edge.com.mm/listing/thaketa-b-e-p-s-4-l44616.html
MMR013018-BEPS05,Basic Education Primary School No. 5 Thaketa (အမှတ် (5) အခြေခံပညာမူလတန်းကျောင်း သာကေတ (အ.မ.က 5 သာကေတ)),BEPS,Thaketa,MMR013018,Yangon Region,MMR013,township,Man Pyay Ward (3),"Thumana St.,Corner of Yan Pyay St.,Man Pyay Ward (3), Thaketa Township, Yangon , Myanmar","01-9190578, 09-795409289",Yangon,active,,https://www.edge.com.mm/listing/thaketa-b-e-p-s-5-l44617.html
MMR013018-BEPS06,Basic Education Primary School No. 6 Thaketa (အမှတ် (6) အခြေခံပညာမူလတန်းကျောင်း သာကေတ (အ.မ.က 6 သာကေတ)),BEPS,Thaketa,MMR013018,Yangon Region,MMR013,township,Man Pyay Ward (3),"Man Pyay 18th St.,Man Pyay Ward (3), Thaketa Township, Yangon , Myanmar","01-9190579, 09-251049451",Yangon,active,,https://www.edge.com.mm/listing/thaketa-b-e-p-s-6-l00331957.html
MMR013018-BEPS07,Basic Education Primary School No. 7 Thaketa (အမှတ် (7) အခြေခံပညာမူလတန်းကျောင်း သာကေတ (အ.မ.က 7 သာကေတ)),BEPS,Thaketa,MMR013018,Yangon Region,MMR013,township,,"Khaing Shwe Wah St.,Ward (7-East), Thaketa Township, Yangon , Myanmar","01-9410145, 09-797907475",Yangon,active,,https://www.edge.com.mm/listing/thaketa-b-e-p-s-7-l44619.html
MMR013018-BEPS08,Basic Education Primary School No. 8 Thaketa (အမှတ် (8) အခြေခံပညာမူလတန်းကျောင်း သာကေတ (အ.မ.က 8 သာကေတ)),BEPS,Thaketa,MMR013018,Yangon Region,MMR013,township,,"Aung Thukha St.,Ward (6-East), Thaketa Township, Yangon , Myanmar",09-261013388,Yangon,active,,https://www.edge.com.mm/listing/thaketa-b-e-p-s-8-l44576.html
MMR013018-BEPS09,Basic Education Primary School No. 9 Thaketa (အမှတ် (9) အခြေခံပညာမူလတန်းကျောင်း သာကေတ (အ.မ.က 9 သာကေတ)),BEPS,Thaketa,MMR013018,Yangon Region,MMR013,township,Ward (5),"Theingi St., Ward (5),, Thaketa Township, Yangon , Myanmar",09-450041675,Yangon,active,,https://www.edge.com.mm/listing/thaketa-b-e-p-s-9-l44577.html
MMR013018-BEPS22,Basic Education Primary School Thaketa (အခြေခံပညာမူလတန်းကျောင်း သာကေတ),BEPS,Thaketa,MMR013018,Yangon Region,MMR013,township,Man Pyay Ward (3),"10, Man Pyay St., Corner of Man Pyay 13th St., Near B.E.H.S (3), Man Pyay Ward (3),, Thaketa Township, Yangon , Myanmar",09-427691118,Yangon,active,,https://www.edge.com.mm/listing/thaketa-pre-primary-school-l31318.html
MMR011008-BEHS01,Basic Education High School No. 1 Thandwe (အမှတ် (1) အခြေခံပညာအထက်တန်းကျောင်း သံတွဲ (အ.ထ.က 1 သံတွဲ)),BEHS,Thandwe,MMR011008,Rakhine State,MMR011,township,Ward(2),"Bogyoke Rd., Ward(2),, Thandwe Township, Rakhine State , Myanmar",043-65344,Rakhine State,active,,https://www.edge.com.mm/listing/than-dwe-b-e-h-s-1-l00256921.html
MMR011008-BEHS02,Basic Education High School No. 2 Thandwe (အမှတ် (2) အခြေခံပညာအထက်တန်းကျောင်း သံတွဲ (အ.ထ.က 2 သံတွဲ)),BEHS,Thandwe,MMR011008,Rakhine State,MMR011,township,Dwar Yar Waddy Myoh Thit Ward,"Dwar Yar Waddy Myoh Thit Ward,, Thandwe Township, Rakhine State , Myanmar",043-65345,Rakhine State,active,,https://www.edge.com.mm/listing/than-dwe-b-e-h-s-2-l00256925.html
MMR011008-BEHS03,Basic Education High School Thandwe (အခြေခံပညာအထက်တန်းကျောင်း သံတွဲ),BEHS,Thandwe,MMR011008,Rakhine State,MMR011,township,Ward(3),"Annawrahta St., Ward(3),, Thandwe Township, Rakhine State , Myanmar",043-2065469,Rakhine State,active,,https://www.edge.com.mm/listing/than-dwe-b-e-h-s-myoh-thit-l00256928.html
MMR013020-BEHS01,Basic Education High School No. 1 Thanlyin (အမှတ် (1) အခြေခံပညာအထက်တန်းကျောင်း သန်လျင် (အ.ထ.က 1 သန်လျင်)),BEHS,Thanlyin,MMR013020,Yangon Region,MMR013,township,Oak Pho Su Ward,"Theik Pan St., Oak Pho Su Ward,, Than Lyin Township, Yangon , Myanmar","056-21141, 09-250076599",Yangon,active,,https://www.edge.com.mm/listing/than-lyin-b-e-h-s-1-l00253748.html
MMR013020-BEHS02,Basic Education High School No. 2 Thanlyin (အမှတ် (2) အခြေခံပညာအထက်တန်းကျောင်း သန်လျင် (အ.ထ.က 2 သန်လျင်)),BEHS,Thanlyin,MMR013020,Yangon Region,MMR013,township,Myoh Thit (East) Ward,"Pyi Taw Thar St., Myoh Thit (East) Ward,, Than Lyin Township, Yangon , Myanmar",056-21111,Yangon,active,,https://www.edge.com.mm/listing/than-lyin-b-e-h-s-2-l00253754.html
MMR013020-BEHS03,Basic Education High School No. 3 Thanlyin (အမှတ် (3) အခြေခံပညာအထက်တန်းကျောင်း သန်လျင် (အ.ထ.က 3 သန်လျင်)),BEHS,Thanlyin,MMR013020,Yangon Region,MMR013,township,Htan Pin Kone Ward,"Phoh Myay St., Htan Pin Kone Ward,, Than Lyin Township, Yangon , Myanmar",056-21312,Yangon,active,,https://www.edge.com.mm/listing/than-lyin-b-e-h-s-3-l00253757.html
MMR013020-BEHS04,Basic Education High School No. 4 Thanlyin (အမှတ် (4) အခြေခံပညာအထက်တန်းကျောင်း သန်လျင် (အ.ထ.က 4 သန်လျင်)),BEHS,Thanlyin,MMR013020,Yangon Region,MMR013,township,Bago Su Ward,"Marga St., Bago Su Ward,, Than Lyin Township, Yangon , Myanmar",056-21211,Yangon,active,,https://www.edge.com.mm/listing/than-lyin-b-e-h-s-4-l00253761.html
MMR010007-BEHS-BR01,Basic Education High School (Branch) Thanbyuzayat (အခြေခံပညာအထက်တန်းကျောင်း (ခွဲ) သံဖြူဇရပ်),BEHS-BR,Thanbyuzayat,MMR010007,Mon State,MMR010,township,,"Full Address, Than Phyu Zayet Township, Mon State , Myanmar",,Mon State,active,,https://www.edge.com.mm/listing/than-phyu-zayet-b-e-h-s-branch-ah-nin-l00255697.html
MMR010007-BEHS-BR02,Basic Education High School (Branch) Thanbyuzayat (အခြေခံပညာအထက်တန်းကျောင်း (ခွဲ) သံဖြူဇရပ်),BEHS-BR,Thanbyuzayat,MMR010007,Mon State,MMR010,township,Hnit Kine Village,"Than Phyu Zayet-Kyaikkhahme Rd., Hnit Kine Village,, Than Phyu Zayet Township, Mon State , Myanmar",,Mon State,active,,https://www.edge.com.mm/listing/than-phyu-zayet-b-e-h-s-branch-hnint-kine-l00255714.html
MMR010007-BEHS-BR03,Basic Education High School (Branch) Thanbyuzayat (အခြေခံပညာအထက်တန်းကျောင်း (ခွဲ) သံဖြူဇရပ်),BEHS-BR,Thanbyuzayat,MMR010007,Mon State,MMR010,township,,"Full Address, Than Phyu Zayet Township, Mon State , Myanmar",,Mon State,active,,https://www.edge.com.mm/listing/than-phyu-zayet-b-e-h-s-branch-setse-l00255718.html
MMR010007-BEHS01,Basic Education High School No. 1 Thanbyuzayat (အမှတ် (1) အခြေခံပညာအထက်တန်းကျောင်း သံဖြူဇရပ် (အ.ထ.က 1 သံဖြူဇရပ်)),BEHS,Thanbyuzayat,MMR010007,Mon State,MMR010,township,Aung Tharyar Ward,"Aung San Rd., Aung Tharyar Ward,, Than Phyu Zayet Township, Mon State , Myanmar",057-79015,Mon State,active,,https://www.edge.com.mm/listing/than-phyu-zayet-b-e-h-s-1-l00255728.html
MMR010007-BEHS02,Basic Education High School No. 2 Thanbyuzayat (အမှတ် (2) အခြေခံပညာအထက်တန်းကျောင်း သံဖြူဇရပ် (အ.ထ.က 2 သံဖြူဇရပ်)),BEHS,Thanbyuzayat,MMR010007,Mon State,MMR010,township,Kyant Khaing Yay Ward,"Padauk Shwe Wah St., No.(2) Market Ah Nauk Phet, Kyant Khaing Yay Ward,, Than Phyu Zayet Township, Mon State , Myanmar",09-5025368,Mon State,active,,https://www.edge.com.mm/listing/than-phyu-zayet-b-e-h-s-2-l00255731.html
MMR010007-BEHS03,Basic Education High School Thanbyuzayat (အခြေခံပညာအထက်တန်းကျောင်း သံဖြူဇရပ်),BEHS,Thanbyuzayat,MMR010007,Mon State,MMR010,township,Htinn Shue Village,"Near Butar Yone, Htinn Shue Village,, Than Phyu Zayet Township, Mon State , Myanmar",,Mon State,active,,https://www.edge.com.mm/listing/than-phyu-zayet-b-e-h-s-htin-shue-l00255722.html
MMR010007-BEHS04,Basic Education High School Thanbyuzayat (အခြေခံပညာအထက်တန်းကျောင်း သံဖြူဇရပ်),BEHS,Thanbyuzayat,MMR010007,Mon State,MMR010,township,,"Full Address, Than Phyu Zayet Township, Mon State , Myanmar",,Mon State,active,,https://www.edge.com.mm/listing/than-phyu-zayet-b-e-h-s-kayin-taung-l00255721.html
MMR010007-BEHS05,Basic Education High School Thanbyuzayat (အခြေခံပညာအထက်တန်းကျောင်း သံဖြူဇရပ်),BEHS,Thanbyuzayat,MMR010007,Mon State,MMR010,township,,"Full Address, Than Phyu Zayet Township, Mon State , Myanmar",,Mon State,active,,https://www.edge.com.mm/listing/than-phyu-zayet-b-e-h-s-kayupi-l00255700.html
MMR010007-BEHS06,Basic Education High School Thanbyuzayat (အခြေခံပညာအထက်တန်းကျောင်း သံဖြူဇရပ်),BEHS,Thanbyuzayat,MMR010007,Mon State,MMR010,township,,"Full Address, Than Phyu Zayet Township, Mon State , Myanmar",057-75009,Mon State,active,,https://www.edge.com.mm/listing/than-phyu-zayet-b-e-h-s-kyaikkhahme-l00255680.html
MMR010007-BEHS07,Basic Education High School Thanbyuzayat (အခြေခံပညာအထက်တန်းကျောင်း သံဖြူဇရပ်),BEHS,Thanbyuzayat,MMR010007,Mon State,MMR010,township,,"Full Address, Than Phyu Zayet Township, Mon State , Myanmar",,Mon State,active,,https://www.edge.com.mm/listing/than-phyu-zayet-b-e-h-s-kyone-kadat-l00255687.html
MMR010007-BEHS08,Basic Education High School Thanbyuzayat (အခြေခံပညာအထက်တန်းကျောင်း သံဖြူဇရပ်),BEHS,Thanbyuzayat,MMR010007,Mon State,MMR010,township,Pa Nga Village,"Aung San Rd., Pa Nga Village,, Than Phyu Zayet Township, Mon State , Myanmar",09-793329552,Mon State,active,,https://www.edge.com.mm/listing/than-phyu-zayet-b-e-h-s-pa-nga-village-l00255724.html
MMR010007-BEHS09,Basic Education High School Thanbyuzayat (အခြေခံပညာအထက်တန်းကျောင်း သံဖြူဇရပ်),BEHS,Thanbyuzayat,MMR010007,Mon State,MMR010,township,,"No.(4) Tet Madaw Tan Myint Lay Kyint Yae Kyaung,, Than Phyu Zayet Township, Mon State , Myanmar",09-401591253,Mon State,active,,https://www.edge.com.mm/listing/than-phyu-zayet-b-e-h-s-we-kali-l00255709.html
MMR010007-BEMS01,Basic Education Middle School Thanbyuzayat (အခြေခံပညာအလယ်တန်းကျောင်း သံဖြူဇရပ်),BEMS,Thanbyuzayat,MMR010007,Mon State,MMR010,township,,"Full Address, Than Phyu Zayet Township, Mon State , Myanmar",,Mon State,active,,https://www.edge.com.mm/listing/than-phyu-zayet-b-e-m-s-we-khami-l00255692.html
MMR007010-BEHS01,Basic Education High School Thanatpin (အခြေခံပညာအထက်တန်းကျောင်း သနပ်ပင်),BEHS,Thanatpin,MMR007010,Bago Region,MMR007,township,Set Kone Pine Ward,"Lanmadaw St., Set Kone Pine Ward,, Thanatpin Township, Bago , Myanmar",052-2746013,Bago,active,,https://www.edge.com.mm/listing/thanatpin-b-e-h-s-l00254692.html
MMR013009-INTL02,Thanlwin Education Services,INTL,Yankin,MMR013009,Yangon Region,MMR013,township,Ward (2),"Bldg 6/1, G Flr, Yan Aung 3rd St., Ward (2),, Yankin Township, Yangon , Myanmar","09-778779739, 01-558083, 01-558084, 09-259258440",Yangon,active,,https://www.edge.com.mm/listing/thanlwin-education-services-l00263879.html
MMR007011-BEHS01,Basic Education High School No. 1 Tharrawaddy (အမှတ် (1) အခြေခံပညာအထက်တန်းကျောင်း သာယာဝတီ (အ.ထ.က 1 သာယာဝတီ)),BEHS,Tharrawaddy,MMR007011,Bago Region,MMR007,township,Zay Ward,"Min Tae St., Zay Ward,, Thayarwaddy Township, Bago , Myanmar",055-30142,Bago,active,,https://www.edge.com.mm/listing/tharyar-waddy-b-e-h-s-1-l00255526.html
MMR007011-BEHS02,Basic Education High School No. 2 Tharrawaddy (အမှတ် (2) အခြေခံပညာအထက်တန်းကျောင်း သာယာဝတီ (အ.ထ.က 2 သာယာဝတီ)),BEHS,Tharrawaddy,MMR007011,Bago Region,MMR007,township,Ah Lel Paing Ward,"No.(2) Kyaung St., Ah Lel Paing Ward,, Thayarwaddy Township, Bago , Myanmar",055-30050,Bago,active,,https://www.edge.com.mm/listing/tharyar-waddy-b-e-h-s-2-l00255532.html
MMR006004-BEHS01,Basic Education High School Thayetchaung (အခြေခံပညာအထက်တန်းကျောင်း သရက်ချောင်း),BEHS,Thayetchaung,MMR006004,Tanintharyi Region,MMR006,township,Myoe Ma Ward,"Myeik-Dawei Rd., Myoe Ma Ward,, Thayet Chaung Township, Tanintharyi , Myanmar",059-35109,Tanintharyi,active,,https://www.edge.com.mm/listing/thayet-chaung-b-e-h-s-l00254575.html
MMR013014-BEHS01,Basic Education High School No. 1 Thingangyun (အမှတ် (1) အခြေခံပညာအထက်တန်းကျောင်း သင်္ဃန်းကျွန်း (အ.ထ.က 1 သင်္ဃန်းကျွန်း)),BEHS,Thingangyun,MMR013014,Yangon Region,MMR013,township,(Sa-Lein/Ka) Ward,"Lay Daunt Kan Rd., Phayar Lan Bus Stop, (Sa-Lein/Ka) Ward,, Thingangyun Township, Yangon , Myanmar","01-561412, 01-565966",Yangon,active,,https://www.edge.com.mm/listing/thingangyun-b-e-h-s-1-l49083.html
MMR013014-BEHS02,Basic Education High School No. 2 Thingangyun (အမှတ် (2) အခြေခံပညာအထက်တန်းကျောင်း သင်္ဃန်းကျွန်း (အ.ထ.က 2 သင်္ဃန်းကျွန်း)),BEHS,Thingangyun,MMR013014,Yangon Region,MMR013,township,(Za-Gwel/North) Ward,"Pyi Tharyar St., (Za-Gwel/North) Ward,, Thingangyun Township, Yangon , Myanmar",01-565668,Yangon,active,,https://www.edge.com.mm/listing/thingangyun-b-e-h-s-2-l49084.html
MMR013014-BEHS03,Basic Education High School No. 3 Thingangyun (အမှတ် (3) အခြေခံပညာအထက်တန်းကျောင်း သင်္ဃန်းကျွန်း (အ.ထ.က 3 သင်္ဃန်းကျွန်း)),BEHS,Thingangyun,MMR013014,Yangon Region,MMR013,township,(Ga-Gyi) Ward,"U Ba Han St., (Ga-Gyi) Ward,, Thingangyun Township, Yangon , Myanmar",01-565182,Yangon,active,,https://www.edge.com.mm/listing/thingangyun-b-e-h-s-3-l49085.html
MMR013014-BEHS04,Basic Education High School No. 4 Thingangyun (အမှတ် (4) အခြေခံပညာအထက်တန်းကျောင်း သင်္ဃန်းကျွန်း (အ.ထ.က 4 သင်္ဃန်းကျွန်း)),BEHS,Thingangyun,MMR013014,Yangon Region,MMR013,township,Lay Daunt Kan Ward,"Pyi Daw Aye St., Lay Daunt Kan Ward,, Thingangyun Township, Yangon , Myanmar",01-577908,Yangon,active,,https://www.edge.com.mm/listing/thingangyun-b-e-h-s-4-l49086.html
MMR013014-BEHS05,Basic Education High School Thingangyun (အခြေခံပညာအထက်တန်းကျောင်း သင်္ဃန်းကျွန်း),BEHS,Thingangyun,MMR013014,Yangon Region,MMR013,township,Thuwana/25 Ward,"Than Thu Mar Rd., Thuwana/25 Ward,, Thingangyun Township, Yangon , Myanmar",01-563667,Yangon,active,,https://www.edge.com.mm/listing/thingangyun-b-e-h-s-thuwunna-l49090.html
MMR013014-BEMS01,Basic Education Middle School No. 1 Thingangyun (အမှတ် (1) အခြေခံပညာအလယ်တန်းကျောင်း သင်္ဃန်းကျွန်း (အ.လ.က 1 သင်္ဃန်းကျွန်း)),BEMS,Thingangyun,MMR013014,Yangon Region,MMR013,township,Nga Moe Yeik Ward,"Shwe Yee St., Nga Moe Yeik Ward,, Thingangyun Township, Yangon , Myanmar",01-562463,Yangon,active,,https://www.edge.com.mm/listing/thingangyun-b-e-m-s-1-l49113.html
MMR013014-BEMS02,Basic Education Middle School No. 2 Thingangyun (အမှတ် (2) အခြေခံပညာအလယ်တန်းကျောင်း သင်္ဃန်းကျွန်း (အ.လ.က 2 သင်္ဃန်းကျွန်း)),BEMS,Thingangyun,MMR013014,Yangon Region,MMR013,township,Thuwana/29 Ward,"Min Din St., Thuwana/29 Ward,, Thingangyun Township, Yangon , Myanmar",01-577876,Yangon,active,,https://www.edge.com.mm/listing/thingangyun-b-e-m-s-2-l49087.html
MMR013014-BEMS03,Basic Education Middle School No. 3 Thingangyun (အမှတ် (3) အခြေခံပညာအလယ်တန်းကျောင်း သင်္ဃန်းကျွန်း (အ.လ.က 3 သင်္ဃန်းကျွန်း)),BEMS,Thingangyun,MMR013014,Yangon Region,MMR013,township,Sel Thein Ward,"U San Phay St., Sel Thein Ward,, Thingangyun Township, Yangon , Myanmar","01-566136, 09-781967414",Yangon,active,,https://www.edge.com.mm/listing/thingangyun-b-e-m-s-3-l49088.html
MMR013014-BEMS04,Basic Education Middle School No. 4 Thingangyun (အမှတ် (4) အခြေခံပညာအလယ်တန်းကျောင်း သင်္ဃန်းကျွန်း (အ.လ.က 4 သင်္ဃန်းကျွန်း)),BEMS,Thingangyun,MMR013014,Yangon Region,MMR013,township,Ward (16/2),"Thu Dathana St., Ward (16/2),, Thingangyun Township, Yangon , Myanmar",01-565252,Yangon,active,,https://www.edge.com.mm/listing/thingangyun-b-e-m-s-4-l49089.html
MMR013014-BEMS05,Basic Education Middle School No. 5 Thingangyun (အမှတ် (5) အခြေခံပညာအလယ်တန်းကျောင်း သင်္ဃန်းကျွန်း (အ.လ.က 5 သင်္ဃန်းကျွန်း)),BEMS,Thingangyun,MMR013014,Yangon Region,MMR013,township,(Ka) Ward,"Zeya Thukha St., (Ka) Ward,, Thingangyun Township, Yangon , Myanmar",09-73054479,Yangon,active,,https://www.edge.com.mm/listing/thingangyun-b-e-m-s-5-l49117.html
MMR013014-BEMS06,Basic Education Middle School No. 6 Thingangyun (အမှတ် (6) အခြေခံပညာအလယ်တန်းကျောင်း သင်္ဃန်းကျွန်း (အ.လ.က 6 သင်္ဃန်းကျွန်း)),BEMS,Thingangyun,MMR013014,Yangon Region,MMR013,township,Thut Waing Gyee Ward,"Than Thu Mar Rd., Thut Waing Gyee Ward,, Thingangyun Township, Yangon , Myanmar",09-420149470,Yangon,active,,https://www.edge.com.mm/listing/thingangyun-b-e-m-s-6-l187909.html
MMR013014-BEPS10,Basic Education Primary School No. 10 Thingangyun (အမှတ် (10) အခြေခံပညာမူလတန်းကျောင်း သင်္ဃန်းကျွန်း (အ.မ.က 10 သင်္ဃန်းကျွန်း)),BEPS,Thingangyun,MMR013014,Yangon Region,MMR013,township,(Kha) Ward,"Aung Mingalar St., (Kha) Ward,, Thingangyun Township, Yangon , Myanmar",09-793445387,Yangon,active,,https://www.edge.com.mm/listing/thingangyun-b-e-p-s-10-l49123.html
MMR013014-BEPS11,Basic Education Primary School No. 11 Thingangyun (အမှတ် (11) အခြေခံပညာမူလတန်းကျောင်း သင်္ဃန်းကျွန်း (အ.မ.က 11 သင်္ဃန်းကျွန်း)),BEPS,Thingangyun,MMR013014,Yangon Region,MMR013,township,Mi Gyaung Kan Ward (3),"Aung Thukha St., Mi Gyaung Kan Ward (3),, Thingangyun Township, Yangon , Myanmar",09-421062510,Yangon,active,,https://www.edge.com.mm/listing/thingangyun-b-e-p-s-11-l49097.html
MMR013014-BEPS12,Basic Education Primary School No. 12 Thingangyun (အမှတ် (12) အခြေခံပညာမူလတန်းကျောင်း သင်္ဃန်းကျွန်း (အ.မ.က 12 သင်္ဃန်းကျွန်း)),BEPS,Thingangyun,MMR013014,Yangon Region,MMR013,township,Bank Yeik Thar Lane,"Bank Yeik Thar Lane, Bo Kan Nyunt Ward,, Thingangyun Township, Yangon , Myanmar","01-8563210, 09-31125691",Yangon,active,,https://www.edge.com.mm/listing/thingangyun-b-e-p-s-12-l49098.html
MMR013014-BEPS13,Basic Education Primary School No. 13 Thingangyun (အမှတ် (13) အခြေခံပညာမူလတန်းကျောင်း သင်္ဃန်းကျွန်း (အ.မ.က 13 သင်္ဃန်းကျွန်း)),BEPS,Thingangyun,MMR013014,Yangon Region,MMR013,township,(Nga/Ka) Ward,"Zar Wai Yar St., Co-op Shop Room, (Nga/Ka) Ward,, Thingangyun Township, Yangon , Myanmar","09-49348586, 09-450056163",Yangon,active,,https://www.edge.com.mm/listing/thingangyun-b-e-p-s-13-l49099.html
MMR013014-BEPS15,Basic Education Primary School No. 15 Thingangyun (အမှတ် (15) အခြေခံပညာမူလတန်းကျောင်း သင်္ဃန်းကျွန်း (အ.မ.က 15 သင်္ဃန်းကျွန်း)),BEPS,Thingangyun,MMR013014,Yangon Region,MMR013,township,Bawa Myint Ward,"Bawa Myint St., Corner of Yadanar Rd., Bawa Myint Ward,, Thingangyun Township, Yangon , Myanmar",09-791986400,Yangon,active,,https://www.edge.com.mm/listing/thingangyun-b-e-p-s-15-l49100.html
MMR013014-BEPS16,Basic Education Primary School No. 16 Thingangyun (အမှတ် (16) အခြေခံပညာမူလတန်းကျောင်း သင်္ဃန်းကျွန်း (အ.မ.က 16 သင်္ဃန်းကျွန်း)),BEPS,Thingangyun,MMR013014,Yangon Region,MMR013,township,Thuwana/29 Ward,"Kauk Lyin St., Thuwana/29 Ward,, Thingangyun Township, Yangon , Myanmar",09-402540479,Yangon,active,,https://www.edge.com.mm/listing/thingangyun-b-e-p-s-16-l49101.html
MMR013014-BEPS17,Basic Education Primary School No. 17 Thingangyun (အမှတ် (17) အခြေခံပညာမူလတန်းကျောင်း သင်္ဃန်းကျွန်း (အ.မ.က 17 သင်္ဃန်းကျွန်း)),BEPS,Thingangyun,MMR013014,Yangon Region,MMR013,township,Thuwana/24 Ward,"Yay Nant Thar St., Thuwana/24 Ward,, Thingangyun Township, Yangon , Myanmar",09-252153570,Yangon,active,,https://www.edge.com.mm/listing/thingangyun-b-e-p-s-17-l49102.html
MMR013014-BEPS18,Basic Education Primary School No. 18 Thingangyun (အမှတ် (18) အခြေခံပညာမူလတန်းကျောင်း သင်္ဃန်းကျွန်း (အ.မ.က 18 သင်္ဃန်းကျွန်း)),BEPS,Thingangyun,MMR013014,Yangon Region,MMR013,township,Lay Daunt Kan Ward,"Kan Taw St., Lay Daunt Kan Ward,, Thingangyun Township, Yangon , Myanmar","09-73004789, 09-798163534",Yangon,active,,https://www.edge.com.mm/listing/thingangyun-b-e-p-s-18-l49103.html
MMR013014-BEPS19,Basic Education Primary School No. 19 Thingangyun (အမှတ် (19) အခြေခံပညာမူလတန်းကျောင်း သင်္ဃန်းကျွန်း (အ.မ.က 19 သင်္ဃန်းကျွန်း)),BEPS,Thingangyun,MMR013014,Yangon Region,MMR013,township,(Ga-Gyi) Ward,"Loot Latt Yae St., (Ga-Gyi) Ward,, Thingangyun Township, Yangon , Myanmar",09-43136238,Yangon,active,,https://www.edge.com.mm/listing/thingangyun-b-e-p-s-19-l49104.html
MMR013014-BEPS20,Basic Education Primary School No. 20 Thingangyun (အမှတ် (20) အခြေခံပညာမူလတန်းကျောင်း သင်္ဃန်းကျွန်း (အ.မ.က 20 သင်္ဃန်းကျွန်း)),BEPS,Thingangyun,MMR013014,Yangon Region,MMR013,township,May Kha Housing,"May Kha Waddy Kyaung St., May Kha Housing,, Thingangyun Township, Yangon , Myanmar",09-450040849,Yangon,active,,https://www.edge.com.mm/listing/thingangyun-b-e-p-s-20-l49105.html
MMR013014-BEPS21,Basic Education Primary School No. 21 Thingangyun (အမှတ် (21) အခြေခံပညာမူလတန်းကျောင်း သင်္ဃန်းကျွန်း (အ.မ.က 21 သင်္ဃန်းကျွန်း)),BEPS,Thingangyun,MMR013014,Yangon Region,MMR013,township,Kyee Pwar Yay Ward,"Lay Daunt Kan Rd., Kyee Pwar Yay Ward,, Thingangyun Township, Yangon , Myanmar",09-5029995,Yangon,active,,https://www.edge.com.mm/listing/thingangyun-b-e-p-s-21-l49106.html
MMR013014-BEPS22,Basic Education Primary School No. 22 Thingangyun (အမှတ် (22) အခြေခံပညာမူလတန်းကျောင်း သင်္ဃန်းကျွန်း (အ.မ.က 22 သင်္ဃန်းကျွန်း)),BEPS,Thingangyun,MMR013014,Yangon Region,MMR013,township,U San Phay Ward,"Zabu Date St., Infront Of B.E.P.S (22), U San Phay Ward,, Thingangyun Township, Yangon , Myanmar",09-766400370,Yangon,active,,https://www.edge.com.mm/listing/thingangyun-b-e-p-s-22-l49107.html
MMR013014-BEPS23,Basic Education Primary School No. 23 Thingangyun (အမှတ် (23) အခြေခံပညာမူလတန်းကျောင်း သင်္ဃန်းကျွန်း (အ.မ.က 23 သင်္ဃန်းကျွန်း)),BEPS,Thingangyun,MMR013014,Yangon Region,MMR013,township,(Nga/Kha) Ward,"Pyi Htaung Su St., (Nga/Kha) Ward,, Thingangyun Township, Yangon , Myanmar",09-450018774,Yangon,active,,https://www.edge.com.mm/listing/thingangyun-b-e-p-s-23-l49108.html
MMR013014-BEPS24,Basic Education Primary School No. 24 Thingangyun (အမှတ် (24) အခြေခံပညာမူလတန်းကျောင်း သင်္ဃန်းကျွန်း (အ.မ.က 24 သင်္ဃန်းကျွန်း)),BEPS,Thingangyun,MMR013014,Yangon Region,MMR013,township,(Za-Gwel/South) Ward,"Lay Daunt Kan Rd., (Za-Gwel/South) Ward,, Thingangyun Township, Yangon , Myanmar",09-254982760,Yangon,active,,https://www.edge.com.mm/listing/thingangyun-b-e-p-s-24-l49109.html
MMR013014-BEPS25,Basic Education Primary School No. 25 Thingangyun (အမှတ် (25) အခြေခံပညာမူလတန်းကျောင်း သင်္ဃန်းကျွန်း (အ.မ.က 25 သင်္ဃန်းကျွန်း)),BEPS,Thingangyun,MMR013014,Yangon Region,MMR013,township,Sanpya Ward,"San Pya 5th St., Near Si Man Kain Bus Stop, Sanpya Ward,, Thingangyun Township, Yangon , Myanmar",09-420091699,Yangon,active,,https://www.edge.com.mm/listing/thingangyun-b-e-p-s-25-l49110.html
MMR013014-BEPS26,Basic Education Primary School No. 26 Thingangyun (အမှတ် (26) အခြေခံပညာမူလတန်းကျောင်း သင်္ဃန်းကျွန်း (အ.မ.က 26 သင်္ဃန်းကျွန်း)),BEPS,Thingangyun,MMR013014,Yangon Region,MMR013,township,(Ga-Nge) Ward,"Bawga Lane, (Ga-Nge) Ward,, Thingangyun Township, Yangon , Myanmar",09-31120113,Yangon,active,,https://www.edge.com.mm/listing/thingangyun-b-e-p-s-26-l49111.html
MMR013014-BEPS27,Basic Education Primary School No. 27 Thingangyun (အမှတ် (27) အခြေခံပညာမူလတန်းကျောင်း သင်္ဃန်းကျွန်း (အ.မ.က 27 သင်္ဃန်းကျွန်း)),BEPS,Thingangyun,MMR013014,Yangon Region,MMR013,township,Ward (16/3),"Thu Dathana St., Ward (16/3),, Thingangyun Township, Yangon , Myanmar",09-450024035,Yangon,active,,https://www.edge.com.mm/listing/thingangyun-b-e-p-s-27-l49112.html
MMR013014-BEPS29,Basic Education Primary School No. 29 Thingangyun (အမှတ် (29) အခြေခံပညာမူလတန်းကျောင်း သင်္ဃန်းကျွန်း (အ.မ.က 29 သင်္ဃန်းကျွန်း)),BEPS,Thingangyun,MMR013014,Yangon Region,MMR013,township,Ward (16/1),"Zawtika St., Near Ya-Ya-Ka Compound, Ward (16/1),, Thingangyun Township, Yangon , Myanmar",09-420144190,Yangon,active,,https://www.edge.com.mm/listing/thingangyun-b-e-p-s-29-l49125.html
MMR013014-BEPS02,Basic Education Primary School No. 2 Thingangyun (အမှတ် (2) အခြေခံပညာမူလတန်းကျောင်း သင်္ဃန်းကျွန်း (အ.မ.က 2 သင်္ဃန်းကျွန်း)),BEPS,Thingangyun,MMR013014,Yangon Region,MMR013,township,Kyaikkasan (West) Ward,"Kyauk Sar Taw Pagoda St., Kyaikkasan (West) Ward,, Thingangyun Township, Yangon , Myanmar",09-420086764,Yangon,active,,https://www.edge.com.mm/listing/thingangyun-b-e-p-s-2-l49115.html
MMR013014-BEPS30,Basic Education Primary School No. 30 Thingangyun (အမှတ် (30) အခြေခံပညာမူလတန်းကျောင်း သင်္ဃန်းကျွန်း (အ.မ.က 30 သင်္ဃန်းကျွန်း)),BEPS,Thingangyun,MMR013014,Yangon Region,MMR013,township,Aung Su Pan Ward,"Waizayantar Rd., Aung Su Pan Ward,, Thingangyun Township, Yangon , Myanmar",09-799407751,Yangon,active,,https://www.edge.com.mm/listing/thingangyun-b-e-p-s-30-l49126.html
MMR013014-BEPS31,Basic Education Primary School No. 31 Thingangyun (အမှတ် (31) အခြေခံပညာမူလတန်းကျောင်း သင်္ဃန်းကျွန်း (အ.မ.က 31 သင်္ဃန်းကျွန်း)),BEPS,Thingangyun,MMR013014,Yangon Region,MMR013,township,Thu Mingalar Housing,"Lay Daunt Kan Rd., Thu Mingalar Housing, Sel Thein Ward,, Thingangyun Township, Yangon , Myanmar",09-420094266,Yangon,active,,https://www.edge.com.mm/listing/thingangyun-b-e-p-s-31-l49127.html
MMR013014-BEPS32,Basic Education Primary School No. 32 Thingangyun (အမှတ် (32) အခြေခံပညာမူလတန်းကျောင်း သင်္ဃန်းကျွန်း (အ.မ.က 32 သင်္ဃန်းကျွန်း)),BEPS,Thingangyun,MMR013014,Yangon Region,MMR013,township,Yan Aung Ward,"Yan Nyein St., Yan Aung Ward,, Thingangyun Township, Yangon , Myanmar",09-43158509,Yangon,active,,https://www.edge.com.mm/listing/thingangyun-b-e-p-s-32-l49128.html
MMR013014-BEPS33,Basic Education Primary School No. 33 Thingangyun (အမှတ် (33) အခြေခံပညာမူလတန်းကျောင်း သင်္ဃန်းကျွန်း (အ.မ.က 33 သင်္ဃန်းကျွန်း)),BEPS,Thingangyun,MMR013014,Yangon Region,MMR013,township,Sel Thein Ward,"Thu Mingalar Rd., Sel Thein Ward,, Thingangyun Township, Yangon , Myanmar",09-43096819,Yangon,active,,https://www.edge.com.mm/listing/thingangyun-b-e-p-s-33-l94481.html
MMR013014-BEPS34,Basic Education Primary School No. 34 Thingangyun (အမှတ် (34) အခြေခံပညာမူလတန်းကျောင်း သင်္ဃန်းကျွန်း (အ.မ.က 34 သင်္ဃန်းကျွန်း)),BEPS,Thingangyun,MMR013014,Yangon Region,MMR013,township,Thuwana/29 Ward,"Shwe Wah St., Thuwana/29 Ward,, Thingangyun Township, Yangon , Myanmar",09-5062087,Yangon,active,,https://www.edge.com.mm/listing/thingangyun-b-e-p-s-34-l49129.html
MMR013014-BEPS35,Basic Education Primary School No. 35 Thingangyun (အမှတ် (35) အခြေခံပညာမူလတန်းကျောင်း သင်္ဃန်းကျွန်း (အ.မ.က 35 သင်္ဃန်းကျွန်း)),BEPS,Thingangyun,MMR013014,Yangon Region,MMR013,township,(Sa-Lein/Kha) Ward,"Mya Wut Yee St., (Sa-Lein/Kha) Ward,, Thingangyun Township, Yangon , Myanmar",09-769479073,Yangon,active,,https://www.edge.com.mm/listing/thingangyun-b-e-p-s-35-l49130.html
MMR013014-BEPS36,Basic Education Primary School No. 36 Thingangyun (အမှတ် (36) အခြေခံပညာမူလတန်းကျောင်း သင်္ဃန်းကျွန်း (အ.မ.က 36 သင်္ဃန်းကျွန်း)),BEPS,Thingangyun,MMR013014,Yangon Region,MMR013,township,Yangon Thit Ward,"Bayint Naung 10th St., Yangon Thit Ward,, Thingangyun Township, Yangon , Myanmar",09-448050920,Yangon,active,,https://www.edge.com.mm/listing/thingangyun-b-e-p-s-36-l49131.html
MMR013014-BEPS38,Basic Education Primary School No. 38 Thingangyun (အမှတ် (38) အခြေခံပညာမူလတန်းကျောင်း သင်္ဃန်းကျွန်း (အ.မ.က 38 သင်္ဃန်းကျွန်း)),BEPS,Thingangyun,MMR013014,Yangon Region,MMR013,township,(Za-Gwel/North) Ward,"Sel Taung Pyae Pagoda St., (Za-Gwel/North) Ward,, Thingangyun Township, Yangon , Myanmar","09-73052519, 09-31120116",Yangon,active,,https://www.edge.com.mm/listing/thingangyun-b-e-p-s-38-l49133.html
MMR013014-BEPS03,Basic Education Primary School No. 3 Thingangyun (အမှတ် (3) အခြေခံပညာမူလတန်းကျောင်း သင်္ဃန်းကျွန်း (အ.မ.က 3 သင်္ဃန်းကျွန်း)),BEPS,Thingangyun,MMR013014,Yangon Region,MMR013,township,Sanpya Ward,"Than Thu Mar Rd., Sanpya Ward,, Thingangyun Township, Yangon , Myanmar",09-420175072,Yangon,active,,https://www.edge.com.mm/listing/thingangyun-b-e-p-s-3-l49116.html
MMR013014-BEPS41,Basic Education Primary School No. 41 Thingangyun (အမှတ် (41) အခြေခံပညာမူလတန်းကျောင်း သင်္ဃန်းကျွန်း (အ.မ.က 41 သင်္ဃန်းကျွန်း)),BEPS,Thingangyun,MMR013014,Yangon Region,MMR013,township,Kant Kaw Yeik Thar St.,"Kant Kaw Yeik Thar St., Corner of Zawtika 1st St., Ward (16/4),, Thingangyun Township, Yangon , Myanmar",09-5396070,Yangon,active,,https://www.edge.com.mm/listing/thingangyun-b-e-p-s-41-l49134.html
MMR013014-BEPS42,Basic Education Primary School No. 42 Thingangyun (အမှတ် (42) အခြေခံပညာမူလတန်းကျောင်း သင်္ဃန်းကျွန်း (အ.မ.က 42 သင်္ဃန်းကျွန်း)),BEPS,Thingangyun,MMR013014,Yangon Region,MMR013,township,(Nga/Ka) Ward,"Zar Wai Yan St., (Nga/Ka) Ward,, Thingangyun Township, Yangon , Myanmar",09-420735443,Yangon,active,,https://www.edge.com.mm/listing/thingangyun-b-e-p-s-42-l49135.html
MMR013014-BEPS05,Basic Education Primary School No. 5 Thingangyun (အမှတ် (5) အခြေခံပညာမူလတန်းကျောင်း သင်္ဃန်းကျွန်း (အ.မ.က 5 သင်္ဃန်းကျွန်း)),BEPS,Thingangyun,MMR013014,Yangon Region,MMR013,township,Bawa Myint Ward,"Bawa Myint St., Corner of Nga Moe Yeik 3rd St., Bawa Myint Ward,, Thingangyun Township, Yangon , Myanmar",09-421097070,Yangon,active,,https://www.edge.com.mm/listing/thingangyun-b-e-p-s-5-l49118.html
MMR013014-BEPS06,Basic Education Primary School No. 6 Thingangyun (အမှတ် (6) အခြေခံပညာမူလတန်းကျောင်း သင်္ဃန်းကျွန်း (အ.မ.က 6 သင်္ဃန်းကျွန်း)),BEPS,Thingangyun,MMR013014,Yangon Region,MMR013,township,(Ka) Ward,"Aung Mingalar St., (Ka) Ward,, Thingangyun Township, Yangon , Myanmar",09-420170319,Yangon,active,,https://www.edge.com.mm/listing/thingangyun-b-e-p-s-6-l49119.html
MMR013014-BEPS07,Basic Education Primary School No. 7 Thingangyun (အမှတ် (7) အခြေခံပညာမူလတန်းကျောင်း သင်္ဃန်းကျွန်း (အ.မ.က 7 သင်္ဃန်းကျွန်း)),BEPS,Thingangyun,MMR013014,Yangon Region,MMR013,township,Yangon Thit Ward,"Bayint Naung 12th St., Yangon Thit Ward,, Thingangyun Township, Yangon , Myanmar",09-796232627,Yangon,active,,https://www.edge.com.mm/listing/thingangyun-b-e-p-s-7-l49120.html
MMR013014-BEPS08,Basic Education Primary School No. 8 Thingangyun (အမှတ် (8) အခြေခံပညာမူလတန်းကျောင်း သင်္ဃန်းကျွန်း (အ.မ.က 8 သင်္ဃန်းကျွန်း)),BEPS,Thingangyun,MMR013014,Yangon Region,MMR013,township,Zawana Ward,"Thiri Haymar St., Zawana Ward,, Thingangyun Township, Yangon , Myanmar","01-579916, 09-31120136",Yangon,active,,https://www.edge.com.mm/listing/thingangyun-b-e-p-s-8-l49121.html
MMR013014-BEPS09,Basic Education Primary School No. 9 Thingangyun (အမှတ် (9) အခြေခံပညာမူလတန်းကျောင်း သင်္ဃန်းကျွန်း (အ.မ.က 9 သင်္ဃန်းကျွန်း)),BEPS,Thingangyun,MMR013014,Yangon Region,MMR013,township,(Sa-Lein/Ka) Ward,"Thamadi St., (Sa-Lein/Ka) Ward,, Thingangyun Township, Yangon , Myanmar",09-448038175,Yangon,active,,https://www.edge.com.mm/listing/thingangyun-b-e-p-s-9-l49122.html
MMR007001-BEHS01-2,Basic Education High School No. 1 Bago (အမှတ် (1) အခြေခံပညာအထက်တန်းကျောင်း ပဲခူး (အ.ထ.က 1 ပဲခူး)),BEHS,Bago,MMR007001,Bago Region,MMR007,township,,"Yangon-Pyay Rd.,, Thone Sel, Bago , Myanmar",055-30002,Bago,active,,https://www.edge.com.mm/listing/thone-sel-b-e-h-s-1-l00255537.html
MMR013014-BEPS01,Basic Education Primary School Thingangyun (အခြေခံပညာမူလတန်းကျောင်း သင်္ဃန်းကျွန်း),BEPS,Thingangyun,MMR013014,Yangon Region,MMR013,township,Thuwana/25 Ward,"6, Sein Pann Myaing St., Thuwana/25 Ward,, Thingangyun Township, Yangon , Myanmar",09-420778089,Yangon,active,,https://www.edge.com.mm/listing/thuwunna-pre-primary-school-l48347.html
MMR013037-BEHS01,Basic Education High School Twantay (အခြေခံပညာအထက်တန်းကျောင်း တွံတေး),BEHS,Twantay,MMR013037,Yangon Region,MMR013,township,Ohn Pin Su Ward,"Shwe San Taw Pagoda Rd., Ohn Pin Su Ward,, Twantay Township, Yangon , Myanmar",045-59475,Yangon,active,,https://www.edge.com.mm/listing/toun-tae-b-e-h-s-l00252780.html
MMR013020-PV04,V.E.M.C [Value Myanmar],PV,Thanlyin,MMR013020,Yangon Region,MMR013,township,Ah Hmu Htan Ward,"19, Kyaik Khauk Pagoda Rd., Ah Hmu Htan Ward,, Than Lyin Township, Yangon , Myanmar",,Yangon,active,,https://www.edge.com.mm/listing/v-e-m-c-value-myanmar-l00261767.html
MMR007012-BEHS01,Basic Education High School Waw (အခြေခံပညာအထက်တန်းကျောင်း ဝေါ),BEHS,Waw,MMR007012,Bago Region,MMR007,township,Aye Chan Thar Yar Ward,"Min Rd., Aye Chan Thar Yar Ward,, Waw Township, Bago , Myanmar",052-75315,Bago,active,,https://www.edge.com.mm/listing/waw-b-e-h-s-l00253027.html
MMR007012-BEHS02,Basic Education High School Waw (အခြေခံပညာအထက်တန်းကျောင်း ဝေါ),BEHS,Waw,MMR007012,Bago Region,MMR007,township,Myit Kyoe Village,"Myit Kyoe Village,, Waw Township, Bago , Myanmar",09-49451855,Bago,active,,https://www.edge.com.mm/listing/waw-b-e-h-s-myit-kyoe-l00253033.html
MMR007012-BEHS03,Basic Education High School Waw (အခြေခံပညာအထက်တန်းကျောင်း ဝေါ),BEHS,Waw,MMR007012,Bago Region,MMR007,township,Thu Ye Thamain Village,"Thu Ye Thamain Village,, Waw Township, Bago , Myanmar",09-428139971,Bago,active,,https://www.edge.com.mm/listing/waw-b-e-h-s-thu-ye-thamain-l00253039.html
MMR009004-INTL01,YMCA Pre School [Aung Pin Lel],INTL,Chanmyathazi,MMR009004,Mandalay Region,MMR009,township,,"54 St., Between Ywar Lail St. and 104th St. [Ahnawrahta St.], Aung Pin Lair,, Chan Mya Tharsi Township, Mandalay , Myanmar",09-896504465,Mandalay,active,,https://www.edge.com.mm/listing/ymca-pre-school-aung-pin-lel-u25249191.html
MMR009001-PV05,YMCA Pre-School No [4],PV,Aungmyethazan,MMR009001,Mandalay Region,MMR009,township,,"23rd St., Between 86th St. and 87th St., Thiri Marlar East,, Aung Myay Thar Zan Township, Mandalay , Myanmar","09-43134449, 09-402617082",Mandalay,active,,https://www.edge.com.mm/listing/ymca-pre-school-no-4-u248491.html
MMR010008-BEHS01,Basic Education High School No. 1 Ye (အမှတ် (1) အခြေခံပညာအထက်တန်းကျောင်း ရေး (အ.ထ.က 1 ရေး)),BEHS,Ye,MMR010008,Mon State,MMR010,township,Yan Gyi Aung Ward,"Bogyoke Rd., Yan Gyi Aung Ward,, Yae Township, Mon State , Myanmar",057-50218,Mon State,active,,https://www.edge.com.mm/listing/yae-b-e-h-s-1-l00253421.html
MMR010008-BEHS02,Basic Education High School No. 2 Ye (အမှတ် (2) အခြေခံပညာအထက်တန်းကျောင်း ရေး (အ.ထ.က 2 ရေး)),BEHS,Ye,MMR010008,Mon State,MMR010,township,Aung Mingalar Ward,"Aung Mingalar Ward,, Yae Township, Mon State , Myanmar",057-50167,Mon State,active,,https://www.edge.com.mm/listing/yae-b-e-h-s-2-l00253424.html
MMR011006-BEHS01,Basic Education High School No. 1 Ramree (အမှတ် (1) အခြေခံပညာအထက်တန်းကျောင်း ရမ်းဗြဲ (အ.ထ.က 1 ရမ်းဗြဲ)),BEHS,Ramree,MMR011006,Rakhine State,MMR011,township,Ward (3),"3 Phyet St., Ward (3),, Ramree Township, Rakhine State , Myanmar",09-49516312,Rakhine State,active,,https://www.edge.com.mm/listing/yanbye-b-e-h-s-1-l00280981.html
MMR011006-BEHS02,Basic Education High School No. 2 Ramree (အမှတ် (2) အခြေခံပညာအထက်တန်းကျောင်း ရမ်းဗြဲ (အ.ထ.က 2 ရမ်းဗြဲ)),BEHS,Ramree,MMR011006,Rakhine State,MMR011,township,Ward (5),"U Mya Wah St., Ward (5),, Ramree Township, Rakhine State , Myanmar",09-250765499,Rakhine State,active,,https://www.edge.com.mm/listing/yanbye-b-e-h-s-2-l00280932.html
MMR013009-BEHS01,Basic Education High School No. 1 Yankin (အမှတ် (1) အခြေခံပညာအထက်တန်းကျောင်း ရန်ကင်း (အ.ထ.က 1 ရန်ကင်း)),BEHS,Yankin,MMR013009,Yangon Region,MMR013,township,Ward (4),"Yankin Rd., Ward (4),, Yankin Township, Yangon , Myanmar","01-557506, 09-5160027",Yangon,active,,https://www.edge.com.mm/listing/yankin-b-e-h-s-1-l44698.html
MMR013009-BEHS02,Basic Education High School No. 2 Yankin (အမှတ် (2) အခြေခံပညာအထက်တန်းကျောင်း ရန်ကင်း (အ.ထ.က 2 ရန်ကင်း)),BEHS,Yankin,MMR013009,Yangon Region,MMR013,township,Ward (14),"4, Thamardi St., Kyauk Kone, Ward (14),, Yankin Township, Yangon , Myanmar",01-562967,Yangon,active,,https://www.edge.com.mm/listing/yankin-b-e-h-s-2-l44699.html
MMR013009-BEMS02,Basic Education Middle School No. 2 Yankin (အမှတ် (2) အခြေခံပညာအလယ်တန်းကျောင်း ရန်ကင်း (အ.လ.က 2 ရန်ကင်း)),BEMS,Yankin,MMR013009,Yangon Region,MMR013,township,Ward (14),"Maggin St., Ward (14),, Yankin Township, Yangon , Myanmar",01-566984,Yangon,active,,https://www.edge.com.mm/listing/yankin-b-e-m-s-2-l00332081.html
MMR013009-BEMS03,Basic Education Middle School No. 3 Yankin (အမှတ် (3) အခြေခံပညာအလယ်တန်းကျောင်း ရန်ကင်း (အ.လ.က 3 ရန်ကင်း)),BEMS,Yankin,MMR013009,Yangon Region,MMR013,township,Ward (12),"Kanbei Butar Yon Rd., Ward (12),, Yankin Township, Yangon , Myanmar",09-73019499,Yangon,active,,https://www.edge.com.mm/listing/yankin-b-e-m-s-3-l44708.html
MMR013009-BEMS04,Basic Education Middle School No. 4 Yankin (အမှတ် (4) အခြေခံပညာအလယ်တန်းကျောင်း ရန်ကင်း (အ.လ.က 4 ရန်ကင်း)),BEMS,Yankin,MMR013009,Yangon Region,MMR013,township,Ward (16),"Marlar Myaing St., Bauk Htaw, Ward (16),, Yankin Township, Yangon , Myanmar",01-553673,Yangon,active,,https://www.edge.com.mm/listing/yankin-b-e-m-s-4-l44702.html
MMR013009-BEMS-BR04,Basic Education Middle School (Branch) No. 4 Yankin (အမှတ် (4) အခြေခံပညာအလယ်တန်းကျောင်း (ခွဲ) ရန်ကင်း (အ.လ.က (ခွဲ) 4 ရန်ကင်း)),BEMS-BR,Yankin,MMR013009,Yangon Region,MMR013,township,Ward (15),"Moe Kaung Pagoda St., Near Defense Services Record Off. Compound, Ward (15),, Yankin Township, Yangon , Myanmar",09-73017625,Yangon,active,,https://www.edge.com.mm/listing/yankin-b-e-m-s-4-branch-l00332091.html
MMR013009-BEMS05,Basic Education Middle School No. 5 Yankin (အမှတ် (5) အခြေခံပညာအလယ်တန်းကျောင်း ရန်ကင်း (အ.လ.က 5 ရန်ကင်း)),BEMS,Yankin,MMR013009,Yangon Region,MMR013,township,Ward (3),"Yan Shin St., Ward (3),, Yankin Township, Yangon , Myanmar","09-445339109, 01-554817",Yangon,active,,https://www.edge.com.mm/listing/yankin-b-e-m-s-5-l44703.html
MMR013009-BEMS06,Basic Education Middle School No. 6 Yankin (အမှတ် (6) အခြေခံပညာအလယ်တန်းကျောင်း ရန်ကင်း (အ.လ.က 6 ရန်ကင်း)),BEMS,Yankin,MMR013009,Yangon Region,MMR013,township,Ward (16),"North Race Course Rd., Kyaikkasan Police Avenue Compound, Ward (16),, Yankin Township, Yangon , Myanmar",09-422368177,Yangon,active,,https://www.edge.com.mm/listing/yankin-b-e-m-s-6-l44704.html
MMR013009-BEMS07,Basic Education Middle School No. 7 Yankin (အမှတ် (7) အခြေခံပညာအလယ်တန်းကျောင်း ရန်ကင်း (အ.လ.က 7 ရန်ကင်း)),BEMS,Yankin,MMR013009,Yangon Region,MMR013,township,Ward (7),"Kaba Aye Pagoda Rd., Ward (7),, Yankin Township, Yangon , Myanmar",09-785038254,Yangon,active,,https://www.edge.com.mm/listing/yankin-b-e-m-s-7-l44705.html
MMR013009-BEPS10,Basic Education Primary School No. 10 Yankin (အမှတ် (10) အခြေခံပညာမူလတန်းကျောင်း ရန်ကင်း (အ.မ.က 10 ရန်ကင်း)),BEPS,Yankin,MMR013009,Yangon Region,MMR013,township,Ward (12),"Thitsar Rd., Than Lan, Ward (12),, Yankin Township, Yangon , Myanmar",09-425030718,Yangon,active,,https://www.edge.com.mm/listing/yankin-b-e-p-s-10-l00332089.html
MMR013009-BEPS12,Basic Education Primary School No. 12 Yankin (အမှတ် (12) အခြေခံပညာမူလတန်းကျောင်း ရန်ကင်း (အ.မ.က 12 ရန်ကင်း)),BEPS,Yankin,MMR013009,Yangon Region,MMR013,township,Ward (2),"Yankin Rd., Near Day Care Centre Compound, Ward (2),, Yankin Township, Yangon , Myanmar",09-442665540,Yangon,active,,https://www.edge.com.mm/listing/yankin-b-e-p-s-12-l44718.html
MMR013009-BEPS13,Basic Education Primary School No. 13 Yankin (အမှတ် (13) အခြေခံပညာမူလတန်းကျောင်း ရန်ကင်း (အ.မ.က 13 ရန်ကင်း)),BEPS,Yankin,MMR013009,Yangon Region,MMR013,township,Ward (5),"Pyin Nyar Waddy St., Ward (5),, Yankin Township, Yangon , Myanmar",09-73032844,Yangon,active,,https://www.edge.com.mm/listing/yankin-b-e-p-s-13-l44719.html
MMR013009-BEPS14,Basic Education Primary School No. 14 Yankin (အမှတ် (14) အခြေခံပညာမူလတန်းကျောင်း ရန်ကင်း (အ.မ.က 14 ရန်ကင်း)),BEPS,Yankin,MMR013009,Yangon Region,MMR013,township,Ward (16),"6/8, Wun Min St., Bauk Htaw, Ward (16),, Yankin Township, Yangon , Myanmar",09-450750157,Yangon,active,,https://www.edge.com.mm/listing/yankin-b-e-p-s-14-l44720.html
MMR013009-BEPS15,Basic Education Primary School No. 15 Yankin (အမှတ် (15) အခြေခံပညာမူလတန်းကျောင်း ရန်ကင်း (အ.မ.က 15 ရန်ကင်း)),BEPS,Yankin,MMR013009,Yangon Region,MMR013,township,Ward (9),"Khwar Nyo St., Ward (9),, Yankin Township, Yangon , Myanmar",09-250278622,Yangon,active,,https://www.edge.com.mm/listing/yankin-b-e-p-s-15-l44721.html
MMR013009-BEPS02,Basic Education Primary School No. 2 Yankin (အမှတ် (2) အခြေခံပညာမူလတန်းကျောင်း ရန်ကင်း (အ.မ.က 2 ရန်ကင်း)),BEPS,Yankin,MMR013009,Yangon Region,MMR013,township,Ward (13),"Maggin St., Corner of Dhamar Yone St., Ward (13),, Yankin Township, Yangon , Myanmar",09-450003799,Yangon,active,,https://www.edge.com.mm/listing/yankin-b-e-p-s-2-l44710.html
MMR013009-BEPS05,Basic Education Primary School No. 5 Yankin (အမှတ် (5) အခြေခံပညာမူလတန်းကျောင်း ရန်ကင်း (အ.မ.က 5 ရန်ကင်း)),BEPS,Yankin,MMR013009,Yangon Region,MMR013,township,Ward (8),"Hnin Si St., Parami Ave:, Ward (8),, Yankin Township, Yangon , Myanmar",09-448005309,Yangon,active,,https://www.edge.com.mm/listing/yankin-b-e-p-s-5-l00332088.html
MMR013009-BEPS07,Basic Education Primary School No. 7 Yankin (အမှတ် (7) အခြေခံပညာမူလတန်းကျောင်း ရန်ကင်း (အ.မ.က 7 ရန်ကင်း)),BEPS,Yankin,MMR013009,Yangon Region,MMR013,township,Ward (14),"10, Anawrahta St., Corner of Ariya Maggin St., Ward (14),, Yankin Township, Yangon , Myanmar",09-780163789,Yangon,active,,https://www.edge.com.mm/listing/yankin-b-e-p-s-7-l44713.html
MMR013009-BEPS09,Basic Education Primary School No. 9 Yankin (အမှတ် (9) အခြေခံပညာမူလတန်းကျောင်း ရန်ကင်း (အ.မ.က 9 ရန်ကင်း)),BEPS,Yankin,MMR013009,Yangon Region,MMR013,township,Ward (16),"Tharyar Shwe Pyi St., Ward (16),, Yankin Township, Yangon , Myanmar",09-796837682,Yangon,active,,https://www.edge.com.mm/listing/yankin-b-e-p-s-9-l44715.html
MMR013009-BEPS01,Basic Education Primary School Yankin (အခြေခံပညာမူလတန်းကျောင်း ရန်ကင်း),BEPS,Yankin,MMR013009,Yangon Region,MMR013,township,Ward (2),"Yankin Rd., Corner of Yan Aung 7th St., Ward (2),, Yankin Township, Yangon , Myanmar","09-791855260, 09-421094991",Yangon,active,,https://www.edge.com.mm/listing/yankin-pre-primary-school-l00329740.html
MMR013009-PV01,Yankin TTC,PV,Yankin,MMR013009,Yangon Region,MMR013,township,Ward (11),"Thitsar Rd., Yankin Education College, Ward (11),, Yankin Township, Yangon , Myanmar","01-577072, 09-420055619",Yangon,active,,https://www.edge.com.mm/listing/yankin-ttc-l00332077.html
MMR007013-BEHS01,Basic Education High School Yedashe (အခြေခံပညာအထက်တန်းကျောင်း ရေတာရှည်),BEHS,Yedashe,MMR007013,Bago Region,MMR007,township,Ward(3),"Yangon-Mandalay Rd., Ward(3),, Yay Tar Shay Township, Bago , Myanmar","054-80004, 09-966060405",Bago,active,,https://www.edge.com.mm/listing/yay-tar-shay-b-e-h-s-l00254833.html
MMR007013-BEHS02,Basic Education High School Yedashe (အခြေခံပညာအထက်တန်းကျောင်း ရေတာရှည်),BEHS,Yedashe,MMR007013,Bago Region,MMR007,township,,"Yangon-Mandalay Rd.,, Yay Tar Shay Township, Bago , Myanmar",054-70014,Bago,active,,https://www.edge.com.mm/listing/yay-tar-shay-b-e-h-s-swar-l00254827.html
MMR007013-BEHS03,Basic Education High School Yedashe (အခြေခံပညာအထက်တန်းကျောင်း ရေတာရှည်),BEHS,Yedashe,MMR007013,Bago Region,MMR007,township,,"Yangon-Mandalay Rd.,, Yay Tar Shay Township, Bago , Myanmar",09-49435300,Bago,active,,https://www.edge.com.mm/listing/yay-tar-shay-b-e-h-s-tha-ga-ya-l00254830.html
MMR018001-BEMS03,Basic Education Middle School No. 3 Zabuthiri (အမှတ် (3) အခြေခံပညာအလယ်တန်းကျောင်း ဇမ္ဗူသီရိ (အ.လ.က 3 ဇမ္ဗူသီရိ)),BEMS,Zabuthiri,MMR018001,Nay Pyi Taw Union Territory,MMR018,township,,"Zabu Thapyay St., Thapyay Kone,, Zabu Thiri Township, Nay Pyi Taw , Myanmar",067-414307,Nay Pyi Taw,active,,https://www.edge.com.mm/listing/zabu-thiri-b-e-m-s-3-l45181.html
MMR018001-BEPS140,Basic Education Primary School No. 140 Zabuthiri (အမှတ် (140) အခြေခံပညာမူလတန်းကျောင်း ဇမ္ဗူသီရိ (အ.မ.က 140 ဇမ္ဗူသီရိ)),BEPS,Zabuthiri,MMR018001,Nay Pyi Taw Union Territory,MMR018,township,Aung Zabyu Ward,"Pyin Ma Nar-Taung Nyo Rd., Lat Pan Khar Hla Bus Stop, Aung Zabyu Ward,, Zabu Thiri Township, Nay Pyi Taw , Myanmar",,Nay Pyi Taw,active,,https://www.edge.com.mm/listing/zabu-thiri-b-e-p-s-140-l45370.html
